id,company,title,ats,country,sponsorship_status,posted_at,litos_first_seen_at,first_seen,last_seen
000158f1-c9b6-4747-8962-537b068c1143,Pipeline Gurus,BUE Technology Sales Internship - Guru Sales Academy,workable,non_us,unstated,2026-04-06T00:00:00.000Z,2026-08-31T20:43:52.129Z,2026-09-29,2026-09-29
000e39b8-f5e8-4c7a-8b47-e0a080305b0b,Retail Insights,B2B marketing internship (Danish Speaker),greenhouse,non_us,unstated,2026-08-28T05:15:04.000Z,2026-09-08T02:41:43.604Z,2026-09-29,2026-09-29
001a5982-c439-4f8e-8c31-0c3700540a03,Deutsche Stiftung für Engagement und Ehrenamt,Werkstudent:in Beratung & Bildung (m/w/d),recruitee,non_us,unstated,2026-09-07T08:15:44.000Z,2026-09-07T08:55:26.690Z,2026-09-29,2026-09-29
001ebfd0-a97f-4877-9018-645de65ca861,Zipline,Aircraft Software Integration Intern (Summer 2027),greenhouse,us,unstated,2026-09-17T17:05:10.000Z,2026-09-19T08:08:31.082Z,2026-09-29,2026-09-29
0032c5c6-0b4b-47cf-baf9-75097b8d7aa3,Zipline,Launch & Scale Intern (Summer 2027),greenhouse,us,refuses,2026-09-17T17:05:10.000Z,2026-09-19T08:08:31.082Z,2026-09-29,2026-09-29
0032ddb4-62b3-437d-a958-193870fb3534,Theras,Tirocinio in Theras - Area R&D e Open Innovation,recruitee,non_us,unstated,2026-07-13T14:58:38.000Z,2026-08-31T05:18:22.843Z,2026-09-29,2026-09-29
004966fe-234d-4f54-bac9-fbbe992bfc5d,Zipline,Quality & Manufacturing Intern (Fall 2026),greenhouse,us,unstated,2026-09-17T17:05:10.000Z,2026-09-19T08:08:31.082Z,2026-09-29,2026-09-29
007a1619-15ef-41c9-82fb-faa6431d5d28,A. de Jong Groep,KAM Stagiair HBO,recruitee,non_us,unstated,2026-07-08T10:22:16.000Z,2026-08-31T04:04:21.940Z,2026-09-29,2026-09-29
0082bd01-62a5-44d6-8182-7302237e60f4,Jackson Thornton,Spring 2027 Tax Internship,greenhouse,us,unstated,2026-09-14T21:32:07.000Z,2026-09-20T22:21:05.546Z,2026-09-29,2026-09-29
008f2b59-9f98-456e-a580-dd25fe9c5731,Bunge Magdeburg GmbH,Initiativbewerbung Werkstudenten (m/w/d) und Praktikum,recruitee,non_us,unstated,2025-01-09T07:46:57.000Z,2026-08-31T04:09:37.076Z,2026-09-29,2026-09-29
0091ea39-6809-46dc-a0ce-591f7ab0a384,Inizio Ignite | Putnam,Summer Associate Consultant (US) – 2027 Internship Program,greenhouse,us,unstated,2026-08-24T12:54:09.000Z,2026-08-31T16:29:21.118Z,2026-09-29,2026-09-29
009db353-a6ae-4f9c-93d6-20b19f898874,Monday Merch,Purchasing / Buying | Internship 2027 | Fast growing scale-up | Rotterdam,recruitee,non_us,unstated,2026-07-15T07:27:08.000Z,2026-08-31T04:28:35.756Z,2026-09-29,2026-09-29
00f04e34-b4dd-48fa-a101-2be883d80402,VIRO Group,Afstudeerstage: Engineer Werktuigbouwkunde,recruitee,non_us,unstated,2024-07-18T10:51:59.000Z,2026-09-02T23:02:56.839Z,2026-09-29,2026-09-29
011fc7d0-f824-4203-9499-6b6b886d1dbf,CFO Insights,6 months internship (Danish Speaker),greenhouse,non_us,unstated,2026-08-28T05:15:03.000Z,2026-09-17T14:33:08.074Z,2026-09-29,2026-09-29
01233c0f-cf11-4fcf-9cfa-20d43602d615,Porsche Asia Pacific,Intern Human Resources,workable,non_us,unstated,2026-09-23T00:00:00.000Z,2026-09-25T16:20:22.062Z,2026-09-29,2026-09-29
013c1b88-74ab-4109-89f5-80614888e96b,AlphaSights,"Summer Associate, Client Service, Japanese Speaker, 2027",greenhouse,non_us,unstated,2026-08-16T23:51:53.000Z,2026-09-15T09:26:29.832Z,2026-09-29,2026-09-29
013e2957-1f83-48b6-b0a5-eac575b2b53c,Gérard Bertrand,CANDIDATURE SPONTANEE – STAGES / ALTERNANCES,recruitee,non_us,unstated,2026-03-06T11:35:22.000Z,2026-08-31T04:17:19.032Z,2026-09-29,2026-09-29
0156b970-c938-4456-8c98-3e0b8a4c9d7c,"SSC Advisors, Inc.",Tax Intern,workable,us,unstated,2026-09-01T00:00:00.000Z,2026-09-01T21:30:34.644Z,2026-09-29,2026-09-29
017558ba-f27f-4dd3-8231-ac9351511485,Porsche Asia Pacific,Intern Aftersales,workable,non_us,unstated,2026-08-06T00:00:00.000Z,2026-08-31T16:32:22.172Z,2026-09-29,2026-09-29
0199577a-54bf-4399-b8cc-62eef628cd7c,Technomar Shipping Inc.,Internships,recruitee,non_us,unstated,2025-06-20T08:44:56.000Z,2026-08-31T05:18:21.110Z,2026-09-29,2026-09-29
01a0e6b8-a0d9-42f8-a98e-7f436eedb295,Holzland Becker,Werkstudent (w/m/d) Grafikdesign / Mediendesign,recruitee,non_us,unstated,2026-07-20T07:20:42.000Z,2026-08-31T04:20:07.861Z,2026-09-29,2026-09-29
01a14426-9f10-47c6-8b20-ba5c74996edb,Pixlr Group,Internship - Partnership & Event,workable,unknown,unstated,2026-06-12T00:00:00.000Z,2026-08-31T21:34:01.539Z,2026-09-29,2026-09-29
01b390a3-cbe1-4c05-95ca-ea8a43d5820a,Coretek Services,AI & Automation Development Intern,workable,us,unstated,2026-09-08T00:00:00.000Z,2026-09-08T17:32:08.423Z,2026-09-29,2026-09-29
01cb94f3-5ae1-403f-9cb7-6ee891a12894,Die Grenze BV,Stage/BBL Winterswijk Oost,recruitee,non_us,unstated,2024-10-21T10:06:22.000Z,2026-08-31T04:12:20.250Z,2026-09-29,2026-09-29
01debc8f-1f60-4091-8bb9-605abde89e33,moomoo,Retail Operations Intern,workable,non_us,unstated,2026-04-07T00:00:00.000Z,2026-08-31T20:25:01.743Z,2026-09-29,2026-09-29
01f3a243-18a0-4cbc-8849-8d80258a4543,Odyssey Hotel Group,Legal Intern,recruitee,non_us,unstated,2026-09-29T13:06:44.000Z,2026-09-29T17:06:29.587Z,2026-09-29,2026-09-29
01fa81ff-ab06-4833-9b0f-700f7385c82b,Hotel TwentySeven,Stagiair(e) Duty Manager,recruitee,non_us,unstated,2026-09-11T13:24:00.000Z,2026-09-11T21:26:05.571Z,2026-09-29,2026-09-29
01ff7030-5d45-489c-bbf4-04e5982b9d7d,1GLOBAL,Systems Operations Intern,workable,non_us,unstated,2026-07-23T00:00:00.000Z,2026-08-31T04:04:46.748Z,2026-09-29,2026-09-29
022911ff-b1df-436e-823f-f5dd0e62dae4,KULT | OLYMP & HADES,Werkstudent (m/w/d) im Verkauf Mode und Bekleidung,recruitee,non_us,unstated,2026-08-26T13:48:43.000Z,2026-08-31T13:37:25.167Z,2026-09-29,2026-09-29
023cbbf9-589d-467f-b00e-6560e7c5f1a2,Rentokil Initial,service to Sales Intern- pest control and hygiene Tanzania,workable,unknown,unstated,2026-03-05T00:00:00.000Z,2026-08-31T20:46:02.511Z,2026-09-29,2026-09-29
02a6b0a5-667c-4425-b7f3-6b4cd7b20db6,Neuralink,"Mechanical Engineering Intern, Robotics and Surgery Engineering",greenhouse,us,unstated,2026-09-25T01:18:21.000Z,2026-09-08T00:24:09.614Z,2026-09-29,2026-09-29
02e02c40-943b-4b2e-906e-0c7b1043fa67,General Matter,Summer 2027 Internship - Mechanical Engineering (HVAC),greenhouse,us,unstated,2026-09-21T23:44:18.000Z,2026-09-19T13:54:56.300Z,2026-09-29,2026-09-29
02e950d9-6e95-4eae-b2f6-2480be55b901,Boggi Milano,Facility & Maintenance Specialist,recruitee,non_us,unstated,2026-09-08T07:01:52.000Z,2026-09-08T09:13:00.327Z,2026-09-29,2026-09-29
030efe6d-3ed8-4772-8eca-e4f25efdddb5,Angkas,Content Production Intern,workable,non_us,unstated,2026-07-29T00:00:00.000Z,2026-08-31T04:10:01.002Z,2026-09-29,2026-09-29
03168d73-7778-42d9-9db2-75fcc471c5a8,Syntho,Business Development Intern,recruitee,non_us,unstated,2026-09-01T08:08:30.000Z,2026-09-01T19:47:27.157Z,2026-09-29,2026-09-29
0344dec6-d59d-4bcd-979b-a05a88c9d91e,cbs Corporate Business Solutions GmbH,Werkstudent - AI Manager Support (m/w/d),recruitee,non_us,unstated,2026-07-08T15:05:07.000Z,2026-08-31T04:09:44.416Z,2026-09-29,2026-09-29
034fe6b7-c2a9-4f7d-ae64-82a8bb2bf4cc,Zipline,Aerodynamics Intern (Spring 2027),greenhouse,us,unstated,2026-09-17T17:05:10.000Z,2026-09-19T08:08:31.082Z,2026-09-29,2026-09-29
036a9f10-6056-4d9b-96e7-7ff6ffdc4191,DOF,Programa de Estágio Afirmativo - Pessoas com Deficiência,workable,non_us,unstated,2026-03-30T00:00:00.000Z,2026-08-31T04:28:21.012Z,2026-09-29,2026-09-29
036f7ed7-8271-4110-9fe7-3a88931bc1b0,Third Bridge,"Associate Intern, Client Services- Japanese Speaker (2028 Graduate)",greenhouse,non_us,unstated,2026-07-17T08:41:03.000Z,2026-09-28T15:39:44.022Z,2026-09-29,2026-09-29
0379bf33-2f2c-4081-b40c-fff8546cdf1d,Friday Recruitment,Stage of Afstudeerstage ICT,recruitee,non_us,unstated,2026-09-03T16:55:07.000Z,2026-09-03T18:25:13.364Z,2026-09-29,2026-09-29
03bf5594-39bc-4beb-9ad2-ba5674949e94,Kodiak Solutions,Kodiak Intern Summer 2027,greenhouse,unknown,unstated,2026-09-03T16:45:01.000Z,2026-09-03T19:07:13.009Z,2026-09-29,2026-09-29
03e1bc0b-4205-4f6f-861e-a1e3890bd5cd,"Peak Retirement Planning, Inc.",Accounting Intern,recruitee,us,unstated,2026-09-08T15:29:36.000Z,2026-09-08T18:18:03.505Z,2026-09-29,2026-09-29
03e7282c-16e5-4b43-b577-1c27e4c395a5,Ginmon GmbH,Werkstudent Digital Marketing & Content Creation (m/w/d),recruitee,non_us,unstated,2026-09-28T11:22:24.000Z,2026-09-29T14:45:26.601Z,2026-09-29,2026-09-29
03eb3d06-7601-4654-b762-0118f9b134be,Movares,MBO meewerkstage weg- en waterbouw,recruitee,non_us,unstated,2026-03-11T15:09:28.000Z,2026-08-31T04:28:33.818Z,2026-09-29,2026-09-29
04038963-3b6c-42c5-98d0-f911ab9b3bda,Energize Colleges,Campus Sustainability & Energy Intern,greenhouse,us,unstated,2026-09-10T05:00:58.000Z,2026-09-19T07:40:08.709Z,2026-09-29,2026-09-29
04213d58-5b16-4bb9-95e6-4b2e46e42b09,Zipline,Data Analytics Intern (Summer 2027),greenhouse,us,refuses,2026-09-17T17:05:10.000Z,2026-09-19T08:08:31.082Z,2026-09-29,2026-09-29
045fd1e8-4743-45ef-91e8-3cad6f3e3ead,Direct Result DE,Werkstudent in Sales (m/w/d),recruitee,non_us,unstated,2025-08-20T17:27:09.000Z,2026-09-02T17:28:35.162Z,2026-09-29,2026-09-29
048b1874-11cb-4b43-9b71-4af05e257cb4,HealthCorps,Marketing and Communications Intern,workable,us,unstated,2026-07-13T00:00:00.000Z,2026-08-31T13:39:42.527Z,2026-09-29,2026-09-29
04a60110-8c38-47b6-8fa6-340a7304fc76,Luminance,AI Engineering Intern,workable,non_us,unstated,2025-06-06T00:00:00.000Z,2026-08-31T16:31:23.773Z,2026-09-29,2026-09-29
04ac51f9-f4c5-4acc-a92f-36c2e1924693,KINEXON,Internship Product Management & AI Automation,greenhouse,non_us,unstated,2026-08-12T09:45:53.000Z,2026-09-21T00:29:28.215Z,2026-09-29,2026-09-29
04b0e0b5-78e0-46e5-97a8-d29c4596c87c,Zipline,Mechanical Engineer Intern (Spring 2027),greenhouse,us,unstated,2026-09-17T17:05:10.000Z,2026-09-19T08:08:31.082Z,2026-09-29,2026-09-29
04e90ed3-b087-482f-8587-cf332ecd065a,Consigli Construction,Field Operations Co-op (Spring 2027),workable,us,unstated,2026-07-06T00:00:00.000Z,2026-08-31T04:24:01.655Z,2026-09-29,2026-09-29
050e517e-28f5-457f-89a9-d1c89d4e708d,Enterfusion,IT Help Desk Intern,workable,us,unstated,2026-08-20T00:00:00.000Z,2026-08-31T04:33:36.576Z,2026-09-29,2026-09-29
0523b8b5-29cd-41b8-86a2-3c1cf9cdf6a5,Funding Societies | Modalku Group,Sales Intern (Lending),workable,non_us,unstated,2026-07-28T00:00:00.000Z,2026-08-31T04:38:02.474Z,2026-09-29,2026-09-29
05366557-6431-40bd-8440-fd5073855c71,Audax Private Equity,"Data Analyst, Business Development CO-OP",greenhouse,us,unstated,2026-09-24T13:52:58.000Z,2026-09-09T16:58:16.253Z,2026-09-29,2026-09-29
053d5a5e-97b9-471b-8747-22b7fdf96bb4,moomoo,Channel Marketing Intern (Partnerships & KOL),workable,non_us,unstated,2026-07-28T00:00:00.000Z,2026-08-31T20:25:01.743Z,2026-09-29,2026-09-29
055d8376-4192-4f11-a91d-e9c0468d2c5c,Northmarq,"Insurance Intern, Summer 2027",greenhouse,us,refuses,2026-08-25T20:53:00.000Z,2026-09-01T09:13:50.617Z,2026-09-29,2026-09-29
05631907-f9b5-4e78-a34e-6afada9bf5d3,EquipmentShare,Intern: Software Engineer,greenhouse,us,unstated,2026-09-21T23:28:30.000Z,2026-09-19T06:57:49.090Z,2026-09-29,2026-09-29
05b6229c-05a5-4daa-bf29-93ab2fcd180e,Tierärztliche Klinik Oberhaching Partnerschaftsgesellschaft,Tierarzt (m/w/d) – Rotierendes Internship 2026,recruitee,non_us,unstated,2024-09-09T08:56:41.000Z,2026-09-08T12:26:37.249Z,2026-09-29,2026-09-29
05c12d6c-c8b0-4476-868d-e28deb9ff491,Leingang E-Commerce GmbH,Werkstudent im Bereich Wirtschaftsinformatik 20h/Woche (m/w/d),recruitee,non_us,unstated,2026-05-19T16:24:01.000Z,2026-08-31T21:32:20.219Z,2026-09-29,2026-09-29
05da0d93-bada-4201-8988-93afd8c255b9,Attain Sports,2026 Orange Ambassador Internship,greenhouse,us,unstated,2026-04-28T17:22:23.000Z,2026-08-31T04:14:53.472Z,2026-09-29,2026-09-29
05f252eb-2f4e-457c-aed3-bd5a0b3a6642,i-profile GmbH,Praktikant Restrukturierung & Sanierung/ Turnaround (m/w/d),recruitee,non_us,unstated,2025-02-17T17:24:33.000Z,2026-08-31T04:25:31.178Z,2026-09-29,2026-09-29
05f4a732-9893-41fb-b3af-f91094be6156,Zipline,Aircraft Software Integration Intern (Spring 2027),greenhouse,us,unstated,2026-09-19T00:55:11.000Z,2026-09-19T08:08:31.082Z,2026-09-29,2026-09-29
060e3dd0-1682-4b33-aaf1-0bf3d79b9094,General Matter,Summer 2027 Internship - Manufacturing Engineering,greenhouse,us,unstated,2026-09-21T23:44:18.000Z,2026-09-19T13:54:56.300Z,2026-09-29,2026-09-29
063593d3-06f2-4063-9515-658c3c5d3bcb,Zipline,Long Range Platform Embedded Firmware Intern (Summer 2027),greenhouse,us,unstated,2026-09-17T17:05:10.000Z,2026-09-19T08:08:31.082Z,2026-09-29,2026-09-29
0688406c-918b-4d02-871a-415079e41024,CMS Derks Star Busmann N.V.,Junior kandidaat-notaris-stagiaire Corporate,recruitee,non_us,unstated,2026-02-04T16:36:56.000Z,2026-09-02T17:28:27.381Z,2026-09-29,2026-09-29
06ac2f11-c8ed-4b42-b4e7-bb01fc2735b8,Die Grenze BV,Stage/BBL Almere Buiten,recruitee,non_us,unstated,2024-10-21T09:43:53.000Z,2026-08-31T04:12:20.250Z,2026-09-29,2026-09-29
06f361f0-3bee-4bb6-944a-9424ea1fb8c7,GIZ-Kamerun,STAGIAIRE (H/F) EN APPUI A LA COORDINATION ET AU SUIVI OPERATIONNEL,workable,unknown,unstated,2026-09-22T00:00:00.000Z,2026-09-25T13:09:57.387Z,2026-09-29,2026-09-29
072f2a0c-7bef-49f9-8270-2261a230e17f,Quandela,INTERNSHIP - HR & Talent Acquisition Specialist,workable,non_us,unstated,2026-09-17T00:00:00.000Z,2026-09-17T20:55:26.589Z,2026-09-29,2026-09-29
075d045f-8539-4967-96a2-2687e956029d,"GPV Lanka (Private), Ltd.",Intern - Sourcing & BOM Costing,recruitee,non_us,unstated,2026-09-10T07:06:03.000Z,2026-09-10T23:54:50.252Z,2026-09-29,2026-09-29
0773af02-9b16-4efa-b471-58a6f0455c48,Benesch,Civil Site/Land Development Internship,greenhouse,us,unstated,2026-09-25T19:09:36.000Z,2026-09-27T03:13:58.605Z,2026-09-29,2026-09-29
07848140-a737-46eb-a1cd-25b602fd2b89,BarentsKrans,Advocaat-stagiaire Arbeidsrecht,recruitee,non_us,unstated,2026-06-02T13:25:45.000Z,2026-08-31T04:06:59.287Z,2026-09-29,2026-09-29
078b93d4-9475-4231-b912-922af2bb1eda,Wight & Company,Transportation & Infrastructure Intern (Field) - Summer 2027,greenhouse,us,unstated,2026-09-01T13:41:50.000Z,2026-09-01T20:25:38.787Z,2026-09-29,2026-09-29
07ead0f8-d854-4bf4-931d-260b934e7ca9,Roblox,[Summer 2027] Product Design Intern,greenhouse,us,unstated,2026-09-26T18:34:24.000Z,2026-09-02T20:25:27.403Z,2026-09-29,2026-09-29
07f1ed8c-fe5e-4a75-872b-3ec2f818aeec,Street Child,Estágio em Administração e Comunicação,workable,unknown,unstated,2026-08-12T00:00:00.000Z,2026-08-13T06:02:14.385Z,2026-09-29,2026-09-29
083a9ebb-7cda-47d4-b4e7-774a3706f519,SW Logistics,Accounting Intern,recruitee,non_us,unstated,2026-08-17T05:43:48.000Z,2026-08-31T05:18:20.283Z,2026-09-29,2026-09-29
0846e484-8780-42dc-81dc-4c5e34779738,Focus Global Inc.,Business Operations Intern,breezy,unknown,unstated,2026-09-02T00:36:07.328Z,2026-09-02T17:28:25.495Z,2026-09-29,2026-09-29
084c6bd8-7793-446d-8d77-f79ade93fcff,talentpluto,Founders Associate Intern,workable,us,unstated,2026-09-15T00:00:00.000Z,2026-09-18T00:04:43.583Z,2026-09-29,2026-09-29
08572688-26fc-4516-9693-3e2dd6274472,Jump Trading,Campus Quantitative Researcher (Intern),greenhouse,non_us,unstated,2026-08-08T05:01:44.000Z,2026-09-01T19:49:42.704Z,2026-09-29,2026-09-29
08641e2d-f6f8-44cd-b42a-ec74160d1792,Hotel De L'Europe B.V.,Guest Experience Intern,recruitee,non_us,unstated,2026-01-14T11:55:17.000Z,2026-08-31T04:13:39.743Z,2026-09-29,2026-09-29
087159b0-3e16-42fb-b05c-859bb2bf4f58,NV Advices for Technical Systems,ATS NV -  Internships - Secundair Studenten,recruitee,non_us,unstated,2025-09-16T09:30:31.000Z,2026-08-31T04:05:44.465Z,2026-09-29,2026-09-29
0880b703-3eb7-44a7-b2d7-71e2c781eb55,"Loka, Inc",Data and Machine Learning Intern,greenhouse,non_us,unstated,2026-09-22T13:36:53.000Z,2026-09-25T04:41:20.352Z,2026-09-29,2026-09-29
08a3b9ef-48a0-4535-b285-c842a37811d9,AlixPartners,Performance | Internship,greenhouse,non_us,unstated,2026-09-14T14:05:31.000Z,2026-09-15T11:09:16.408Z,2026-09-29,2026-09-29
08aa6b20-1c50-4c17-8536-89c19d080357,Clerkie,Software Engineer Internship,greenhouse,non_us,unstated,2026-08-28T17:16:56.000Z,2026-09-01T19:14:05.469Z,2026-09-29,2026-09-29
08ba8568-07d8-48c8-a201-df193a9d1e50,BillionToOne,Research Associate Intern,greenhouse,us,unstated,2026-09-22T22:24:17.000Z,2026-09-16T13:00:11.689Z,2026-09-29,2026-09-29
08c01c01-d653-4dd1-b70e-f3c8228ac3ac,Geneva Trading,AI Engineer Internship - Summer 2027,greenhouse,us,unstated,2026-09-24T17:25:39.000Z,2026-09-18T06:40:05.544Z,2026-09-29,2026-09-29
08ec43ad-045d-465a-9ce0-988b2842f496,EquipmentShare,Intern: eCommerce Marketing,greenhouse,us,unstated,2026-09-28T12:51:43.000Z,2026-09-28T14:02:54.919Z,2026-09-29,2026-09-29
08f5ad7f-bd01-47c9-9389-6177f170754c,Friday Recruitment,Juridische Afstudeerstage,recruitee,non_us,unstated,2026-09-29T09:30:33.000Z,2026-09-29T14:03:14.139Z,2026-09-29,2026-09-29
0903d8ea-1917-4b93-97b9-98b129d427c0,Gastronomous Technologies Inc.,Co-Op Full Stack Developer,breezy,unknown,unstated,2026-09-25T19:22:32.875Z,2026-08-31T04:22:55.197Z,2026-09-29,2026-09-29
090b1716-f2c3-4776-b5d7-736a03e57dc2,Boggi Milano,Merchandising Buying & Planning - stage curriculare,recruitee,non_us,unstated,2026-09-25T12:17:28.000Z,2026-09-26T13:14:44.375Z,2026-09-29,2026-09-29
094bfce1-fc4e-4cd1-9bea-f07c3fd5c005,CloudCommerce,HR Intern - Recruitment,breezy,non_us,unstated,2026-09-02T03:51:54.025Z,2026-08-31T04:13:39.029Z,2026-09-29,2026-09-29
0969eb24-90ee-4736-be97-83d740deca0b,COFRA Holding,Sustainable Impact Intern,greenhouse,non_us,unstated,2026-09-24T16:15:16.000Z,2026-09-26T12:43:48.281Z,2026-09-29,2026-09-29
097c15a2-0843-44b6-8cc6-5f75a819f365,CFO Insights,Entrepreneur in Residence Internship at CFO Insights,greenhouse,non_us,unstated,2026-08-28T05:17:02.000Z,2026-09-17T14:33:08.074Z,2026-09-29,2026-09-29
09919d9d-5ed0-41d7-99a0-3a0db549058d,Pacific Defense,Pacific Defense Internship Opportunities - UMASS Lowell,workable,us,unstated,2026-09-24T00:00:00.000Z,2026-09-26T07:03:38.102Z,2026-09-29,2026-09-29
09a8b5e4-f27b-4cf9-9928-ff49837f7e31,Astranis,Propulsion Engineer Intern (Winter 2027),greenhouse,us,refuses,2026-09-25T21:56:50.000Z,2026-09-25T07:27:18.212Z,2026-09-29,2026-09-29
09bdfd39-6441-431a-9ce5-1a8ca7412d59,Scout Motors,"Intern, Engineering",greenhouse,us,refuses,2026-09-25T20:11:25.000Z,2026-09-27T08:41:02.430Z,2026-09-29,2026-09-29
09d07aac-2559-4af4-becf-b08a2242202c,"Huawei Technologies Canada Co., Ltd.",Co-op Engineer-Mobile AI,recruitee,non_us,unstated,2026-05-08T20:06:50.000Z,2026-08-31T04:21:36.768Z,2026-09-29,2026-09-29
09e35c33-4292-4ddb-b335-fa9a93ab071f,Biggelaar Groep,HBO Stagiair Bouwkunde / Civiele Techniek,recruitee,non_us,unstated,2025-08-04T09:19:24.000Z,2026-08-31T04:06:57.572Z,2026-09-29,2026-09-29
09ed83f6-6168-4970-97a8-7ad692a008ea,Mindera,Internships PT,workable,non_us,unstated,2025-06-20T00:00:00.000Z,2026-08-31T20:24:26.278Z,2026-09-29,2026-09-29
0a01548a-00f6-4fcd-876f-3593b073d3a6,Security Risk Advisors,Advisory Purple Project Coordinator Co-op,workable,us,unstated,2026-09-14T00:00:00.000Z,2026-09-15T00:51:45.815Z,2026-09-29,2026-09-29
0a0792fc-1505-41de-861a-c3606f906ded,The Spectator,Editorial and Social Media Intern,workable,us,unstated,2026-09-28T00:00:00.000Z,2026-09-28T17:14:25.808Z,2026-09-29,2026-09-29
0a1c99ee-e7aa-457b-8515-193edba5be32,PSfm B.V.,Project Coördinator PSfm,recruitee,non_us,unstated,2026-09-18T15:32:19.000Z,2026-09-19T07:49:58.519Z,2026-09-29,2026-09-29
0a3b40c0-14f3-48fa-b882-fe3df872759c,Vivo Energy,Madagascar Internship Programme 2026,workable,unknown,unstated,2026-01-26T00:00:00.000Z,2026-08-31T21:22:56.836Z,2026-09-29,2026-09-29
0a3ed7d8-9445-4eba-83d1-739fe5361356,Curi Capital,Retirement Plan Services Intern,greenhouse,us,unstated,2026-09-18T20:56:03.000Z,2026-09-19T07:02:07.048Z,2026-09-29,2026-09-29
0a6fb93c-4767-4ef8-89e7-e50d09d8b46b,Schonfeld,2027 Risk Analyst (DMFI) Intern,greenhouse,non_us,unstated,2026-09-22T13:15:59.000Z,2026-09-04T23:59:54.183Z,2026-09-29,2026-09-29
0a740ec4-2c65-4487-afd0-950d8dc51681,Solarvest,Licensing Intern (PJ),workable,unknown,unstated,2025-07-11T00:00:00.000Z,2026-08-31T20:49:56.751Z,2026-09-29,2026-09-29
0a87d84c-c476-40b2-903c-00bb6bd8c462,Commify,Sales Development Representative Internship,workable,non_us,unstated,2026-08-27T00:00:00.000Z,2026-08-31T04:22:21.192Z,2026-09-29,2026-09-29
0a8b4687-96c6-429c-a353-6ffd5b904cec,Motional,"Machine Learning Internship, Behaviors Research",greenhouse,non_us,unstated,2026-09-21T20:59:00.000Z,2026-09-01T19:49:27.621Z,2026-09-29,2026-09-29
0aa6458b-8d72-4c0a-910f-2ec11f3d03ee,M/I Homes,Construction Intern - Cincinnati,workable,us,unstated,2026-06-05T00:00:00.000Z,2026-08-31T20:24:13.007Z,2026-09-29,2026-09-29
0ad92b90-d2ed-4880-bc38-1bfa96306641,Baringa,UK Summer Internship 2027 - Energy & Resources,greenhouse,non_us,refuses,2026-09-11T13:13:34.000Z,2026-09-16T03:45:02.336Z,2026-09-29,2026-09-29
0af90b62-b6df-4e89-a97b-e3ac5705af95,Hotel De L'Europe B.V.,Reservations Agent Intern,recruitee,non_us,unstated,2026-09-11T07:32:20.000Z,2026-09-11T10:51:05.333Z,2026-09-29,2026-09-29
0b05692d-a5d6-46f8-b034-dab11da1f7bc,UNS,INTERNSHIP | Architectural Trainee – Hong Kong,recruitee,non_us,unstated,2025-03-31T09:46:30.000Z,2026-08-31T13:36:06.043Z,2026-09-29,2026-09-29
0b1a14a5-5ac6-4bbe-be37-97f01f52d99f,My Jewellery,Werkstudent Heidelberg (m/w/d),recruitee,non_us,unstated,2026-09-24T13:33:10.000Z,2026-09-25T07:00:46.764Z,2026-09-29,2026-09-29
0b2d88db-28e3-46d7-823b-3f2d5d5df3e4,Geneva Trading,Systems Support Analyst Intern,greenhouse,us,unstated,2026-09-24T17:25:39.000Z,2026-09-25T01:09:35.983Z,2026-09-29,2026-09-29
0b517d8e-c965-4920-be1b-3eec00d89122,Teleport,Commercial & Sales - Teleport Malaysia Internship Program 2026,workable,non_us,unstated,2026-06-14T00:00:00.000Z,2026-08-31T21:06:08.989Z,2026-09-29,2026-09-29
0b5643fd-af62-4493-933b-0322fe9e6109,AME Engineering,Electrical Engineering Intern (Summer 2027),greenhouse,us,unstated,2026-09-23T16:20:02.000Z,2026-09-11T00:05:46.010Z,2026-09-29,2026-09-29
0b5ac9b7-0c24-4502-8ff0-da7b1f35af6c,Atolls,Intern Customer Support Agent (m/f/x),greenhouse,non_us,unstated,2026-09-07T07:51:49.000Z,2026-09-01T19:05:47.828Z,2026-09-29,2026-09-29
0b6b3c67-a25a-48a1-81bc-9f3448b73c1d,Omnyacc Accountants & Adviseurs,Stage controlepraktijk,recruitee,non_us,unstated,2026-05-12T14:46:56.000Z,2026-08-31T04:31:26.037Z,2026-09-29,2026-09-29
0b76f7cc-cd89-4a07-bf27-20a9db3ad694,Tippmann Group,2027 Summer Internship - Construction Project Manager (Traveling Position),breezy,us,unstated,2026-09-17T15:53:44.432Z,2026-09-07T19:19:38.801Z,2026-09-29,2026-09-29
0b8c4670-42e0-4c32-b0e0-55e72e9f5936,pladis France,Stage Janvier 2027 - Acheteur(se) Achats Indirects (H/F),recruitee,non_us,unstated,2026-09-18T14:09:41.000Z,2026-09-19T07:48:25.564Z,2026-09-29,2026-09-29
0b8cf159-aa00-4cb8-b2b4-89f91baa3545,Houthoff,Advocaat-stagiaire Amsterdam,recruitee,non_us,unstated,2025-04-24T08:16:28.000Z,2026-08-31T04:21:36.778Z,2026-09-29,2026-09-29
0ba4a9a1-7508-4d56-98a9-424e96b4e920,Liquin,Meewerkstage SHEQ,recruitee,non_us,unstated,2026-04-14T08:32:03.000Z,2026-09-02T17:29:40.089Z,2026-09-29,2026-09-29
0bc348c6-6bbd-46e5-a157-f928873f97f0,CFO Insights,Management Graduate Program Intake (French speaker) CFO Insights,greenhouse,non_us,unstated,2026-08-28T05:15:19.000Z,2026-09-17T14:33:08.074Z,2026-09-29,2026-09-29
0bce0d4d-550e-4b05-a05f-ddf6ee91e587,Two Circles,"Praktikum im Bereich Sportmarketing & Managementberatung, Köln",workable,non_us,unstated,2025-12-22T00:00:00.000Z,2026-08-31T21:09:08.327Z,2026-09-29,2026-09-29
0bdea2bd-b81e-4853-ba52-5c172b8068af,Tamatem,Community & Support Intern - UAE Nationals,workable,non_us,unstated,2026-08-17T00:00:00.000Z,2026-08-31T21:05:32.438Z,2026-09-29,2026-09-29
0bf4cfea-eb70-4122-a099-be2289eaa6ef,Gensyn,Research Intern,greenhouse,unknown,unstated,2025-12-04T08:31:20.000Z,2026-08-31T04:35:17.735Z,2026-09-29,2026-09-29
0c02dd05-4b71-458c-acbd-23514db3c7ae,Black Diamond Networks,Sales Internship (TX),recruitee,us,unstated,2025-12-23T16:12:36.000Z,2026-08-31T04:08:24.083Z,2026-09-29,2026-09-29
0c336cfb-0132-4b0f-b2ec-e812efdcbf7b,Zipline,Sales Operations Analyst Intern (Spring 2027),greenhouse,us,refuses,2026-09-17T17:05:10.000Z,2026-09-19T08:08:31.082Z,2026-09-29,2026-09-29
0c3456ce-f5e2-4248-a736-8b0f30592098,Benesch,Future Internship Opportunities - Join our Talent Network,greenhouse,unknown,unstated,2026-09-15T17:21:57.000Z,2026-09-15T12:10:06.929Z,2026-09-29,2026-09-29
0c37ba22-8ab6-47df-aa4a-9b7587d84810,Egypt Education Platform,HR Intern,workable,non_us,unstated,2026-08-05T00:00:00.000Z,2026-08-31T04:30:22.062Z,2026-09-29,2026-09-29
0c4ff03f-e834-49d8-97c0-819016621f7d,VIGO groep,Masterstage Psychologie | Gebiedsteam Weert,recruitee,non_us,unstated,2026-09-28T12:29:45.000Z,2026-09-28T13:49:59.399Z,2026-09-29,2026-09-29
0c508ad3-24a8-4f63-a73a-aa9efa071c17,Jump Trading,Campus C++ Software Engineer (Intern),greenhouse,non_us,unstated,2026-09-04T03:07:47.000Z,2026-09-04T04:11:03.621Z,2026-09-29,2026-09-29
0c75dac1-fb42-4b93-b25d-7a2e87fa1fd1,Jump Trading,Campus AI Research Engineer (Intern),greenhouse,us,unstated,2026-08-18T21:27:19.000Z,2026-09-01T19:49:42.704Z,2026-09-29,2026-09-29
0c7848ec-50cd-4a23-a658-a484e7d4ccc3,LV Collective,Brand Ambassador Intern | Rambler Riverfront,workable,us,unstated,2026-02-19T00:00:00.000Z,2026-08-31T20:22:51.493Z,2026-09-29,2026-09-29
0ca7ef86-7260-4d6d-bcb9-4dc0b2d05249,Moment Energy,Data Scientist Co-op,greenhouse,non_us,unstated,2026-09-25T22:57:54.000Z,2026-09-27T08:21:53.049Z,2026-09-29,2026-09-29
0cc44107-7288-4ac9-8cb7-9b5061ee9e61,Anders,Compliance/Loan Review Intern - Summer 2027,greenhouse,us,unstated,2026-08-26T19:30:46.000Z,2026-09-15T12:30:18.881Z,2026-09-29,2026-09-29
0cd02f40-c222-4275-882c-3720d99a8e49,TransMarket Group,DevOps/SRE Intern,greenhouse,us,unstated,2026-06-02T15:14:23.000Z,2026-09-01T19:49:28.998Z,2026-09-29,2026-09-29
0cfe941f-2987-4ea3-a868-588e18fab325,inovex GmbH,Werkstudent:in* im Bereich Softwareentwicklung,recruitee,non_us,unstated,2026-06-10T09:11:32.000Z,2026-08-31T04:22:52.444Z,2026-09-29,2026-09-29
0d0693ef-50bf-4046-8be1-60c5cee70357,Zipline,Applications Engineer Intern (Spring 2027),greenhouse,us,unstated,2026-09-17T17:05:10.000Z,2026-09-19T08:08:31.082Z,2026-09-29,2026-09-29
0d26bb8f-4de2-4816-9b76-d1a437d70fcb,HealthCorps,Teen Health Education Internship,workable,us,unstated,2026-06-10T00:00:00.000Z,2026-08-31T13:39:42.527Z,2026-09-29,2026-09-29
0d38a489-9018-4cf8-88d7-a3930ee6dd5b,H2 Health,H2 Health SkillBridge Internship,workable,us,unstated,2026-07-21T00:00:00.000Z,2026-08-31T13:37:00.635Z,2026-09-29,2026-09-29
0d40af5e-f91e-4298-bdc4-fc423360b22f,Geoprobe Systems®,Sales Intern,workable,us,unstated,2026-09-04T00:00:00.000Z,2026-09-05T00:16:55.336Z,2026-09-29,2026-09-29
0d44f8c7-5c70-4bca-ad26-6fe7e050c1e1,Nous Group,Expression of interest - Intern,greenhouse,non_us,unstated,2026-09-21T04:20:39.000Z,2026-09-08T00:24:09.629Z,2026-09-29,2026-09-29
0d480f2c-24f1-47b2-8cfd-9e80a103d36e,Benesch,Transportation Engineering - Roadway/Highway Design Internship,greenhouse,us,unstated,2026-09-21T02:16:58.000Z,2026-09-15T12:10:06.929Z,2026-09-29,2026-09-29
0d84a1f8-ac55-428e-ab44-8c8ac87f8b0e,Die Grenze BV,Stage/BBL Assen,recruitee,non_us,unstated,2026-08-31T09:26:43.000Z,2026-08-31T22:05:07.181Z,2026-09-29,2026-09-29
0d9fa463-067a-468e-b775-13c203261c34,Odyssey Hotel Group,Front Office Intern Aug./Sept. 2026,recruitee,non_us,unstated,2026-03-17T08:05:56.000Z,2026-08-31T04:30:09.965Z,2026-09-29,2026-09-29
0dadf908-2c45-41e4-980d-12212e33f68e,"Huawei Technologies Canada Co., Ltd.",Co-op Researcher - Embodied AI Agent (Robotic),recruitee,non_us,unstated,2025-05-01T16:15:40.000Z,2026-08-31T04:21:36.768Z,2026-09-29,2026-09-29
0db03699-4899-4936-8dad-79365e53fed7,Schonfeld,2027 PhD Quantitative Research Intern,greenhouse,us,unstated,2026-09-22T13:15:59.000Z,2026-09-04T23:59:54.183Z,2026-09-29,2026-09-29
0db0e8fe-6f44-45ac-91b4-7349529c7ce3,Awetomaton,IT Intern,greenhouse,us,refuses,2026-09-02T18:53:03.000Z,2026-09-16T06:16:55.895Z,2026-09-29,2026-09-29
0dbd986b-c415-4bf4-8ffb-728add5b8fce,Retail Insights,Global Internship Program (Italian speaker) Retail Insights,greenhouse,non_us,unstated,2026-08-28T05:15:22.000Z,2026-09-08T02:41:43.604Z,2026-09-29,2026-09-29
0ddea998-88e1-46df-b438-8ac850886574,Nextern,Human Resources Intern,workable,non_us,unstated,2026-08-26T00:00:00.000Z,2026-08-31T13:40:01.311Z,2026-09-29,2026-09-29
0deb2d09-700e-4c0a-a15e-c6004cda066c,Felsburg Holt & Ullevig,Traffic Internship - I0026,workable,us,unstated,2026-09-14T00:00:00.000Z,2026-09-15T23:50:07.350Z,2026-09-29,2026-09-29
0e0785d4-63d5-4bed-8c46-9f6ddd46824b,Brady Martz,Spring 2027 Accounting Internship,workable,us,unstated,2025-10-08T00:00:00.000Z,2026-08-31T04:15:20.497Z,2026-09-29,2026-09-29
0e0f7c2d-acfa-423a-b338-a0b334128585,Consigli Construction,Safety Intern (Summer 2027),workable,us,unstated,2026-08-26T00:00:00.000Z,2026-08-31T04:24:01.655Z,2026-09-29,2026-09-29
0e28680d-5c06-495a-9b5f-59bb930ef4af,Lengow,Demand Generation Operations Assistant (Internship),workable,non_us,unstated,2026-09-23T00:00:00.000Z,2026-09-25T15:58:51.552Z,2026-09-29,2026-09-29
0e3d587c-b384-4990-84c5-285e244c8517,"Mercari, inc.",28卒対象 / Circular Economy Researcher - Mercari Group (Internship),workable,non_us,unstated,2026-05-26T00:00:00.000Z,2026-08-31T16:30:19.700Z,2026-09-29,2026-09-29
0e5c72e4-f7c7-4da4-bf29-a05bfac0d99c,Vebego Facility Services Germany,Werkstudent*in | Lead Intelligence & CRM-Datenmanagement (m/w/d),recruitee,non_us,unstated,2026-09-23T09:26:38.000Z,2026-09-25T11:29:16.517Z,2026-09-29,2026-09-29
0e72f755-8e34-4dab-a14d-7ac6c2d38baf,Consigli Construction,Field Operations Co-op (Spring 2027),workable,us,unstated,2026-07-06T00:00:00.000Z,2026-08-31T04:24:01.655Z,2026-09-29,2026-09-29
0e75cfd5-97a6-49da-bf21-4594dcd649af,"Huawei Technologies Canada Co., Ltd.",Intern Researcher - AI Agent Evaluation,recruitee,non_us,unstated,2026-03-20T15:51:59.000Z,2026-08-31T04:21:36.768Z,2026-09-29,2026-09-29
0e832639-6b85-4ef7-9300-6b184b11e55c,SpotLab,Biomedical Engineer Internship,recruitee,non_us,unstated,2019-11-28T11:42:42.000Z,2026-08-31T04:38:08.194Z,2026-09-29,2026-09-29
0e979e71-ea64-4ad2-8fbc-35da7146fbfe,McLean & Potomac Dermatology and Skincare Center,Digital Marketing & Content Intern,breezy,us,unstated,2026-08-26T16:22:23.690Z,2026-08-31T04:30:14.342Z,2026-09-29,2026-09-29
0ec0182c-bae9-4743-aa2b-5c4b8184832b,Die Grenze BV,Stage/BBL Tubbergen,recruitee,non_us,unstated,2024-10-21T09:06:32.000Z,2026-08-31T04:12:20.250Z,2026-09-29,2026-09-29
0ece4f1f-c977-4440-be46-45d29ff9da8a,Astranis,Propulsion Test Intern (Summer 2027),greenhouse,us,refuses,2026-09-25T21:56:46.000Z,2026-09-25T07:27:18.212Z,2026-09-29,2026-09-29
0edc7297-c6bd-411e-96f5-298ce5e4e96f,CFO Insights,Management Graduate Program Intake (Danish speaker) CFO Insights,greenhouse,non_us,unstated,2026-08-28T05:15:21.000Z,2026-09-17T14:33:08.074Z,2026-09-29,2026-09-29
0ef43e1a-2589-4a8c-a5d0-4ada0b3c1516,Guidepoint,Talent Acquisition Intern,greenhouse,non_us,unstated,2026-08-24T09:21:51.000Z,2026-09-19T21:55:23.664Z,2026-09-29,2026-09-29
0efbccf1-b2c5-4c0c-a899-314c948841cf,LV Collective,Digital Marketing Intern | Rambler Gainesville,workable,us,unstated,2026-05-06T00:00:00.000Z,2026-08-31T20:22:51.493Z,2026-09-29,2026-09-29
0f826fc0-ff03-40fa-9a61-d64c4734faab,Merford,Stageopdracht voorraadbeheer (3e jaars MBO),recruitee,non_us,unstated,2026-05-19T14:24:41.000Z,2026-08-31T04:28:35.171Z,2026-09-29,2026-09-29
0f912541-b104-47b6-a58a-145259ff147b,Funding Societies | Modalku Group,People Development Intern,workable,non_us,unstated,2026-09-04T00:00:00.000Z,2026-09-04T04:23:54.830Z,2026-09-29,2026-09-29
0fa638b7-02e0-41c4-ada8-17510e4fda50,"Love, Bonito",Fashion Product Operations Intern,workable,non_us,unstated,2026-09-17T00:00:00.000Z,2026-09-17T11:35:18.101Z,2026-09-29,2026-09-29
0fb19606-74b8-4a60-88b1-913794bccee7,Consigli Construction,Field Operations Intern (Summer 2027),workable,us,unstated,2026-08-26T00:00:00.000Z,2026-08-31T04:24:01.655Z,2026-09-29,2026-09-29
1004ca84-baed-4d51-8afd-4ba34d2b7db9,Neuralink,"Manufacturing Intern, Surgery & Robot Hardware",greenhouse,us,unstated,2026-09-25T01:18:21.000Z,2026-09-08T00:24:09.614Z,2026-09-29,2026-09-29
1018f2b9-6713-4b49-acd2-134c71272b32,Energy Trust of Oregon,Government Relations Intern,workable,us,unstated,2026-09-22T00:00:00.000Z,2026-09-25T07:16:21.003Z,2026-09-29,2026-09-29
10287a74-1073-4d91-83b5-6d2cb0f8ea82,Neuralink,"Software Engineer Intern, Robotics",greenhouse,us,unstated,2026-09-25T01:18:21.000Z,2026-09-08T00:24:09.614Z,2026-09-29,2026-09-29
102af4b0-3f75-43e1-8799-42bcc5832ace,Interstates,Software Developer Intern,greenhouse,us,unstated,2026-09-21T02:52:44.000Z,2026-09-24T07:10:14.417Z,2026-09-29,2026-09-29
10441f7c-0a9a-4863-835d-2c6466394dc3,Salzburg Global Seminar Inc.,Communications Internship - Cohort 2027,recruitee,non_us,unstated,2026-09-09T09:15:56.000Z,2026-09-11T11:35:21.895Z,2026-09-29,2026-09-29
106cc555-8667-4878-8262-15722297667f,Lightmatter,Photonics Characterization Intern & New Grad,greenhouse,us,unstated,2026-09-16T00:34:16.000Z,2026-09-11T10:39:56.491Z,2026-09-29,2026-09-29
107325e9-93f6-4fc8-93b9-b32c52f79f47,Vermetten | accountants en adviseurs,Stage Accountancy,recruitee,non_us,unstated,2026-07-23T12:37:56.000Z,2026-08-31T13:36:03.396Z,2026-09-29,2026-09-29
10888bc7-7e4f-4fc7-8523-ee8d673bab86,FIRY,"Co-op, Corporate Communications",greenhouse,us,unstated,2026-09-14T14:47:21.000Z,2026-09-03T17:10:56.848Z,2026-09-29,2026-09-29
109308f8-769d-4151-bfea-c0ee91f1bd69,EquipmentShare,Intern: Accounting,greenhouse,us,unstated,2026-09-21T23:28:30.000Z,2026-09-19T06:57:49.090Z,2026-09-29,2026-09-29
10b5ef36-ad0b-4d61-ac05-11ac9c070817,Zipline,Commercial Marketplace Strategy and Operations Intern (Spring 2027),greenhouse,us,refuses,2026-09-17T17:05:10.000Z,2026-09-19T08:08:31.082Z,2026-09-29,2026-09-29
10bfd428-db50-40ab-ad85-d566c86d5d31,EIGHT ADVISORY SAS,Strategic Valuation & Modeling - Stagiaire,recruitee,non_us,unstated,2025-11-03T10:02:00.000Z,2026-09-16T13:19:06.620Z,2026-09-29,2026-09-29
10d0e4b9-c8c0-4365-b9a5-6574fcd2aa49,Consigli Construction,Project Management Co-op (Spring 2027),workable,us,unstated,2026-07-10T00:00:00.000Z,2026-08-31T04:24:01.655Z,2026-09-29,2026-09-29
10e1d2f7-4b41-4129-b0ee-ea2b9bc552b7,Curi Capital,Wealth Management Intern,greenhouse,us,unstated,2026-09-16T22:21:18.000Z,2026-09-18T01:27:51.705Z,2026-09-29,2026-09-29
10e8da35-da6b-4241-b1d5-11fede07027b,Neuralink,"Electrical Engineer Intern, Robotics and Surgery Engineering",greenhouse,us,unstated,2026-09-25T01:18:21.000Z,2026-09-08T00:24:09.614Z,2026-09-29,2026-09-29
10f90d72-80db-4fba-8408-43b6bf7f1ba1,In The Pocket,Internship,greenhouse,non_us,unstated,2026-08-19T13:03:22.000Z,2026-08-31T13:35:59.189Z,2026-09-29,2026-09-29
10fde84e-1298-49d5-856c-6c2006b6c478,"Cain Watters & Associates, LLC",Associate Financial Planner Intern - Summer 2027,recruitee,us,unstated,2026-08-17T17:02:27.000Z,2026-08-31T04:09:38.023Z,2026-09-29,2026-09-29
11004550-e1ff-49b0-af2b-6138ae7d4cbd,Houthoff,Belastingadviseur-stagiaire,recruitee,non_us,unstated,2025-04-24T08:08:27.000Z,2026-08-31T04:21:36.778Z,2026-09-29,2026-09-29
111c28a8-6158-47be-b004-730dd4cc44db,Schonfeld,2027 Equity Middle Office Intern,greenhouse,non_us,unstated,2026-09-22T13:15:59.000Z,2026-09-11T19:41:31.148Z,2026-09-29,2026-09-29
1127d0e2-a88f-488f-860a-9261beac55e2,Odyssey Hotel Group,F&B Intern Jan./Feb 2027,recruitee,non_us,unstated,2026-09-17T15:52:26.000Z,2026-09-18T13:03:11.988Z,2026-09-29,2026-09-29
114a8131-cf55-4a6a-a855-b89a80a3e2e9,Consigli Construction,Field Operations Intern (Summer 2027),workable,us,unstated,2026-08-26T00:00:00.000Z,2026-08-31T04:24:01.655Z,2026-09-29,2026-09-29
115427dd-7c95-4883-b5f4-0655cea3efab,Mach Industries,Spring 2027 Engineering Internship,greenhouse,us,unstated,2026-09-24T19:01:48.000Z,2026-09-10T17:01:09.714Z,2026-09-29,2026-09-29
1196648c-f67d-4078-af87-1ba169547635,Super Soccer Stars,Sports Management Intern,workable,us,unstated,2026-07-09T00:00:00.000Z,2026-08-31T21:04:43.510Z,2026-09-29,2026-09-29
11adca20-097d-4c18-925f-a6034aae455a,KULT | OLYMP & HADES,Werkstudent (m/w/d) im Verkauf Mode und Bekleidung,recruitee,non_us,unstated,2026-09-14T12:03:12.000Z,2026-09-16T02:32:03.512Z,2026-09-29,2026-09-29
11b4af85-2de4-4bfc-ae84-63d45b506881,CFO Insights,Management Consulting Internship at CFO Insights,greenhouse,non_us,unstated,2026-08-28T05:17:04.000Z,2026-09-17T14:33:08.074Z,2026-09-29,2026-09-29
11bea2d2-bdb2-44ab-8942-ec958bf22ffe,Certified Group,Future Internship Opportunities 2027,greenhouse,us,unstated,2026-07-06T14:17:36.000Z,2026-09-17T09:20:07.950Z,2026-09-29,2026-09-29
11c7e195-f04f-4848-b6a1-051f11bec368,Bybit,Smart Contract Security Audit Intern (AI Audit),greenhouse,non_us,unstated,2026-09-11T14:07:46.000Z,2026-09-17T04:25:43.717Z,2026-09-29,2026-09-29
11cc4a94-6211-4330-9cf3-3100909a56c1,VIGO groep,3e of 4e jaars hbo Accountancy of Bedrijfseconomie | Business Controlling,recruitee,non_us,unstated,2026-02-27T09:21:11.000Z,2026-08-31T21:32:21.822Z,2026-09-29,2026-09-29
11fafc52-1a18-462b-b3d8-eaacdcdf18c9,2070Health,Go-To-Market Intern,workable,non_us,unstated,2026-06-29T00:00:00.000Z,2026-08-31T04:04:47.909Z,2026-09-29,2026-09-29
120c78b8-74cc-44cb-9654-57500ab3eaf5,NV Advices for Technical Systems,ATS NV -  Internships - Volwassen Onderwijs,recruitee,non_us,unstated,2026-06-15T08:30:47.000Z,2026-08-31T04:05:44.465Z,2026-09-29,2026-09-29
120c8692-948a-4df6-bde0-a3456f8df673,fairlife,Project Engineering Intern (Summer 2027),greenhouse,us,unstated,2026-09-04T19:02:14.000Z,2026-09-19T08:04:45.019Z,2026-09-29,2026-09-29
1214a341-5857-41ea-9988-99e5f7b86788,KPMG in Ukraine,"Intern, Financial Services Advisory",workable,non_us,unstated,2026-05-26T00:00:00.000Z,2026-08-31T16:32:55.825Z,2026-09-29,2026-09-29
12474551-79b0-4501-aadf-55075c657371,"Mercari, inc.","Build Internship Plus, Software Engineer (Internship) - Mercari",workable,non_us,unstated,2026-04-27T00:00:00.000Z,2026-08-31T16:30:19.700Z,2026-09-29,2026-09-29
1248a5cc-bd74-43b7-9731-7e6128d6ef19,Guidepoint,Client Service Intern,greenhouse,non_us,unstated,2026-09-24T03:02:47.000Z,2026-09-26T02:22:46.993Z,2026-09-29,2026-09-29
124c5d15-1eb7-405a-8187-9d135625ae68,"Huawei Technologies Canada Co., Ltd.",Co-op Researcher - LLMs & Computer Vision,recruitee,non_us,unstated,2026-08-21T17:03:01.000Z,2026-08-31T04:21:36.768Z,2026-09-29,2026-09-29
1251af28-59f5-416b-86f4-4009c86f2243,"Huawei Technologies Canada Co., Ltd.",Intern Researcher— AI Data Security,recruitee,non_us,unstated,2026-07-21T16:00:12.000Z,2026-08-31T04:21:36.768Z,2026-09-29,2026-09-29
12527275-e619-4f13-a00b-b82c0a4790b0,DiGeronimo Companies,Co-op/Internship (Independence Construction),breezy,us,unstated,2026-09-18T20:20:19.015Z,2026-09-18T14:17:46.990Z,2026-09-29,2026-09-29
1258fb0a-e0e3-45b6-86f5-be7226904e7e,LABEYRIE FINE FOODS,Stage - Chargé.e des Ressources Humaines (H/F) - Janvier 2027,recruitee,non_us,unstated,2026-09-08T11:59:23.000Z,2026-09-08T13:27:29.791Z,2026-09-29,2026-09-29
1273062b-b6dc-4308-9b5f-4813c5366cc2,One Park Financial,Recruitment Assistant (Internship),workable,unknown,unstated,2026-08-10T00:00:00.000Z,2026-08-31T13:39:57.924Z,2026-09-29,2026-09-29
12833cd6-6718-4530-9f92-136246cb90e2,Consultport,Human Resources Intern (m/f/d),recruitee,non_us,unstated,2025-06-30T08:56:33.000Z,2026-08-31T04:10:52.694Z,2026-09-29,2026-09-29
12c75074-908b-4042-b7af-e4fc948b213f,LECOQ,Lecoq Paris - ALTERNANT(E) ou STAGIAIRE TECHNICIEN(NE) AUTOMOBILE ( CARROSSERIE PEINTURE MECANIQUE SELLERIE ),recruitee,non_us,unstated,2025-09-14T06:56:33.000Z,2026-08-31T04:27:16.439Z,2026-09-29,2026-09-29
12ef1222-3ac4-4ff1-9ff5-183903cdc868,Hudson Manpower,EA- FOUNDER'S OFFICE INTERN,recruitee,non_us,unstated,2026-05-21T13:53:05.000Z,2026-09-14T13:29:24.131Z,2026-09-29,2026-09-29
12f01033-acf7-4591-80c2-31139d59096d,Gallup,Site Reliability Engineer Intern — Summer 2027,greenhouse,us,refuses,2026-09-16T19:09:06.000Z,2026-09-19T10:26:35.376Z,2026-09-29,2026-09-29
12fabe13-665f-4fec-bff3-ef08d1b59ac5,Astranis,Hardware Test Intern (Winter 2027),greenhouse,us,refuses,2026-09-25T21:56:48.000Z,2026-09-25T07:27:18.212Z,2026-09-29,2026-09-29
13006d88-b40f-457f-9e13-d624b9e20c7c,LABEYRIE FINE FOODS,Stage - Assistant(e) communication interne (H/F),recruitee,non_us,unstated,2025-05-16T14:15:13.000Z,2026-08-31T04:25:27.826Z,2026-09-29,2026-09-29
131b6e1e-338d-48dc-9f5e-8b7712424bc1,Hydrive Engineering GmbH,Praktikum Funktions- und Softwaretest für Maschinensteuerungen (m/w/d),recruitee,non_us,unstated,2023-06-27T09:32:22.000Z,2026-08-31T04:22:49.016Z,2026-09-29,2026-09-29
133ddb84-2a96-4a8d-95ce-5c361cc58012,GermanZero e.V.,Praktikum Fundraising und Campaigning,recruitee,non_us,unstated,2026-01-13T08:29:26.000Z,2026-08-31T04:17:16.150Z,2026-09-29,2026-09-29
134ffcee-3cc1-47eb-88a4-73fc53fe12ac,Benesch,Landscape Architect Internship,greenhouse,us,unstated,2026-09-15T17:21:57.000Z,2026-09-15T12:10:06.929Z,2026-09-29,2026-09-29
1354257a-bc24-48cc-a537-8175d2ddf34d,Heritage Holdings,Legal Operations Internship,greenhouse,non_us,unstated,2026-09-18T16:26:08.000Z,2026-09-20T11:52:51.057Z,2026-09-29,2026-09-29
13559711-a624-4e60-896a-d17029e458ca,Xcellink Pte Ltd,HR Temp/ HR Intern (Recruitment) IL-FNC20240920001/01,workable,non_us,unstated,2024-09-20T00:00:00.000Z,2026-08-31T21:24:55.947Z,2026-09-29,2026-09-29
1365fc7e-68f4-483e-a7de-cb596d06461e,Mediengruppe Pressedruck,Praktikanten (w/m/d) Videojournalismus,recruitee,non_us,unstated,2025-08-19T12:36:03.000Z,2026-08-31T04:32:43.521Z,2026-09-29,2026-09-29
13994629-3c0e-4c0c-bde6-ebccb854b1bd,"Huawei Technologies Canada Co., Ltd.",Intern Researcher - Agentic AI,recruitee,non_us,unstated,2026-07-07T14:47:51.000Z,2026-08-31T04:21:36.768Z,2026-09-29,2026-09-29
13daa4ec-76cf-4156-8d70-e622dfc8ba52,Consigli Construction,Field Operations Co-op (Spring 2027),workable,us,unstated,2026-07-06T00:00:00.000Z,2026-08-31T04:24:01.655Z,2026-09-29,2026-09-29
13dfcb29-9687-45f8-9640-b4bc04385aad,Woonzorg Nederland,Stagiaire afdeling crediteuren,recruitee,non_us,unstated,2026-04-21T13:50:15.000Z,2026-08-31T13:37:22.745Z,2026-09-29,2026-09-29
14136c61-5106-4d77-83d5-5e60474861a1,German American Chambers of Commerce,[RÖDL USA] Praktikant - German Intern,breezy,us,unstated,2026-01-22T14:56:33.384Z,2026-08-31T04:22:58.984Z,2026-09-29,2026-09-29
14309851-2da3-4873-be44-50d29a807ca8,Gallup,DevOps Engineer Intern — Summer 2027,greenhouse,unknown,refuses,2026-09-16T19:10:11.000Z,2026-09-19T10:26:35.376Z,2026-09-29,2026-09-29
14546c72-a0e5-450d-9dad-59e1969db85e,"Huawei Technologies Canada Co., Ltd.",Co-op Engineer- Distributed Agent System,recruitee,non_us,unstated,2026-07-13T14:46:21.000Z,2026-08-31T04:21:36.768Z,2026-09-29,2026-09-29
145d538a-9bdf-445c-a1d1-da9ff39bbd2c,Plugged Group,Internship Creative,recruitee,non_us,unstated,2025-08-09T21:51:40.000Z,2026-09-02T17:30:24.667Z,2026-09-29,2026-09-29
145e514a-17d7-4b0d-8b70-3b6eca5b1736,CloudCommerce,Customer Service Intern,breezy,non_us,unstated,2026-09-02T03:46:21.328Z,2026-08-31T04:13:39.029Z,2026-09-29,2026-09-29
146c2745-c8bb-4504-99bd-57af0fe8111c,ALKU,Sales Internship Program,greenhouse,us,refuses,2026-09-25T15:25:55.000Z,2026-09-01T19:02:52.178Z,2026-09-29,2026-09-29
146f2595-d767-4fad-a40e-74e1226e2f31,talentpluto,GTM Intern,workable,us,unstated,2026-09-15T00:00:00.000Z,2026-09-18T00:04:43.583Z,2026-09-29,2026-09-29
14708977-2771-4573-8901-1834d3b9e025,Centre Hospitalier EpiCURA,Demande de stage Infirmier - Soignant,recruitee,non_us,unstated,2025-05-15T09:34:35.000Z,2026-08-31T22:11:45.210Z,2026-09-29,2026-09-29
14928411-c408-48db-ae64-5be727ce6ad1,Neuralink,Analog and Mixed-Signal IC Design Engineer Intern,greenhouse,us,unstated,2026-09-25T01:18:21.000Z,2026-09-08T00:24:09.614Z,2026-09-29,2026-09-29
149f4eee-3591-4ad9-9bb1-63d211beb3cd,Clarity Innovations,Skillbridge Internships,greenhouse,us,unstated,2026-07-10T20:34:23.000Z,2026-09-17T17:34:50.748Z,2026-09-29,2026-09-29
14a8d746-979b-49dc-b31c-dc515fe042db,Technica Engineering GmbH,Werkstudent: in im Einkauf / Materialbeschaffung (m/w/d),recruitee,non_us,unstated,2026-03-11T09:11:35.000Z,2026-08-31T13:36:06.669Z,2026-09-29,2026-09-29
14ac8e2b-514d-4071-b7f0-4cd7303407dc,Baringa,UK Summer Internship 2027 - Products & Services,greenhouse,non_us,refuses,2026-09-18T08:51:18.000Z,2026-09-16T03:45:02.336Z,2026-09-29,2026-09-29
14ef0682-d36a-40c0-8c35-e1ae8e699c03,cbs Corporate Business Solutions GmbH,Werkstudent - SAP Beratung (m/w/d),recruitee,non_us,unstated,2025-11-06T08:51:05.000Z,2026-08-31T04:09:44.416Z,2026-09-29,2026-09-29
14efa68f-4ea8-4a85-836a-4b46f9f15a6e,Vi-Leon,Sales Internship - Account Management & Recruitment,greenhouse,us,unstated,2026-09-22T19:47:16.000Z,2026-09-23T21:15:51.545Z,2026-09-29,2026-09-29
15011e27-c0ed-4c68-900d-e3d544d953ac,SimplifyNext,Talent Acquisition Intern,greenhouse,non_us,unstated,2026-09-23T07:33:53.000Z,2026-08-31T21:21:51.995Z,2026-09-29,2026-09-29
1512f644-64fd-4dd8-bfe1-435375a90fcd,Jump Trading,Campus C++ Software Engineer (Intern),greenhouse,non_us,unstated,2026-09-04T03:21:22.000Z,2026-09-01T19:49:42.704Z,2026-09-29,2026-09-29
15145bfd-ca10-4f95-829c-3159f1c34c97,Franz Ziel GmbH,Praktikum im Ausbildungsberuf Technischer Produktdesigner (m/w/d),recruitee,non_us,unstated,2024-11-18T11:14:17.000Z,2026-08-31T04:17:20.337Z,2026-09-29,2026-09-29
1580d602-863d-4faf-a834-2cc765b45656,Schonfeld,2027 DMFI Fixed Income Intern,greenhouse,us,unstated,2026-09-22T13:15:59.000Z,2026-09-04T23:59:54.183Z,2026-09-29,2026-09-29
1584e4d6-fe49-4f87-9e05-66b7ac00f337,Audax Group,Data Engineer Co-Op - PD,greenhouse,us,unstated,2026-09-25T20:19:36.000Z,2026-09-16T02:48:00.083Z,2026-09-29,2026-09-29
1588ce74-17b1-42b4-b88c-7a5de46ae137,Die Grenze BV,Stage/BBL Datumvoordeelshop Almelo,recruitee,non_us,unstated,2024-10-21T08:52:32.000Z,2026-08-31T04:12:20.250Z,2026-09-29,2026-09-29
159195ee-bfc2-4476-a2f9-c12fcd38e790,Shape Process Automation EMEA AB,LIA eller praktikplats -  2026/2027,recruitee,non_us,unstated,2026-04-08T06:44:06.000Z,2026-08-31T22:44:57.423Z,2026-09-29,2026-09-29
15a1ced1-ffde-4043-a196-8103af892d7c,Interstates,"Apprentice Electrician Tech College Intern - Fort Collins, CO",greenhouse,us,unstated,2026-09-24T16:18:01.000Z,2026-09-26T06:44:49.317Z,2026-09-29,2026-09-29
15a6cb5e-6d17-48ab-9f4c-359d7811fa7d,fairlife,Continuous Improvement Intern (Summer 2027),greenhouse,us,unstated,2026-09-04T19:06:51.000Z,2026-09-19T08:04:45.019Z,2026-09-29,2026-09-29
15ac27a6-b4a7-4a8c-975d-10db336a1ecb,Jump Trading,Campus Python Software Engineer (Intern),greenhouse,non_us,unstated,2026-09-04T03:18:14.000Z,2026-09-01T19:49:42.704Z,2026-09-29,2026-09-29
15bf6977-1d12-4593-a42f-a7a4e635afbd,Direct Result DE,Werkstudent in Sales (m/w/d),recruitee,non_us,unstated,2025-08-20T17:36:11.000Z,2026-09-02T17:28:35.162Z,2026-09-29,2026-09-29
15c50eae-5f02-465a-8e59-c4b2adb06110,Interbrand,Praktikum Brand Strategy // Intern Brand Strategy (all genders),greenhouse,unknown,unstated,2026-09-25T15:57:56.000Z,2026-09-26T23:00:40.122Z,2026-09-29,2026-09-29
15c96fc4-bced-4b48-b2fc-b49c35e3c68b,Neuralink,"Software Engineer Intern, Implant",greenhouse,us,unstated,2026-09-25T01:18:21.000Z,2026-09-08T00:24:09.614Z,2026-09-29,2026-09-29
15d306d4-cbae-4335-b640-e242fb53c7a7,Guess Europe Sagl,Personal RR.HH en prácticas / HR Intern,workable,non_us,unstated,2026-08-25T00:00:00.000Z,2026-08-31T13:36:20.591Z,2026-09-29,2026-09-29
15d8273d-7242-4a69-953f-870b9919753e,TK Elevator Netherlands B.V.,Inkoop stage,recruitee,non_us,unstated,2026-08-04T10:57:49.000Z,2026-09-02T20:29:38.803Z,2026-09-29,2026-09-29
15e8d896-25d2-4069-980b-29476278ae87,Debitos GmbH,Spanish working student  (m/w/d),recruitee,non_us,unstated,2022-06-29T09:10:53.000Z,2026-08-31T04:10:53.906Z,2026-09-29,2026-09-29
15f6aac9-97fd-4df1-a6b9-ee43c57390c9,RAVE Aerospace LLC,Intern - Software Engineering (Summer 2027),workable,us,unstated,2026-09-15T00:00:00.000Z,2026-09-17T21:05:15.914Z,2026-09-29,2026-09-29
15fc1f91-46a6-474d-8577-db7e03a81a1a,Retail Insights,Global Internship Program (Danish speaker) Retail Insights,greenhouse,non_us,unstated,2026-08-28T05:15:21.000Z,2026-09-08T02:41:43.604Z,2026-09-29,2026-09-29
1623a32b-7cdc-499e-92a9-4dfbb8132628,Dentons,Curricular Internship - Litigation and Dispute Resolution Team - Rome,workable,non_us,unstated,2026-05-19T00:00:00.000Z,2026-08-31T04:27:13.654Z,2026-09-29,2026-09-29
1639bddf-3e3b-4c94-a6a0-bc832dc89249,Retail Insights,Global Internship Program at Retail Insights,greenhouse,non_us,unstated,2026-08-28T05:17:04.000Z,2026-09-08T02:41:43.604Z,2026-09-29,2026-09-29
163e84ba-1acf-45a1-9512-72aa8a217df7,Lucidya,"Entry-Level Software Engineer (Internship, Fresh Graduate)",workable,non_us,unstated,2026-05-06T00:00:00.000Z,2026-08-31T16:31:05.062Z,2026-09-29,2026-09-29
164add10-daa1-45cb-8967-7a95d65ca7db,Gastronomous Technologies Inc.,Co-Op Mechatronics Engineer,breezy,unknown,unstated,2026-09-25T19:23:33.853Z,2026-08-31T04:22:55.197Z,2026-09-29,2026-09-29
1667064c-a544-4398-a94d-30d6001ad41e,Gelber Group,Discretionary Trading Internship - Summer 2027,greenhouse,us,unstated,2026-09-25T21:31:36.000Z,2026-09-26T20:50:28.547Z,2026-09-29,2026-09-29
16878e7b-983c-4bce-8139-920a10576506,Nord-Ostsee Automobile,Praktikum im Center Hyundai Schleswig (m/w/d),recruitee,non_us,unstated,2026-07-15T06:05:34.000Z,2026-09-02T17:29:57.069Z,2026-09-29,2026-09-29
16899553-0479-4fb7-b5f0-7d7c26a56d1b,HealthCorps,Marketing and Communications Intern,workable,us,unstated,2026-07-14T00:00:00.000Z,2026-08-31T13:39:42.527Z,2026-09-29,2026-09-29
16a47573-5364-46df-8daa-b5a734305d30,Northmarq,"Loan Operations Intern, Summer 2027",greenhouse,us,refuses,2026-09-02T20:41:48.000Z,2026-09-02T22:30:16.273Z,2026-09-29,2026-09-29
16d933bc-7769-430e-bdc1-23d1e337f09d,Thoughtworks,Developer (Vapasi) - Intern,greenhouse,non_us,unstated,2026-09-28T07:10:26.000Z,2026-09-28T14:14:47.528Z,2026-09-29,2026-09-29
16e159f0-64a1-4b1f-ba74-c5b620191b45,Bybit,Content Creator & Product Education Intern,greenhouse,non_us,unstated,2026-09-11T15:34:10.000Z,2026-09-17T04:25:43.717Z,2026-09-29,2026-09-29
17045a01-dc9f-489e-8365-4e9f2e2b4c33,Cabify,Growth B2B Internship,greenhouse,non_us,unstated,2026-08-20T10:41:09.000Z,2026-08-03T22:38:20.456Z,2026-09-29,2026-09-29
175d793c-7778-4e24-a3c4-1c268ef92fa5,CloudCommerce,Marketing Intern,breezy,non_us,unstated,2026-09-09T03:44:31.684Z,2026-09-08T15:19:30.730Z,2026-09-29,2026-09-29
1778b08f-aa20-4675-b6ce-8a87d1a31232,ASM,Materials Project Intern (Spring 2027),greenhouse,us,unstated,2026-08-21T11:13:21.000Z,2026-09-16T00:00:02.271Z,2026-09-29,2026-09-29
179822fa-57f0-417a-b772-a1fe32cd4959,PHĀEA,Interns,workable,non_us,unstated,2025-02-10T00:00:00.000Z,2026-08-31T13:37:19.860Z,2026-09-29,2026-09-29
17a618cb-5e22-43ed-be98-2242d7f8667b,Glance,UX Design - Intern,greenhouse,non_us,unstated,2026-09-24T08:31:44.000Z,2026-09-19T17:32:52.411Z,2026-09-29,2026-09-29
17e7ffa7-9a43-4777-9ae5-7c1d92c02df8,NEMO Science Museum,Stage Online Content,recruitee,non_us,unstated,2026-09-22T12:00:39.000Z,2026-09-25T06:56:13.798Z,2026-09-29,2026-09-29
184f618c-3558-4f3d-996e-58d3396d16e4,Schonfeld,2027 DMFI Quant Developer Intern,greenhouse,non_us,unstated,2026-09-22T15:52:29.000Z,2026-09-18T07:45:45.247Z,2026-09-29,2026-09-29
1855bc92-309c-4180-8495-80247c5d4397,ALKU,Sales Internship Program,greenhouse,us,refuses,2026-09-25T15:25:55.000Z,2026-09-01T19:02:52.178Z,2026-09-29,2026-09-29
186a1dbc-c32c-4366-ac3b-abf1e43932b4,Deutsche Stiftung für Engagement und Ehrenamt,Werkstudent:in Juristische Beratung (m/w/d),recruitee,non_us,unstated,2026-09-28T04:22:06.000Z,2026-09-28T19:03:58.054Z,2026-09-29,2026-09-29
1884137e-794b-44ca-a1e0-8fb7a0bf30a8,Force Factor,Summer 2027 Sales & Business Development Intern,greenhouse,us,unstated,2026-09-17T21:51:51.000Z,2026-09-19T08:06:15.741Z,2026-09-29,2026-09-29
188cf5ea-ae34-42af-b5c7-351a92cdde3b,Rapsodo,People Projects Intern,workable,non_us,unstated,2026-09-25T00:00:00.000Z,2026-09-26T15:17:14.411Z,2026-09-29,2026-09-29
18983e98-8b7a-4627-9c62-ab92e4ce2cf5,Direct Result DE,Werkstudent in Sales (m/w/d),recruitee,non_us,unstated,2025-02-07T14:10:48.000Z,2026-09-02T17:28:35.162Z,2026-09-29,2026-09-29
18ac5a66-ff6e-4e2c-88a9-333b30d82375,Manometric,Internship Design Engineering,recruitee,non_us,unstated,2021-07-30T10:33:47.000Z,2026-08-31T04:25:28.345Z,2026-09-29,2026-09-29
18b26778-90ea-446d-8cd6-3f694348cc02,GermanZero e.V.,Praktikum im Bereich Kommunikation,recruitee,non_us,unstated,2025-04-30T12:04:29.000Z,2026-08-31T04:17:16.150Z,2026-09-29,2026-09-29
18dd2e80-9a5b-4430-8a6c-bea1b76591d7,Avi Medical,Werkstudent:in Finance (all genders),greenhouse,non_us,unstated,2026-07-23T11:46:14.000Z,2026-08-31T04:14:57.177Z,2026-09-29,2026-09-29
1916ed9c-e8b4-4e4c-b81e-f8b457ffd0e0,HelloFresh,Werkstudent Rezeptmanagement (all genders),greenhouse,non_us,unstated,2026-09-23T12:10:18.000Z,2026-09-25T04:32:45.325Z,2026-09-29,2026-09-29
192a2968-1f5a-41b1-b268-848c95bf93be,CMS Derks Star Busmann N.V.,Advocaat-stagiaire Banking & Finance - Transactional Banking,recruitee,non_us,unstated,2026-06-09T07:53:39.000Z,2026-09-02T17:28:27.381Z,2026-09-29,2026-09-29
19400208-bb50-4674-9723-01e74624562e,Consigli Construction,Field Operations Co-op (Spring 2027),workable,us,unstated,2026-07-06T00:00:00.000Z,2026-08-31T04:24:01.655Z,2026-09-29,2026-09-29
195cde65-3e00-4131-819f-fba35daeb8ca,Ballast Nedam,Stage Groenbeheer en Onderhoud,recruitee,non_us,unstated,2026-03-26T12:25:47.000Z,2026-08-31T04:07:03.836Z,2026-09-29,2026-09-29
19692994-97a2-43f7-9638-04ce59ccfe94,Zipline,Civil and Structural Engineer Intern (Summer 2027),greenhouse,us,unstated,2026-09-17T17:05:10.000Z,2026-09-19T08:08:31.082Z,2026-09-29,2026-09-29
19af8351-0a22-4cdb-a0e8-ff1e61ab84c4,Nacre Capital,Operations Intern,workable,non_us,unstated,2026-09-14T00:00:00.000Z,2026-09-16T05:41:54.447Z,2026-09-29,2026-09-29
19b49b88-7525-439b-9626-d0747155027d,Black Diamond Networks,Marketing  Internship,recruitee,us,unstated,2026-08-14T12:43:48.000Z,2026-08-31T04:08:24.083Z,2026-09-29,2026-09-29
19b4b708-9268-4e09-8207-0b521c407696,Pacific Defense,Pacific Defense Internship Opportunities - USC,workable,us,unstated,2026-09-24T00:00:00.000Z,2026-09-26T07:03:38.102Z,2026-09-29,2026-09-29
19b9c77f-5306-4d9e-b7e6-a651dd1183e3,Bright Harbor Healthcare,Sustainability Intern,workable,us,unstated,2026-01-28T00:00:00.000Z,2026-08-31T04:18:21.930Z,2026-09-29,2026-09-29
1a017df9-8c6f-4185-b387-607582b6a783,DoorDash USA,Machine Learning Intern (Masters) - Summer 2027,greenhouse,us,unstated,2026-09-28T14:02:49.000Z,2026-09-26T21:09:25.675Z,2026-09-29,2026-09-29
1a0fb337-ccd3-4958-8f78-42b35bbc4063,Waardeburgh,Stage,recruitee,non_us,unstated,2025-11-05T13:08:37.000Z,2026-08-31T21:32:20.077Z,2026-09-29,2026-09-29
1a337b9e-4a6e-4500-ba48-5e75a0975fc2,Solarvest,Investment Intern,workable,unknown,unstated,2026-04-14T00:00:00.000Z,2026-08-31T20:49:56.751Z,2026-09-29,2026-09-29
1a4284d0-ff96-4ba6-8245-d238bbd4cdb8,Skillz Inc,"Co-op, Platform Communications",greenhouse,us,unstated,2026-09-14T14:47:21.000Z,2026-09-03T19:05:58.308Z,2026-09-29,2026-09-29
1a4906cb-d339-492d-a3f7-fc63aceaa0ff,Northmarq,"Portfolio and Asset Management Intern, Summer 2027",greenhouse,us,refuses,2026-09-15T19:58:01.000Z,2026-09-03T20:01:28.118Z,2026-09-29,2026-09-29
1a639961-b08e-4730-ac20-8ea3691e4cc9,Zipline,Field Systems Engineer Intern (Spring 2027),greenhouse,us,refuses,2026-09-25T13:31:35.000Z,2026-09-25T15:12:08.257Z,2026-09-29,2026-09-29
1a6c1bcb-5231-4f41-9a8d-15d4b7907724,CoverWorks Group,Stage: Sustainability & Business Impact (ISO 14001),recruitee,non_us,unstated,2026-05-18T07:38:01.000Z,2026-08-31T04:12:25.701Z,2026-09-29,2026-09-29
1a94ffcb-fa0e-40c9-9c69-37591d8ca084,LABEYRIE FINE FOODS,Stage - Assistant.e chef.fe de produit L'Atelier Blini H/F – Paris,recruitee,non_us,unstated,2026-09-14T12:06:55.000Z,2026-09-15T08:46:01.713Z,2026-09-29,2026-09-29
1aa9db46-21d3-4172-956e-c9bb8a5ba771,AbCellera,IT Helpdesk Intern (8-month Co-op),greenhouse,non_us,unstated,2026-09-24T21:15:00.000Z,2026-09-14T15:53:41.537Z,2026-09-29,2026-09-29
1ab78172-ed61-4461-a00d-a2f09b4f08ca,Ferm,Stagiair Ferm Kinderopvang Antwerpen,recruitee,non_us,unstated,2026-04-08T14:03:13.000Z,2026-09-22T02:17:06.105Z,2026-09-29,2026-09-29
1ac0cb13-d0c7-4f7c-9d7f-a2b413d5fce0,"Love, Bonito",Product Development Intern (Fashion),workable,non_us,unstated,2026-09-08T00:00:00.000Z,2026-09-08T03:08:51.120Z,2026-09-29,2026-09-29
1acc437f-f6a8-4f77-8da2-d30f87f05249,neo Kanzlei,Werkstudent Steuerberatung (m/w/d),recruitee,non_us,unstated,2026-07-20T16:14:56.000Z,2026-08-31T04:30:09.633Z,2026-09-29,2026-09-29
1ad50d9e-0817-48f4-a058-c055a6bed8a2,Champions Group Holdings,Digital Content Marketing Intern (Generative AI),greenhouse,us,unstated,2026-09-17T19:11:17.000Z,2026-09-18T00:10:21.721Z,2026-09-29,2026-09-29
1aecfe65-cfb7-4529-a90f-b6684443ece2,General Matter,Summer 2027 Internship - Software Engineering,greenhouse,us,unstated,2026-09-21T23:44:19.000Z,2026-09-19T13:54:56.300Z,2026-09-29,2026-09-29
1b181f1f-0dd8-4393-86c9-6b8771d5e252,Lease a Bike,Chargé(e) d'opérations  H/F,recruitee,non_us,unstated,2026-01-13T13:12:30.000Z,2026-08-31T04:27:14.650Z,2026-09-29,2026-09-29
1b24a14a-564f-497d-97db-bf9c597afbb2,AMI PARIS,Stage - Assistant.e contrôle de gestion (international) H/F,recruitee,non_us,unstated,2026-09-17T13:00:22.000Z,2026-09-18T02:42:45.815Z,2026-09-29,2026-09-29
1b343132-71a6-4dde-95bb-9738c270a7f3,"Huawei Technologies Canada Co., Ltd.",Co-op Researcher  - Web & AI,recruitee,non_us,unstated,2026-05-08T17:28:37.000Z,2026-08-31T04:21:36.768Z,2026-09-29,2026-09-29
1b38774f-9266-463d-b0ca-36f981eeada1,Stevens Capital Management LP - Full Time and Internships,Quantitative Research Analyst Internship,greenhouse,us,unstated,2026-05-24T05:00:17.000Z,2026-08-31T04:35:23.314Z,2026-09-29,2026-09-29
1b6b6573-6d5a-4d34-9961-3c5690d920b1,D2L- Early Talent,Public Relations & Communications Coordinator - Winter 2027 Co-op,greenhouse,non_us,unstated,2026-09-15T20:53:41.000Z,2026-09-18T01:36:36.566Z,2026-09-29,2026-09-29
1b6c90f9-a1d4-4911-9d57-68d1d3791855,"Loka, Inc",Data Engineering Intern,greenhouse,non_us,unstated,2026-09-09T22:58:44.000Z,2026-09-02T15:54:03.225Z,2026-09-29,2026-09-29
1ba1e1e3-b43a-47ca-9c9a-e27e02fcdf64,AlixPartners,Turnaround & Restructuring - MBA Intern,greenhouse,us,refuses,2026-09-10T20:46:21.000Z,2026-09-15T11:09:16.408Z,2026-09-29,2026-09-29
1bb71412-0675-47b4-a9e9-30212f3da2a7,Advancy Partners,Paris - Strategy Consultant Intern (End-of-studies)  (H/F),recruitee,non_us,unstated,2021-11-29T09:37:08.000Z,2026-08-31T04:04:21.868Z,2026-09-29,2026-09-29
1bd9f2f3-12b0-4fda-8bb4-51609e8083f7,Solarvest,Project Intern (Powerbee),workable,unknown,unstated,2025-03-04T00:00:00.000Z,2026-08-31T20:49:56.751Z,2026-09-29,2026-09-29
1bdb1ae9-250f-4ff0-b917-e8057a6e6585,Blackbird,Banco de Talentos - Estágio - Wealth Management,workable,non_us,unstated,2026-07-10T00:00:00.000Z,2026-08-31T04:16:39.593Z,2026-09-29,2026-09-29
1be6e754-fd69-4227-ac67-66a18f891bbe,Plugged Group,Internship: Creator & Styling Assistant,recruitee,non_us,unstated,2025-07-28T07:52:53.000Z,2026-09-02T17:30:24.667Z,2026-09-29,2026-09-29
1c1a0cfe-4185-407f-9ab8-e57d2124dc35,Hotel Gorinchem (A27),Stageplaatsen,recruitee,non_us,unstated,2025-12-12T15:56:33.000Z,2026-08-31T04:20:09.784Z,2026-09-29,2026-09-29
1c1b3a69-3907-4ead-8630-d0052337d295,Solarvest,Project Management Intern (PJ),workable,unknown,unstated,2025-02-27T00:00:00.000Z,2026-08-31T20:49:56.751Z,2026-09-29,2026-09-29
1c2262fe-7e06-472e-8f85-c48b276fe3e5,e-Luscious,Design Studio - Stage,recruitee,non_us,unstated,2026-04-09T11:21:33.000Z,2026-08-31T04:13:33.676Z,2026-09-29,2026-09-29
1c28c1ec-4d36-4a3e-a63a-a899a306d611,DRW - University Jobs,Spring 2027 City Scholars Software Developer Intern,greenhouse,us,unstated,2026-09-24T18:02:08.000Z,2026-09-26T13:04:21.065Z,2026-09-29,2026-09-29
1c6fb7e6-e2e5-4f4d-811e-86465f5d20fd,Consigli Construction,Field Operations Intern (Summer 2027),workable,us,unstated,2026-08-26T00:00:00.000Z,2026-08-31T04:24:01.655Z,2026-09-29,2026-09-29
1c79f266-8efb-4a6f-a244-515634233d0d,Broadpin,DACH Mandatory Internship,workable,non_us,unstated,2026-07-16T00:00:00.000Z,2026-08-31T20:45:20.247Z,2026-09-29,2026-09-29
1c7a61ca-8df3-42b9-a4db-eae053305003,Consigli Construction,Field Operations Co-op (Spring 2027),workable,us,unstated,2026-08-03T00:00:00.000Z,2026-08-31T04:24:01.655Z,2026-09-29,2026-09-29
1c7c7c21-7731-446d-80bb-651f77b703bf,EquipmentShare,Intern: Fleet Allocation Specialist,greenhouse,us,unstated,2026-09-21T23:28:30.000Z,2026-09-19T06:57:49.090Z,2026-09-29,2026-09-29
1cb45aee-5557-42ea-885b-fe5c9580666e,Astranis,Harness Design Engineer Intern (Winter 2027),greenhouse,us,refuses,2026-09-25T21:56:42.000Z,2026-09-25T07:27:18.212Z,2026-09-29,2026-09-29
1cb4881d-1417-4771-a03a-ef58fedc9bf2,Consigli Construction,Field Operations Intern (Summer 2027),workable,us,unstated,2026-08-26T00:00:00.000Z,2026-08-31T04:24:01.655Z,2026-09-29,2026-09-29
1cdd38fa-67e4-4349-98ba-3d272a4a9a69,LV Collective,Graphic Design Intern,workable,us,unstated,2025-11-24T00:00:00.000Z,2026-08-31T20:22:51.493Z,2026-09-29,2026-09-29
1cef83d7-528a-49ad-8a2b-8d1d23a245de,Rentokil Initial,3 x PCO Interns: Claremont: WC,workable,non_us,unstated,2026-06-21T00:00:00.000Z,2026-08-31T20:46:02.511Z,2026-09-29,2026-09-29
1cf49589-b4d7-4e18-85f5-0221be565e6d,Retail Insights,Entrepreneur in Residence Intern (Italian speaker) Retail Insights,greenhouse,non_us,unstated,2026-08-28T05:15:24.000Z,2026-09-08T02:41:43.604Z,2026-09-29,2026-09-29
1d28e508-f7df-4b23-963a-f87f05cf8e3e,General Matter,Summer 2027 Internship - Embedded Software Engineering,greenhouse,us,unstated,2026-09-21T23:44:19.000Z,2026-09-19T13:54:56.300Z,2026-09-29,2026-09-29
1d2cbf2f-ed3b-4747-aed4-5234c1fb4fba,Audax Group,Data Analytics Co-Op,greenhouse,us,unstated,2026-09-24T13:52:58.000Z,2026-09-16T02:48:00.083Z,2026-09-29,2026-09-29
1d2ff70c-057f-4c7d-8cc7-72cb039063f1,Retail Insights,Marketing campaign intern (Danish Speaker),greenhouse,non_us,unstated,2026-08-28T05:15:03.000Z,2026-09-08T02:41:43.604Z,2026-09-29,2026-09-29
1d4bf8c8-9ebd-4093-a5c9-cf1cfb9c04b7,PathAI,Machine Learning Intern/Co-op,greenhouse,us,unstated,2026-09-24T21:51:54.000Z,2026-09-25T03:46:50.402Z,2026-09-29,2026-09-29
1d6e1fb8-3c6f-4d67-b2bd-2ce8aceefde1,PetroApp,"Co-op Trainee (IT, Marketing, Product Management, Sales)",workable,non_us,unstated,2026-09-08T00:00:00.000Z,2026-09-08T05:40:10.110Z,2026-09-29,2026-09-29
1d7d9d69-1eb9-44db-86aa-de54d9331b74,EquipmentShare,Intern: Software Engineer,greenhouse,us,unstated,2026-09-21T23:28:30.000Z,2026-09-19T06:57:49.090Z,2026-09-29,2026-09-29
1d86227f-bdc3-4987-ad6b-671dc5f03cd0,Elite Talent,HR Intern,workable,unknown,unstated,2026-01-27T00:00:00.000Z,2026-08-31T04:30:25.435Z,2026-09-29,2026-09-29
1d934aa8-38ea-4510-833c-d3be04df5ce0,Axicom,Summer Internship,greenhouse,us,unstated,2026-06-09T13:33:43.000Z,2026-08-31T04:14:51.132Z,2026-09-29,2026-09-29
1d98ea82-3846-4bf6-8608-1c2d7c8045dc,Jackson Thornton,Spring 2028 Audit Internship,greenhouse,us,unstated,2026-09-14T21:32:07.000Z,2026-09-20T22:21:05.546Z,2026-09-29,2026-09-29
1daa685c-b52e-4f40-9a0b-e0307b790876,Het Notarieel,Werkstudent Familierecht,recruitee,non_us,unstated,2026-08-20T10:00:35.000Z,2026-09-02T17:29:04.969Z,2026-09-29,2026-09-29
1db8cf5b-c409-4f93-8b82-3e1860fb4e5d,Shift Technology,Data Science internship - Spanish speaker (6months),greenhouse,non_us,unstated,2026-08-21T11:26:05.000Z,2026-08-31T20:11:59.678Z,2026-09-29,2026-09-29
1dbbc5cc-638d-45c7-8387-da664f3b7447,Claus Group,Stagiair Finance,recruitee,non_us,unstated,2026-09-09T11:16:05.000Z,2026-09-09T14:21:55.039Z,2026-09-29,2026-09-29
1de568a5-df13-4032-96e6-6ff580ee2e88,Street Child,Swiss Fundraising Intern,workable,non_us,unstated,2024-01-30T00:00:00.000Z,2026-08-31T04:39:25.414Z,2026-09-29,2026-09-29
1df00ccc-d29b-40db-9f4f-2a90cad7decb,Ninja,HRIS Intern,workable,non_us,unstated,2026-09-01T00:00:00.000Z,2026-09-15T04:13:11.820Z,2026-09-29,2026-09-29
1e2caa3b-7df5-43da-beda-69111302a571,Liquin,Meewerkstage Procurement & Inkoop,recruitee,non_us,unstated,2026-06-17T11:15:13.000Z,2026-09-02T17:29:40.089Z,2026-09-29,2026-09-29
1e33a146-cba9-405d-9c76-59fea85ac2b8,Mellon Group of Companies,IT Helpdesk Intern,workable,non_us,unstated,2025-02-25T00:00:00.000Z,2026-08-31T20:23:57.442Z,2026-09-29,2026-09-29
1e640da0-4b22-40eb-8288-70c30a5272fa,Wakuli,Impact Intern,recruitee,non_us,unstated,2026-09-21T07:47:52.000Z,2026-09-22T11:46:49.856Z,2026-09-29,2026-09-29
1e71553b-d067-4a3e-980c-1e0fe8148f25,HP IQ,"Software Engineer Intern, Cloud Services (Summer 2027)",greenhouse,us,unstated,2026-08-31T19:24:19.000Z,2026-09-01T09:13:55.963Z,2026-09-29,2026-09-29
1e80feca-d51f-4cd3-98ea-510a63265678,Valmark Financial Group,Investment Advisory Services Intern,crelate,us,refuses,2026-09-09T12:43:53.000Z,2026-09-09T23:04:04.249Z,2026-09-29,2026-09-29
1edc62e7-6da1-4a0f-8363-8e04ae5e44b5,Zipline,Perception Intern (Summer 2027),greenhouse,us,unstated,2026-09-17T17:05:10.000Z,2026-09-19T08:08:31.082Z,2026-09-29,2026-09-29
1ee2aea3-4699-4852-b569-8391c60c936c,Van Lanschot Kempen,"Corporate Finance, Equity Capital Markets, Debt Advisory – Stage",recruitee,non_us,unstated,2026-04-23T09:58:01.000Z,2026-08-31T13:36:05.822Z,2026-09-29,2026-09-29
1eff7f1b-c25f-4eed-8d7c-049cdc294dec,EquipmentShare,Intern: Accounting,greenhouse,us,unstated,2026-09-21T23:28:30.000Z,2026-09-19T06:57:49.090Z,2026-09-29,2026-09-29
1f1dff93-2b9b-4393-89c9-4f5e4261ec4b,LV Collective,Victory Lap Social Media & Events Fall Intern - Sports & Hospitality,workable,us,unstated,2026-04-28T00:00:00.000Z,2026-08-31T20:22:51.493Z,2026-09-29,2026-09-29
1f5a36d2-9198-4f2b-ba0a-9d6aab3782f2,Die Grenze BV,Stage/BBL Almelo van Goghplein,recruitee,non_us,unstated,2024-10-21T08:36:00.000Z,2026-08-31T04:12:20.250Z,2026-09-29,2026-09-29
1f6952c0-4e79-4c4a-b7b7-87a8e33e2c43,Mrsool,"Co-op Intern , Logistics",workable,non_us,unstated,2026-09-06T00:00:00.000Z,2026-09-06T11:55:09.955Z,2026-09-29,2026-09-29
1f7e97dd-fb00-4bb5-a2c3-374ae2312ca9,Zipline,Civil and Structural Engineer Intern (Spring 2027),greenhouse,us,unstated,2026-09-17T17:05:10.000Z,2026-09-19T08:08:31.082Z,2026-09-29,2026-09-29
1fab6a49-6770-485c-af37-8f0e32af5b58,ASM,Simulation and Modeling Intern (Spring 2027),greenhouse,us,unstated,2026-08-21T10:10:55.000Z,2026-09-16T00:00:02.271Z,2026-09-29,2026-09-29
1fbdd7e8-d8ea-4f2e-91cb-8a7bc656d7e1,VIGO groep,3e jaar hbo Verpleegkunde | Gebiedsgerichte Zorg Weert,recruitee,non_us,unstated,2026-02-27T13:56:04.000Z,2026-08-31T21:32:21.822Z,2026-09-29,2026-09-29
1ffe7cdd-3205-4fe7-82ea-453b59a89a88,ASM,"Intern - Category Management, Sourcing",greenhouse,non_us,unstated,2026-08-28T02:13:22.000Z,2026-09-16T00:00:02.271Z,2026-09-29,2026-09-29
202512fa-e601-42f9-ae77-a7a72680690e,Zipline,Flight Test Engineer Intern (Spring 2027),greenhouse,us,unstated,2026-09-21T17:46:18.000Z,2026-09-22T12:45:52.152Z,2026-09-29,2026-09-29
2033393b-e4b8-4b13-a7cd-807dc7cb8100,BeamNG GmbH,Business Development Intern,workable,non_us,unstated,2026-09-11T00:00:00.000Z,2026-08-31T04:13:56.732Z,2026-09-29,2026-09-29
20626f70-0dd7-46e7-b878-2962252b62c7,Interstates,Assistant Project Manager Intern (Summer 2027) - National Travel,greenhouse,us,unstated,2026-09-16T19:58:35.000Z,2026-09-09T21:23:46.590Z,2026-09-29,2026-09-29
2062b55b-d2a5-4f01-8f83-bb3a816892f7,Astranis,Reliability Test Intern (Winter 2027),greenhouse,us,refuses,2026-09-25T21:56:45.000Z,2026-09-25T07:27:18.212Z,2026-09-29,2026-09-29
206a7074-8db0-4338-b176-976f739d3a62,Lincoln International,Stockholm - M&A Internship Jan-June 2027,greenhouse,non_us,unstated,2026-09-15T20:47:32.000Z,2026-09-08T18:21:56.193Z,2026-09-29,2026-09-29
206ccbbb-263a-40ed-9612-0a49ffcfd3e5,Pacific Fusion,Summer 2027 Internship- Software Engineering,greenhouse,us,unstated,2026-09-10T22:38:31.000Z,2026-09-10T00:51:50.242Z,2026-09-29,2026-09-29
206ce316-9486-4153-ad35-d8daa1c049c3,Funding Societies | Modalku Group,Marketing Intern,workable,non_us,unstated,2026-08-20T00:00:00.000Z,2026-08-31T04:38:02.474Z,2026-09-29,2026-09-29
20986e61-da8b-49eb-8e40-bf18e952e613,Bracebridge Capital,Northeastern University Tax Co-op,greenhouse,us,unstated,2026-09-21T21:07:50.000Z,2026-09-15T05:05:54.832Z,2026-09-29,2026-09-29
20ca6f2b-7652-4591-a412-5f62d6857412,Gastronomous Technologies Inc.,Co-Op Electrical Engineer,breezy,unknown,unstated,2026-09-25T19:22:53.563Z,2026-08-31T04:22:55.197Z,2026-09-29,2026-09-29
211b8529-5526-42b1-8133-e840125e5813,Benesch,Bridge Design & Structural Engineering Internship,greenhouse,us,unstated,2026-09-21T03:52:32.000Z,2026-09-22T04:59:16.221Z,2026-09-29,2026-09-29
21254630-323e-45cd-8686-fd92dac883bb,IK Partners,Capital Markets Off-Cycle Analyst 2027,recruitee,non_us,unstated,2026-09-24T12:32:23.000Z,2026-09-25T13:33:18.548Z,2026-09-29,2026-09-29
21579462-f62c-4f59-9ada-1697eaa1f63b,i-profile GmbH,Praktikant/ Werkstudent Digitalisierung & Innovation (m/w/d),recruitee,non_us,unstated,2025-04-11T13:44:13.000Z,2026-08-31T04:25:31.178Z,2026-09-29,2026-09-29
2180af0c-7680-40f3-a413-62dc15daed06,Themis Insight,ServiceNow System Administrator (SkillBridge Internship),breezy,us,unstated,2026-09-10T16:56:35.484Z,2026-09-07T19:15:27.687Z,2026-09-29,2026-09-29
2181d74a-218a-4037-8a24-1cd762511e6b,Die Grenze BV,Stage/BBL Helmond,recruitee,non_us,unstated,2024-10-21T09:37:31.000Z,2026-08-31T04:12:20.250Z,2026-09-29,2026-09-29
21a0741e-8fba-4acc-b2e5-91516ae2b29b,AffiliateUp,Talent Acquisition Intern,greenhouse,non_us,unstated,2026-06-26T05:02:31.000Z,2026-09-15T08:49:32.911Z,2026-09-29,2026-09-29
21bbbb5f-5825-40a7-bf37-68e6db852e03,Mein Makler GmbH,"Werkstudent (m/w/d) – Immobilien, Organisation & Unternehmertum",recruitee,non_us,unstated,2025-11-02T05:09:42.000Z,2026-08-31T04:28:36.097Z,2026-09-29,2026-09-29
21c437eb-1f00-4710-afc6-ee8d8538d42c,Mon Marché,Business Analyst (H/F) Stage 6 mois 🍓,recruitee,non_us,unstated,2026-06-05T09:21:38.000Z,2026-09-02T17:29:48.886Z,2026-09-29,2026-09-29
21e0a162-bb15-4041-8a23-864c45500906,CFO Insights,Danish Speaker email marketing internship,greenhouse,non_us,unstated,2026-08-28T05:15:03.000Z,2026-09-17T14:33:08.074Z,2026-09-29,2026-09-29
2223783a-a5e3-41a7-be33-8d1e89aa82c3,Perry Homes,2027 Summer Internship - Purchasing,workable,us,unstated,2026-09-04T00:00:00.000Z,2026-09-04T17:21:23.474Z,2026-09-29,2026-09-29
2243e14d-c2e1-4f8c-882a-3af1fa19af71,Atlantbh,Atlantbh Internship,workable,unknown,unstated,2026-09-25T00:00:00.000Z,2026-09-26T20:12:13.477Z,2026-09-29,2026-09-29
22449449-dcdb-4a29-8a79-ba0fb67a51e8,Schonfeld,2026 BSc/MSc/PhD Quantitative Research/Strat Internship,greenhouse,non_us,unstated,2026-09-22T13:15:59.000Z,2026-08-03T19:50:08.701Z,2026-09-29,2026-09-29
22449520-cc42-4675-a9ec-bdac042fea99,Seated,Recruiting Intern,workable,us,unstated,2026-09-23T00:00:00.000Z,2026-09-24T10:59:05.595Z,2026-09-29,2026-09-29
2247f5f2-e7c2-40e3-97d9-e41f863b658e,status C AG,Werkstudent (m/w/d) SAP-Beratung – SAP- Support und Logistik,recruitee,non_us,unstated,2026-06-03T13:17:50.000Z,2026-08-31T04:38:09.708Z,2026-09-29,2026-09-29
2302ec43-52f1-44f5-b274-59106b35b766,Paradigm Power Delivery Inc.,Intern - Summer 2027,workable,us,unstated,2026-09-15T00:00:00.000Z,2026-09-16T05:07:51.612Z,2026-09-29,2026-09-29
2309ab6d-a97d-4c65-bf67-40617fcc9fae,StepStone Group,2027 Private Debt Summer Analyst,greenhouse,us,unstated,2026-08-25T19:58:53.000Z,2026-09-01T19:59:22.656Z,2026-09-29,2026-09-29
231367a4-ce57-4766-8444-6d61053fb645,Antea Group,Stage grondwerker GWW,recruitee,non_us,unstated,2026-06-29T09:04:21.000Z,2026-08-31T04:05:43.270Z,2026-09-29,2026-09-29
23240e15-350e-4b15-bbee-88419dbd1fc9,F.H. Paschen,Safety Intern - Chicago Summer 2027,workable,us,unstated,2026-08-21T00:00:00.000Z,2026-08-31T04:34:43.688Z,2026-09-29,2026-09-29
232797ff-fc32-42aa-a65a-2dc66afeaf35,Curi Capital,Investment Management Intern,greenhouse,us,unstated,2026-09-17T16:21:22.000Z,2026-09-18T01:27:51.705Z,2026-09-29,2026-09-29
234216e3-8660-402e-b3b0-263c05f31b07,Movares,Afstudeerstage | Bodemmodellering & Energietransitie,recruitee,non_us,unstated,2026-08-03T09:43:35.000Z,2026-08-31T04:28:33.818Z,2026-09-29,2026-09-29
234b70d7-e53d-4699-90ca-86a11a38fcb9,Schonfeld,2027 DMFI Technology Intern,greenhouse,us,unstated,2026-09-22T13:15:59.000Z,2026-09-04T18:36:16.265Z,2026-09-29,2026-09-29
23525ea8-aec1-4e1f-b766-7146f87f268c,Die Grenze BV,Stage/BBL Coevorden,recruitee,non_us,unstated,2026-08-31T09:30:29.000Z,2026-08-31T22:05:07.181Z,2026-09-29,2026-09-29
23704f9c-6754-4425-afa2-a55533dcf6d4,Infosys Singapore & Australia,Data Analyst (Internship),workable,non_us,unstated,2023-07-03T00:00:00.000Z,2026-08-31T21:32:21.277Z,2026-09-29,2026-09-29
2376b0c5-79a9-46e3-80a2-bf1e35bd7d66,Griffis Residential,Property Management Summer Internship,greenhouse,us,unstated,2026-09-21T15:23:14.000Z,2026-09-15T05:03:27.488Z,2026-09-29,2026-09-29
23abad1c-f400-454c-b2d2-0926819e96e3,Brunswick Group,"Internship Program Autumn 2026, Germany - Berlin",greenhouse,non_us,unstated,2026-08-25T12:46:48.000Z,2026-09-16T23:00:54.336Z,2026-09-29,2026-09-29
2452d409-c2ed-4312-8cf6-0db0c271103a,Zipline,Electrical Project Engineer Intern (Spring 2027),greenhouse,us,unstated,2026-09-17T17:05:10.000Z,2026-09-19T08:08:31.082Z,2026-09-29,2026-09-29
246a0b0a-d682-4e98-9a21-616132034799,DRW,Venture Capital Analyst Intern,greenhouse,us,refuses,2026-09-15T16:49:51.000Z,2026-07-31T20:27:09.195Z,2026-09-29,2026-09-29
24826123-5425-4fd1-8361-b47017fd59ef,RoboForce,Robotics Electrical Engineering Intern,greenhouse,us,unstated,2026-08-23T22:42:33.000Z,2026-08-31T20:11:58.723Z,2026-09-29,2026-09-29
2494d5fa-fafb-4107-8d0c-b560afd10fff,"Cain Watters & Associates, LLC",Associate Financial Planner Intern - Spring 2028,recruitee,us,unstated,2026-08-20T11:42:31.000Z,2026-08-31T04:09:38.023Z,2026-09-29,2026-09-29
24edc0c7-0272-4c59-9cfc-2b347148377e,Schonfeld,2026 Operational Risk Internship,greenhouse,non_us,unstated,2026-09-22T13:15:59.000Z,2026-08-03T19:50:08.701Z,2026-09-29,2026-09-29
24ee193f-5c43-461a-b194-697f549765b5,goMed GmbH,Praktikum Junior Consultant Health Care (m/w/d),recruitee,non_us,unstated,2025-08-27T06:31:52.000Z,2026-08-31T04:17:19.022Z,2026-09-29,2026-09-29
251855fc-ca12-40cc-b814-cc3b7f0aed0a,OnlineDialog GmbH,Werkstudent:in (m/w/d) Community Management (Homeoffice),recruitee,non_us,unstated,2025-08-15T12:35:52.000Z,2026-08-31T22:36:11.525Z,2026-09-29,2026-09-29
2537a378-56a5-4fc7-aa2a-f47ef83402e6,Keywords Studios,HR Intern,workable,unknown,unstated,2026-07-20T00:00:00.000Z,2026-08-31T20:20:23.487Z,2026-09-29,2026-09-29
254d683c-daaa-42ad-b010-64d6c63292b7,Die Grenze BV,Stage/BBL Groenlo,recruitee,non_us,unstated,2024-10-21T10:00:38.000Z,2026-08-31T04:12:20.250Z,2026-09-29,2026-09-29
25b7e61e-0f98-4c22-9681-d9f9c3da2f13,Bybit,[Intern] Test Development Engineer Intern,greenhouse,non_us,unstated,2026-09-09T10:31:25.000Z,2026-09-17T04:25:43.717Z,2026-09-29,2026-09-29
25cb110a-1723-4e14-844c-741a1daed4e1,Kruger NearShore LLC - Rekluti,PASANTE FINANCIERO,recruitee,non_us,unstated,2026-01-12T18:02:40.000Z,2026-08-31T22:11:41.517Z,2026-09-29,2026-09-29
26010b2b-8885-44d1-bdb2-4715cca027ea,Hamelin,Praktikum Business Development (m/w/d),recruitee,non_us,unstated,2026-04-28T08:28:06.000Z,2026-08-31T04:20:08.372Z,2026-09-29,2026-09-29
26069791-6b66-476d-aead-db71f2073051,Retail Insights,Global Internship Program (German speaker) Retail Insights,greenhouse,non_us,unstated,2026-08-28T05:15:21.000Z,2026-09-08T02:41:43.604Z,2026-09-29,2026-09-29
26134f0f-5a9b-4d98-9f50-fc7e55ba3da3,i-profile GmbH,Praktikant/Werkstudent IT-Consulting (m/w/d),recruitee,non_us,unstated,2025-04-11T13:50:48.000Z,2026-08-31T04:25:31.178Z,2026-09-29,2026-09-29
2676d3c5-2143-4877-829d-b0492bed4f3c,Zipline,Embedded Engineering Intern (Summer 2027),greenhouse,us,unstated,2026-09-17T17:05:10.000Z,2026-09-19T08:08:31.082Z,2026-09-29,2026-09-29
2678e123-80d4-4def-95ab-2cdfb076f00d,PARTOF_,Werkstudent HR & Support (Bijbaan),recruitee,non_us,unstated,2026-07-14T14:54:04.000Z,2026-09-02T17:30:05.959Z,2026-09-29,2026-09-29
2694e550-c790-4ad8-8ffa-4154a81e3f06,Speedwell Construction,Estimating Intern,breezy,us,unstated,2026-09-17T16:52:36.204Z,2026-09-21T03:27:54.183Z,2026-09-29,2026-09-29
26d745f5-f189-4e49-a397-024927b91bdc,Force Factor,Summer 2027 Digital Marketing Intern,greenhouse,us,unstated,2026-09-09T14:41:06.000Z,2026-09-19T08:06:15.741Z,2026-09-29,2026-09-29
26e4e45c-c6b5-4d8d-9ab3-f28172e5128d,Schonfeld,2026 LATAM Investment Analyst (Internship),greenhouse,non_us,unstated,2026-09-22T13:15:59.000Z,2026-08-18T06:02:03.855Z,2026-09-29,2026-09-29
26ece4ca-0ecf-4f21-a0b5-9c23e97062d6,Ballast Nedam,Afstudeerstage Afzinkmethode Tunnels,recruitee,non_us,unstated,2026-03-26T09:24:30.000Z,2026-08-31T04:07:03.836Z,2026-09-29,2026-09-29
26ed13c6-ef42-4ea7-84e3-ba25cbc032a0,Jump Trading,Campus AI Research Engineer – Research Automation (Intern),greenhouse,us,unstated,2026-08-18T21:51:28.000Z,2026-09-01T19:49:42.704Z,2026-09-29,2026-09-29
2742ab6a-5438-4b45-852e-3bc08b4324ad,Anders,Tax Intern - Winter/Spring 2028,greenhouse,us,unstated,2026-08-26T19:31:12.000Z,2026-09-15T12:30:18.881Z,2026-09-29,2026-09-29
275fbdbf-8d5c-46e9-9b38-c7a9331b2675,GXA,Provisioning Technician (Intern),workable,us,unstated,2022-10-24T00:00:00.000Z,2026-08-31T13:36:39.149Z,2026-09-29,2026-09-29
27704ce8-088b-4632-a0f7-5282f279f4db,Na Prática,Estágio - Redes Sociais,greenhouse,non_us,unstated,2026-09-23T15:25:04.000Z,2026-08-31T21:21:51.639Z,2026-09-29,2026-09-29
27892462-2009-4648-aa8b-3b99e2e20396,Scout24,Werkstudent Product Marketing (m/w/d),greenhouse,non_us,unstated,2026-09-25T12:07:44.000Z,2026-09-26T23:28:42.898Z,2026-09-29,2026-09-29
27b4380c-ea53-4aee-a132-33e5e65f72a9,General Matter,Summer 2027 Internship - Electrical I&C Engineering,greenhouse,us,unstated,2026-09-21T23:44:18.000Z,2026-09-19T13:54:56.300Z,2026-09-29,2026-09-29
27b6e486-571e-4c31-8641-0f891cc90c4e,ABRIO GmbH,Praktikum UX/UI Design (m/w/d),recruitee,non_us,unstated,2026-04-20T07:31:50.000Z,2026-09-01T05:52:14.093Z,2026-09-29,2026-09-29
27c537c9-9bfc-44ba-ad41-b59b6906eb58,HealthCorps,Teens Make Health Happen Marketing & Communications Internship - Pittsburgh,workable,us,unstated,2026-09-18T00:00:00.000Z,2026-09-18T22:35:02.457Z,2026-09-29,2026-09-29
2807fe47-ddc4-4724-be78-f1f1a6836d60,Teleport,Teleport Malaysia Internship / Trainee Program 2026,workable,non_us,unstated,2026-04-17T00:00:00.000Z,2026-08-31T21:06:08.989Z,2026-09-29,2026-09-29
280d3fa5-591d-487b-bdd4-80ee8d88fd89,Guidepoint,Client Service Intern,greenhouse,non_us,unstated,2026-09-01T14:53:29.000Z,2026-09-19T21:55:23.664Z,2026-09-29,2026-09-29
280e010e-c2fa-47c4-bd8b-96b76b568af1,Ginmon GmbH,Werkstudent (m/w/d) Sales & Business Development (apeiron),recruitee,non_us,unstated,2026-09-25T15:16:05.000Z,2026-09-26T23:29:02.051Z,2026-09-29,2026-09-29
281ef310-1baa-4139-8df1-026ddc34d0df,Direct Result DE,Internships DR,recruitee,non_us,unstated,2025-11-25T14:28:58.000Z,2026-09-02T17:28:35.162Z,2026-09-29,2026-09-29
28299cda-5598-478a-b9c9-645bac042764,"Huawei Technologies Canada Co., Ltd.",Co-op Engineer - Computer Network for AI,recruitee,non_us,unstated,2026-09-02T12:18:23.000Z,2026-09-02T13:40:25.851Z,2026-09-29,2026-09-29
28324a0c-fe8f-4da4-930c-352c496d3f59,Benesch,Municipal Engineering Internship,greenhouse,us,unstated,2026-09-15T17:21:57.000Z,2026-09-15T12:10:06.929Z,2026-09-29,2026-09-29
2857ac24-e23d-4890-9c95-e0e72ccdc7ae,Jump Trading,Campus Quantitative Trader (Intern),greenhouse,non_us,unstated,2026-07-25T00:00:03.000Z,2026-09-01T19:49:42.704Z,2026-09-29,2026-09-29
288525b3-8147-4fee-8c81-aa9e07a5e18f,"Huawei Technologies Canada Co., Ltd.",Co-op Engineer - Machine Learning and AI Infrastructure,recruitee,non_us,unstated,2026-08-21T16:49:39.000Z,2026-08-31T04:21:36.768Z,2026-09-29,2026-09-29
288602eb-4a58-43c1-ae15-e2e14ace1676,Entourage,VC Intern,workable,non_us,unstated,2024-03-18T00:00:00.000Z,2026-08-31T04:32:31.890Z,2026-09-29,2026-09-29
28b3a740-1ec0-4437-8fe1-aac73cec42d1,DRW,Quantitative Trading Analyst Intern,greenhouse,non_us,unstated,2026-08-19T21:04:51.000Z,2026-08-03T20:13:54.595Z,2026-09-29,2026-09-29
28c90b77-0011-4ea1-b846-cbdb5adc37b2,CoverGo,Business Analyst Intern,workable,non_us,unstated,2026-09-09T00:00:00.000Z,2026-09-09T03:17:30.472Z,2026-09-29,2026-09-29
28c94852-aa25-4e88-ac5c-2733b526a111,"Peak Retirement Planning, Inc.",IT Intern,recruitee,us,unstated,2026-09-03T17:58:32.000Z,2026-09-03T19:35:10.085Z,2026-09-29,2026-09-29
28d22287-d189-4e40-b9a0-e9f1cce3be9e,Die Grenze BV,Stage/BBL Rijssen,recruitee,non_us,unstated,2024-10-21T10:03:09.000Z,2026-08-31T04:12:20.250Z,2026-09-29,2026-09-29
28d5e194-c712-4ddd-bcb2-f617355a6305,Strautmann Hydraulik,Werkstudent Recruiting & Bewerbermanagement  (m/w/d),recruitee,non_us,unstated,2026-04-08T12:43:25.000Z,2026-08-31T04:38:09.738Z,2026-09-29,2026-09-29
28e37fd8-ce87-4a1d-80db-337e41217d0f,Hydrite,Marketing Intern,greenhouse,us,unstated,2026-09-08T15:31:02.000Z,2026-09-08T16:47:10.839Z,2026-09-29,2026-09-29
290da136-fc96-4bfa-b7d8-632f875aa107,Gallup,Data Science Intern — Summer 2027,greenhouse,us,refuses,2026-09-16T19:17:00.000Z,2026-09-19T10:26:35.376Z,2026-09-29,2026-09-29
2921474a-3c1f-4d86-aaf2-fc0191b70e58,Benesch,Civil - Transportation Internship,greenhouse,us,unstated,2026-09-22T21:16:52.000Z,2026-09-22T04:59:16.221Z,2026-09-29,2026-09-29
29298702-7e6d-4069-8cf7-fc06bb4fc1c4,Rapsodo,Marketing Intern,workable,non_us,unstated,2026-09-09T00:00:00.000Z,2026-09-09T06:09:45.106Z,2026-09-29,2026-09-29
292ee387-1fa8-43ab-b576-dcf5575f6f60,Evidence Action,"Intern, Program",workable,unknown,unstated,2026-09-07T00:00:00.000Z,2026-09-07T21:24:58.955Z,2026-09-29,2026-09-29
29334e99-9f09-48ee-af5a-d1a95731e2ff,KRIEG Industriegeräte GmbH,Praktikum Produktmanagement / E-Commerce (m/w/d),recruitee,non_us,unstated,2026-06-29T06:48:50.000Z,2026-08-31T04:25:31.516Z,2026-09-29,2026-09-29
2942fa09-cef1-45d1-a95a-4641efcba1c1,HexArmor,Distributor Operations Internship - Summer 2027,greenhouse,us,unstated,2026-09-23T01:40:29.000Z,2026-09-23T09:19:10.251Z,2026-09-29,2026-09-29
294b2ae4-e714-40d2-960f-578688b5bd4a,AbCellera,Scientific Intern (12-month Internship),greenhouse,non_us,unstated,2026-09-28T05:46:35.000Z,2026-09-28T10:37:10.937Z,2026-09-29,2026-09-29
29746230-52ac-46ea-b9d5-16e2d5f7f3c0,Benesch,Civil Site/Land Development Internship,greenhouse,us,unstated,2026-09-25T19:07:03.000Z,2026-09-27T03:13:58.605Z,2026-09-29,2026-09-29
2977f6b5-80af-483e-8ea2-5709bb8479bd,ZIRA,DEV ZIRA Talent Academy 2026,recruitee,non_us,unstated,2026-09-22T12:06:29.000Z,2026-09-25T13:18:07.973Z,2026-09-29,2026-09-29
29b01742-3796-4916-b8c0-1e03e2a74116,Loka® Inc,Data Engineering Intern,greenhouse,non_us,unstated,2026-09-09T22:59:18.000Z,2026-09-02T15:54:03.204Z,2026-09-29,2026-09-29
29c31472-eba6-4bc0-95f6-a00a1038ec11,Neuralink,"Mechanical Engineering Intern, Brain Interfaces",greenhouse,us,unstated,2026-09-25T01:18:21.000Z,2026-09-08T00:24:09.614Z,2026-09-29,2026-09-29
2a27e95d-27ba-4037-a344-2337c18be7f4,"Huawei Technologies Canada Co., Ltd.",Intern Engineer - Game Engine System,recruitee,non_us,unstated,2026-06-03T16:30:19.000Z,2026-08-31T04:21:36.768Z,2026-09-29,2026-09-29
2a65d5e9-a358-4caf-a914-69f048efbb5e,Ten Group,Product Intern,workable,non_us,unstated,2026-09-23T00:00:00.000Z,2026-09-24T12:37:55.748Z,2026-09-29,2026-09-29
2a8150a8-2ecb-4fad-ba2e-fc5851f84046,Nord-Ostsee Automobile,Praktikum im Center Schleswig (m/w/d),recruitee,non_us,unstated,2026-07-14T13:40:02.000Z,2026-09-02T17:29:57.069Z,2026-09-29,2026-09-29
2a9f0aba-baa3-4bb7-94e4-8555ffff10b4,Schonfeld,2027 PhD Quantitative Research Intern,greenhouse,us,unstated,2026-09-22T13:15:59.000Z,2026-09-04T23:59:54.183Z,2026-09-29,2026-09-29
2aa12e3e-acad-40b1-a2ed-44311dfde3d9,HexArmor,Supply Chain Planning Internship - Summer 2027,greenhouse,us,unstated,2026-09-11T00:13:26.000Z,2026-09-20T05:17:06.815Z,2026-09-29,2026-09-29
2ab5f70a-e7f4-4e66-ad27-b10835ef25b0,Astranis,Electrical Reliability Intern (Winter 2027),greenhouse,us,refuses,2026-09-25T21:56:42.000Z,2026-09-25T07:27:18.212Z,2026-09-29,2026-09-29
2ab9536b-e556-48d5-8e6b-772e5409206f,Serko Ltd,Intern Software Engineer - Summer 2026/2027,workable,non_us,unstated,2026-09-21T00:00:00.000Z,2026-09-24T10:59:57.227Z,2026-09-29,2026-09-29
2abe1bd2-a01a-4b0b-8c2b-c5a3eada8fb8,Lokal App,Talent Acquisition Intern,workable,non_us,unstated,2026-07-20T00:00:00.000Z,2026-08-31T20:22:29.495Z,2026-09-29,2026-09-29
2aeaa079-6d9e-4ff1-b5ad-26a04da4a797,Interstates,Assistant Project Manager Intern (Summer 2027) - National Travel,greenhouse,us,unstated,2026-09-16T19:58:35.000Z,2026-09-09T21:23:46.590Z,2026-09-29,2026-09-29
2af3bff6-b384-45d7-872f-b8cc3eb2845e,DRW,Quantitative Trading Analyst Intern,greenhouse,us,unstated,2026-09-24T19:32:56.000Z,2026-07-31T20:27:09.195Z,2026-09-29,2026-09-29
2b1195fb-6875-49db-85fd-416c09463fad,Baringa,UK Summer Internship 2027 - Financial Services,greenhouse,non_us,refuses,2026-09-11T13:23:05.000Z,2026-09-16T03:45:02.336Z,2026-09-29,2026-09-29
2b2cef29-5b01-448c-92b9-57a42d0ee5d2,Schonfeld,2027 Emerging Markets and Delta One Investment Analyst Internship,greenhouse,non_us,unstated,2026-09-22T13:15:59.000Z,2026-09-22T01:11:31.271Z,2026-09-29,2026-09-29
2b38320d-d9df-4c24-8884-e24e45997e14,DRW - University Jobs,Software Developer Intern - Industrial Placement,greenhouse,non_us,unstated,2026-08-19T21:04:50.000Z,2026-08-31T04:28:32.409Z,2026-09-29,2026-09-29
2b3d2258-0922-4918-ade7-ccc55405813b,Jarrett,Fall 2026 Logistics Internship,crelate,us,unstated,2026-09-12T15:43:24.420Z,2026-09-01T23:17:10.145Z,2026-09-29,2026-09-29
2b595c87-4a73-4412-9e30-9b3f988c93da,Consigli Construction,Estimating Intern (Summer 2027),workable,us,unstated,2026-08-26T00:00:00.000Z,2026-08-31T04:24:01.655Z,2026-09-29,2026-09-29
2b6b2ffd-3aed-48b3-a3e4-40b1c7fc4dcd,project44,Product Design Intern,greenhouse,non_us,unstated,2026-08-08T08:25:44.000Z,2026-08-31T16:29:21.621Z,2026-09-29,2026-09-29
2b889649-5a17-4c80-a321-0dfaf3326b55,Perry Homes,"2027 Summer Construction Management Internship - San Antonio, TX",workable,us,unstated,2026-09-01T00:00:00.000Z,2026-09-01T20:20:43.614Z,2026-09-29,2026-09-29
2b9602dd-1d8e-4159-bf29-a866a21e4432,SpaceX,Summer 2027 Civil Engineering Internship,greenhouse,us,unstated,2026-09-01T23:48:33.000Z,2026-08-03T19:52:15.354Z,2026-09-29,2026-09-29
2ba3a7b0-ce04-4e36-899b-0d15e7ce0ce7,Die Grenze BV,Stage/BBL Wervershoof,recruitee,non_us,unstated,2024-10-21T09:49:32.000Z,2026-08-31T04:12:20.250Z,2026-09-29,2026-09-29
2ba48ccc-dfad-4e5f-a2c9-5df2eeed4864,e-Luscious,Marketing & e-commerce Stage,recruitee,non_us,unstated,2026-02-12T11:18:25.000Z,2026-08-31T04:13:33.676Z,2026-09-29,2026-09-29
2bbce155-13ff-4b35-877e-9bc7ea63fdb7,Interstates,Safety Intern (Summer 2027),greenhouse,us,unstated,2026-09-16T19:58:35.000Z,2026-09-09T21:23:46.590Z,2026-09-29,2026-09-29
2bbf283e-a977-4ab6-8c6e-471dd17aaaea,Astranis,Mechanical Engineer Intern (Spring 2027),greenhouse,us,refuses,2026-09-25T21:56:40.000Z,2026-08-15T06:01:19.580Z,2026-09-29,2026-09-29
2bd33b8c-24bb-4199-81c6-1ead0661db0c,Zipline,Strategic Finance Intern (Spring 2027),greenhouse,us,refuses,2026-09-17T17:05:10.000Z,2026-09-19T08:08:31.082Z,2026-09-29,2026-09-29
2bded551-ad7c-469a-a3a0-4a4eedcb3727,Kruger NearShore LLC - Rekluti,Pasante Diseño Gráfico,recruitee,non_us,unstated,2026-05-11T16:35:00.000Z,2026-08-31T22:11:41.517Z,2026-09-29,2026-09-29
2c0ae05d-cf4d-460c-afb8-f9d9f8c8fd96,AT Osborne B.V.,Afstudeeropdracht Prisma,recruitee,non_us,unstated,2026-05-15T10:00:09.000Z,2026-08-31T04:05:46.247Z,2026-09-29,2026-09-29
2c1ebe7a-f52b-4797-a930-d169662e90e7,The National Milk Producers Federation,Intern for Summer 2027 - Paid Internship,workable,us,unstated,2026-09-25T00:00:00.000Z,2026-09-29T15:03:31.496Z,2026-09-29,2026-09-29
2c2c1044-f7d9-45cb-8c1d-69122919d4c8,vb&t Groep,Werkstudent Klantenservice Vastgoed,recruitee,non_us,unstated,2026-09-16T13:20:19.000Z,2026-09-18T20:39:30.625Z,2026-09-29,2026-09-29
2c2febfd-3bf4-41c7-b500-9bce3ad828c1,ASM,Talent Insights Intern (Spring 2027),greenhouse,us,unstated,2026-08-21T11:13:21.000Z,2026-09-16T00:00:02.271Z,2026-09-29,2026-09-29
2c3abcd4-69ca-4d74-8c01-0c43f35eef13,Emergent Group,"Internship Opportunities - Engineering, Science or Technology",workable,non_us,unstated,2025-12-18T00:00:00.000Z,2026-08-31T04:28:34.886Z,2026-09-29,2026-09-29
2c8b72ba-b0d0-48f6-992d-74dd31ba32ab,Be Ops,Estágio em Treinamento e Gestão de Conhecimento,greenhouse,non_us,unstated,2026-09-24T20:08:19.000Z,2026-09-25T07:27:19.717Z,2026-09-29,2026-09-29
2cdc96d7-d14d-4d7e-b063-1a82149713fb,"Mercari, inc.","Class of 2028, 28卒対象 / Security Engineer Internship- Mercari Group",workable,non_us,unstated,2026-04-27T00:00:00.000Z,2026-08-31T16:30:19.700Z,2026-09-29,2026-09-29
2ce193b5-b9e3-4a1c-8a22-47ccc7b70b81,Benesch,Bridge Design & Structural Engineering Internship,greenhouse,us,unstated,2026-09-15T17:21:57.000Z,2026-09-15T12:10:06.929Z,2026-09-29,2026-09-29
2d0a7285-1770-4ca0-b07e-156dc800d66b,Hydrite,Technical Service Intern - Food & Beverage,greenhouse,us,unstated,2026-09-08T20:48:33.000Z,2026-09-09T02:58:24.174Z,2026-09-29,2026-09-29
2d4a4b8f-ac64-40e5-be73-b5ef0936db6c,Retail Insights,Danish Speaker intern,greenhouse,non_us,unstated,2026-08-28T05:15:04.000Z,2026-09-08T02:41:43.604Z,2026-09-29,2026-09-29
2d4aaeb6-6717-4e15-8652-37503f293d1f,AlixPartners,Praktikum im Consulting - Risk Advisory (m/w/d),greenhouse,non_us,unstated,2026-09-03T08:12:53.000Z,2026-09-15T11:09:16.408Z,2026-09-29,2026-09-29
2d4ff34f-4f18-45a5-b1f1-d8e87e2494b9,Jump Crypto,Campus Intern Crypto Researcher 2026 LDN,greenhouse,non_us,unstated,2026-08-08T05:01:28.000Z,2026-08-03T19:50:10.972Z,2026-09-29,2026-09-29
2d90dbcc-bc0a-4e6b-9256-babfc6e41424,Odyssey Hotel Group,Kitchen Management Intern Jan./Feb 2027,recruitee,non_us,unstated,2026-09-17T16:22:42.000Z,2026-09-18T13:03:11.988Z,2026-09-29,2026-09-29
2daf93cb-48d1-46f9-8b2f-8fd13672beed,NcodiN,Spontaneous application - Internship,greenhouse,non_us,unstated,2026-04-24T09:54:50.000Z,2026-09-08T00:24:09.230Z,2026-09-29,2026-09-29
2dc2625f-a854-46ab-bd01-3bcf4bbd0768,Prodigal,Content Marketing Intern,greenhouse,non_us,unstated,2026-09-01T15:18:28.000Z,2026-09-08T02:41:42.971Z,2026-09-29,2026-09-29
2dd51733-6eaf-4f5c-817e-49bf51986d12,Knutson Construction,Estimating Intern - Summer 2027,breezy,us,unstated,2026-09-03T13:29:11.006Z,2026-09-19T06:55:28.080Z,2026-09-29,2026-09-29
2de1552a-5d61-40f3-a16d-f42e4e287ab9,OnlineDialog GmbH,Werkstudent:in (m/w/d) Konzeption & Strategie [Düsseldorf],recruitee,non_us,unstated,2025-10-02T07:02:43.000Z,2026-08-31T22:36:11.525Z,2026-09-29,2026-09-29
2e09d451-e8f3-4094-8dab-fe632f3130a3,Retail Insights,Entrepreneur in Residence Internship at Retail Insights,greenhouse,non_us,unstated,2026-08-28T05:17:02.000Z,2026-09-08T02:41:43.604Z,2026-09-29,2026-09-29
2e318d25-02d1-4e7a-a8ae-35707be3d022,Kairos Power,Civil Engineering Internship - Summer 2027,greenhouse,us,unstated,2026-09-23T21:26:27.000Z,2026-08-31T16:29:28.639Z,2026-09-29,2026-09-29
2e42894f-6a7a-44cd-87ef-c39f34c9037e,OOSHOT,STAGE — ASSISTANT(E) CHEF DE PROJET LUXE · Production créative,recruitee,non_us,unstated,2026-09-02T09:06:05.000Z,2026-09-02T17:30:03.188Z,2026-09-29,2026-09-29
2e6d032e-a138-49d1-8338-8ff1fa33312a,Astranis,Network Planning Sales Engineer Intern (Winter 2027),greenhouse,us,refuses,2026-09-25T21:56:39.000Z,2026-09-19T07:49:16.402Z,2026-09-29,2026-09-29
2e89ebd8-48aa-47be-967f-c58cdf5171da,Franz Ziel GmbH,Praktikum im Ausbildungsberuf Elektroniker für Automatisierungs- und Systemtechnik (m/w/d),recruitee,non_us,unstated,2024-05-23T07:01:57.000Z,2026-08-31T04:17:20.337Z,2026-09-29,2026-09-29
2e906bc0-e0aa-4491-b9b9-fd1b29b62259,GoodHabitz,Finance Administration - Internship,workable,non_us,unstated,2026-05-08T00:00:00.000Z,2026-08-31T05:19:15.414Z,2026-09-29,2026-09-29
2eb3d70b-4332-46f4-803e-d9fde0c18267,"Love, Bonito",Visual Design Intern,workable,non_us,unstated,2026-09-10T00:00:00.000Z,2026-09-10T16:39:03.805Z,2026-09-29,2026-09-29
2ec136b6-4aaf-4a3b-877d-3dae8d6b612e,EquipmentShare,Intern: Uptime Management Center,greenhouse,us,unstated,2026-09-21T23:28:30.000Z,2026-09-19T06:57:49.090Z,2026-09-29,2026-09-29
2ee1b9b9-8111-413b-aa90-0233cf9cde0c,ALX Africa,Learning Community & Hub Operations Intern: Nairobi,greenhouse,non_us,unstated,2026-09-24T10:45:21.000Z,2026-09-25T14:35:50.921Z,2026-09-29,2026-09-29
2f389bd4-692a-46e7-841f-8f7cdf6998eb,Notion,Software Engineer Intern (Summer 2027),ashby,us,unstated,2026-08-14T19:07:13.459Z,2026-09-26T07:05:04.000Z,2026-09-29,2026-09-29
2f500118-868f-4924-ad55-2afcb42669d8,Impacta Strategy,Consulting Intern,workable,non_us,unstated,2026-02-02T00:00:00.000Z,2026-08-31T20:17:54.335Z,2026-09-29,2026-09-29
2f534569-f64b-47e0-8a4c-7308cc822a29,Jump Trading,Campus AI/ML Researcher (Intern),greenhouse,non_us,unstated,2026-08-28T11:28:48.000Z,2026-09-01T19:49:42.704Z,2026-09-29,2026-09-29
2f6a6e35-c7ac-4fd7-a0fd-194d6a469898,VIGO groep,Masterstage Psychologie | Centrum voor Korsakov,recruitee,non_us,unstated,2026-09-28T12:33:08.000Z,2026-09-28T13:49:59.399Z,2026-09-29,2026-09-29
2f80173c-87cf-4614-a4ac-27173921018e,Kravet LLC,Lee Jofa Textile Design Internship,recruitee,us,unstated,2026-08-28T15:20:47.000Z,2026-08-31T04:24:12.939Z,2026-09-29,2026-09-29
2f8ec971-ca24-4917-bf82-404716750b9f,Consigli Construction,Project Management Intern (Summer 2027),workable,us,unstated,2026-08-26T00:00:00.000Z,2026-08-31T04:24:01.655Z,2026-09-29,2026-09-29
2f95e409-751a-47be-84bf-31ebfdb61855,Consigli Construction,Project Management Intern (Summer 2027),workable,us,unstated,2026-08-26T00:00:00.000Z,2026-08-31T04:24:01.655Z,2026-09-29,2026-09-29
2fd27e15-1709-41d7-9387-b1d82a11a0dc,Griffis Residential,Property Management Summer Internship,greenhouse,us,unstated,2026-09-21T15:25:55.000Z,2026-09-15T05:03:27.488Z,2026-09-29,2026-09-29
2fe996d5-baa3-4bfd-8e58-103474401b76,Landor,Design Intern,greenhouse,non_us,unstated,2026-09-18T01:37:06.000Z,2026-09-10T07:26:37.505Z,2026-09-29,2026-09-29
300ae20b-f0e5-4185-a8f4-37e942f45edc,HRT Talent Community,FPGA Verification and Developer (Internships and Campus Full-time),greenhouse,us,unstated,2026-09-18T17:46:43.000Z,2026-08-31T13:36:05.926Z,2026-09-29,2026-09-29
303b129b-4264-438e-8711-3aa42cc18be3,Hydrite,Technical Service Intern - Food & Beverage,greenhouse,us,unstated,2026-09-08T20:47:08.000Z,2026-09-09T02:58:24.174Z,2026-09-29,2026-09-29
304ced62-3dfd-42ee-8ab7-a3f318d8cd64,Axicom,Summer Internship,greenhouse,us,unstated,2026-06-09T13:33:43.000Z,2026-08-31T04:14:51.132Z,2026-09-29,2026-09-29
3059c513-7c99-4ff4-816f-2e9e24b170b8,Q-Block Computing,Mechanical CAD Engineering Intern,breezy,non_us,unstated,2026-04-19T18:10:45.790Z,2026-08-31T04:36:45.607Z,2026-09-29,2026-09-29
30639800-11a4-436b-a558-2da7f89b7ec7,Televic Rail,INTERNSHIP/ THESIS - LiveCom Suite Onboard Train Simulator,recruitee,non_us,unstated,2026-03-17T12:45:52.000Z,2026-09-02T19:48:40.321Z,2026-09-29,2026-09-29
30a24a4b-704d-495a-8909-a2cbf0ccc716,Matera,Stage - Juriste chargé·e de recouvrement / contentieux,recruitee,non_us,unstated,2026-08-27T13:07:38.000Z,2026-08-31T04:28:37.993Z,2026-09-29,2026-09-29
30b76fed-6f49-4ac9-8775-190f3e4e4c51,Centric,Stage: Learning & Development,recruitee,non_us,unstated,2026-06-17T11:49:21.000Z,2026-08-31T04:09:43.538Z,2026-09-29,2026-09-29
30c8861c-90cd-42df-826a-638571134e62,Zipline,Construction Management Intern (Summer 2027),greenhouse,us,refuses,2026-09-17T17:05:10.000Z,2026-09-19T08:08:31.082Z,2026-09-29,2026-09-29
30d647aa-8faa-4880-969f-75a6346302a3,Veloretti BV,Video Internship (Content Creator),recruitee,non_us,unstated,2026-09-11T07:35:05.000Z,2026-09-17T00:27:09.567Z,2026-09-29,2026-09-29
30ec64dc-7919-4453-9dbf-ca71d0420d8b,Angkas,Angkas Academic Internship,workable,non_us,unstated,2025-10-13T00:00:00.000Z,2026-08-31T04:10:01.002Z,2026-09-29,2026-09-29
30f1384f-1fd0-4827-9cb1-cf3eb3dc12b8,Guidepoint,"Associate Intern, Client Service",greenhouse,non_us,unstated,2026-09-24T11:08:07.000Z,2026-09-26T02:22:46.993Z,2026-09-29,2026-09-29
314f0e50-6c02-4c93-80cd-1b30ffcc7f6c,Jump Trading,Campus UI Software Engineer (Intern),greenhouse,us,unstated,2026-08-14T15:41:55.000Z,2026-09-01T19:49:42.704Z,2026-09-29,2026-09-29
317590b2-7e0b-4354-95d8-9c67b5fc6042,IK Partners,Data Science & AI Internship 2026,recruitee,non_us,unstated,2026-08-25T08:20:58.000Z,2026-09-08T13:44:18.742Z,2026-09-29,2026-09-29
31a6629c-acba-43ed-8158-f4696287a69f,Schonfeld,2027 Core Operations Intern,greenhouse,us,unstated,2026-09-22T13:15:59.000Z,2026-09-04T18:36:16.265Z,2026-09-29,2026-09-29
31b3d84a-66b2-4c57-9f4c-0f97729c310c,Premium Merchant Funding,Part-Time Sales Intern ( Fintech/ Small Business Lending),workable,us,unstated,2026-08-17T00:00:00.000Z,2026-08-31T20:44:25.219Z,2026-09-29,2026-09-29
31b48c07-fcd2-41ee-a64b-5a912a0260ad,Heritage Holdings,Corporate Finance Intern,greenhouse,non_us,unstated,2026-09-18T16:26:05.000Z,2026-09-20T11:52:51.057Z,2026-09-29,2026-09-29
32298c43-770e-498e-90c3-bb98048d1ef0,Nieuwenhuis Bouw,Werkvoorbereiding / Engineering (Bouwkunde) – Meewerk- of afstudeerstage,recruitee,non_us,unstated,2023-07-25T14:14:42.000Z,2026-09-02T17:29:53.274Z,2026-09-29,2026-09-29
322a5a69-0ca0-4904-b55a-a0121c680e51,Guess Europe Sagl,Digital PR & Events Intern,workable,non_us,unstated,2026-09-23T00:00:00.000Z,2026-09-25T13:47:34.691Z,2026-09-29,2026-09-29
3253f9b8-722a-40ef-8476-b993e9d33a8d,Bright Harbor Healthcare,Social Media Intern,workable,us,unstated,2026-07-07T00:00:00.000Z,2026-08-31T04:18:21.930Z,2026-09-29,2026-09-29
325d6c87-4bdd-4bf0-a006-61bef93f9582,Bybit,[Intern] Test Development Engineer Intern,greenhouse,non_us,unstated,2026-09-09T11:58:01.000Z,2026-09-17T04:25:43.717Z,2026-09-29,2026-09-29
3281a904-2423-419b-8a97-feabb7e5bfb0,DRW,Software Developer Intern (Python),greenhouse,non_us,unstated,2026-09-25T07:43:18.000Z,2026-09-27T00:43:11.950Z,2026-09-29,2026-09-29
328cfd6f-f39c-446f-bb3d-981dcce00fec,Appier,"Software Engineer Intern, Quality Assurance",greenhouse,non_us,unstated,2026-08-11T08:25:26.000Z,2026-09-15T17:31:55.321Z,2026-09-29,2026-09-29
32b060c3-2aef-4748-b7a8-5b54688fb5b1,DiG GmbH,Rettungswachen-Praktikum im Rettungsdienst,recruitee,non_us,unstated,2025-04-01T10:55:59.000Z,2026-08-31T04:13:34.231Z,2026-09-29,2026-09-29
32d39142-bbbc-4af0-8324-7f54d8659c22,BMAT Music Innovators,IT Operations Engineer Internship,workable,non_us,unstated,2026-09-18T00:00:00.000Z,2026-09-19T07:29:44.013Z,2026-09-29,2026-09-29
331a1c2a-5110-42f3-9dc5-dc3360b1a42e,Scaly GmbH,Videograf(in) / Video-Editor (Pflichtpraktikum),recruitee,non_us,unstated,2025-11-02T15:37:43.000Z,2026-08-31T22:44:57.167Z,2026-09-29,2026-09-29
3330cf4d-90e5-41b4-b32a-6e88e5c89f8b,Teleport,Marketing - Teleport Malaysia Internship Program 2026,workable,non_us,unstated,2026-06-14T00:00:00.000Z,2026-08-31T21:06:08.989Z,2026-09-29,2026-09-29
33537baa-4638-4674-bdff-ad5003e86c96,Astranis,Power Electronics Intern (Fall 2026),greenhouse,us,refuses,2026-09-25T21:56:36.000Z,2026-08-03T19:50:14.151Z,2026-09-29,2026-09-29
33709a8e-37ec-4688-8897-1196cf9458de,enomyc GmbH,Werkstudent (m/w/d) Executive Search & Active Sourcing,recruitee,non_us,unstated,2026-04-02T09:51:00.000Z,2026-08-31T04:16:06.098Z,2026-09-29,2026-09-29
33780d22-bcda-48f8-b97e-da98e62370e8,Kairos Power,Nuclear Engineering Internship - Summer 2027,greenhouse,us,unstated,2026-09-23T21:26:27.000Z,2026-08-31T16:29:28.639Z,2026-09-29,2026-09-29
33a5385e-eeb8-4e87-95bd-f61a998ed5f5,Hudson River Trading,Hardware Engineer Internship - Summer 2027,greenhouse,us,unstated,2026-09-23T12:48:18.000Z,2026-09-01T19:49:42.271Z,2026-09-29,2026-09-29
33c097fa-ef0b-47f8-be35-08594f4673cd,Stevens Capital Management LP,Quantitative Research Analyst Internship,greenhouse,us,unstated,2026-05-24T05:00:16.000Z,2026-08-31T16:29:22.359Z,2026-09-29,2026-09-29
33db8e55-dce2-4ee7-90ab-bf781323d09c,ahc GmbH,Praktikant/Werkstudent Projektsteuerung (w/m/d),recruitee,non_us,unstated,2025-12-04T10:47:09.000Z,2026-08-31T04:04:19.981Z,2026-09-29,2026-09-29
33ea6166-1bc2-40c0-912d-5fb3181382b9,Awetomaton,Platform Engineering Intern,greenhouse,us,refuses,2026-09-02T18:53:03.000Z,2026-09-16T06:16:55.895Z,2026-09-29,2026-09-29
33fe3c1a-b30f-4042-82c6-7ffd608950ae,Solarvest,Project Intern (JB),workable,unknown,unstated,2025-12-01T00:00:00.000Z,2026-08-31T20:49:56.751Z,2026-09-29,2026-09-29
340e6493-7a51-4574-b493-efa938a96f7a,SCHAEFER GmbH,Praktikum - SCHAEFER GmbH,recruitee,non_us,unstated,2025-02-18T11:11:30.000Z,2026-08-31T04:36:40.300Z,2026-09-29,2026-09-29
341163b6-8870-430c-8ebb-d6a9e46af419,Tamatem,Internship Night - For Emirati Nationals,workable,non_us,unstated,2025-10-15T00:00:00.000Z,2026-08-31T21:05:32.438Z,2026-09-29,2026-09-29
34194f81-1d17-488c-ac5c-12fe4bdf2ae6,Jump Trading,Campus Quantitative Researcher (Intern),greenhouse,non_us,unstated,2026-08-18T22:42:54.000Z,2026-09-01T19:49:42.704Z,2026-09-29,2026-09-29
3425e7b0-1c5c-4289-9ded-3a9ef8ab2b84,Omnyacc Accountants & Adviseurs,Stagiair samenstel,recruitee,non_us,unstated,2026-03-30T11:57:46.000Z,2026-08-31T04:31:26.037Z,2026-09-29,2026-09-29
346b19c1-5371-428b-af0b-5eadd3d07cfe,CFO Insights,Management Graduate Program Intake (Italian speaker) CFO Insights,greenhouse,non_us,unstated,2026-08-28T05:15:20.000Z,2026-09-17T14:33:08.074Z,2026-09-29,2026-09-29
346f6d70-b1d5-402d-846d-b814e8caf8b8,Benesch,Civil Engineering Construction Internship,greenhouse,us,unstated,2026-09-15T17:21:57.000Z,2026-09-15T12:10:06.929Z,2026-09-29,2026-09-29
34828ba8-5de5-4759-ad38-61b1e974ca34,Nord-Ostsee Automobile,Praktikum im Center Goslar (m/w/d),recruitee,non_us,unstated,2026-07-15T06:41:36.000Z,2026-09-02T17:29:57.069Z,2026-09-29,2026-09-29
3484cdee-19e8-4de5-a36d-d5a3739f16f4,Die Grenze BV,Stage/BBL Emmen Angelslo,recruitee,non_us,unstated,2024-10-21T10:17:27.000Z,2026-08-31T04:12:20.250Z,2026-09-29,2026-09-29
348de935-db6e-4dc4-a712-33d2dacb155e,Retail Insights,Management Graduate Program Intake (Spanish speaker) Retail Insights,greenhouse,non_us,unstated,2026-08-28T05:15:19.000Z,2026-09-08T02:41:43.604Z,2026-09-29,2026-09-29
349add26-ac75-4c8a-b4d0-5f5719d77668,DTE Consult GmbH,Werkstudent (m/w/d) Executive Search & Interim Management,recruitee,non_us,unstated,2026-08-28T08:57:27.000Z,2026-08-31T04:13:35.728Z,2026-09-29,2026-09-29
34ef24aa-bd17-4ce0-8276-2a9931576337,neo Kanzlei,Werkstudent Steuerberatung (m/w/d),recruitee,non_us,unstated,2026-07-20T16:14:03.000Z,2026-08-31T04:30:09.633Z,2026-09-29,2026-09-29
34fb0500-010e-43f6-8b1f-62ae9916387a,TCC Global,Project Management Support | 12-Months Training Contract,recruitee,non_us,unstated,2026-07-31T14:23:17.000Z,2026-09-02T19:55:35.943Z,2026-09-29,2026-09-29
35010bb7-ca51-43e8-8a80-963d71fe970c,EMERTON GROUP,Strategy Consultant & Data Scientist (Internship),recruitee,non_us,unstated,2023-01-03T13:38:06.000Z,2026-08-31T04:16:06.215Z,2026-09-29,2026-09-29
350a2713-4e47-45e8-a523-1fa5956d1ee1,Porsche Asia Pacific,Intern Sales Operations,workable,non_us,unstated,2026-09-22T00:00:00.000Z,2026-09-22T14:34:36.528Z,2026-09-29,2026-09-29
3524e2e6-304c-4029-b963-d87da8028215,Perry Homes,"2027 Summer Construction Management Internship - Houston, TX",workable,us,unstated,2026-09-01T00:00:00.000Z,2026-09-01T20:20:43.614Z,2026-09-29,2026-09-29
35490f93-4fdf-4d03-b943-755f66ce1341,Consigli Construction,Estimating Intern (Summer 2027),workable,us,unstated,2026-08-26T00:00:00.000Z,2026-08-31T04:24:01.655Z,2026-09-29,2026-09-29
356085a0-3611-405a-955f-433e20a7efdb,Cepal Hellas Financial Services S.A.,Cepal's Internship Program,workable,non_us,unstated,2026-07-07T00:00:00.000Z,2026-08-31T04:18:43.809Z,2026-09-29,2026-09-29
356945b7-878b-4925-9be2-b93b54c41459,Landor,Client Services Praktikum (m/w/d) - Hamburg / München,greenhouse,non_us,unstated,2026-09-18T01:37:06.000Z,2026-09-07T21:40:55.595Z,2026-09-29,2026-09-29
357b2dd5-dd06-42f1-9dab-18e11902ebdc,Benesch,Transportation Engineering Internship,greenhouse,us,unstated,2026-09-15T17:21:57.000Z,2026-09-15T12:10:06.929Z,2026-09-29,2026-09-29
358b974c-4a5f-466b-8561-f51f54da4fb5,Astranis,"Software Developer, Network Software Intern (Summer 2027)",greenhouse,us,refuses,2026-09-25T21:56:45.000Z,2026-09-25T07:27:18.212Z,2026-09-29,2026-09-29
35c6252d-6457-40db-896d-edc108dab332,CMS Derks Star Busmann N.V.,Advocaat-stagiaire FinTech,recruitee,non_us,unstated,2026-09-11T12:07:35.000Z,2026-09-11T23:44:22.977Z,2026-09-29,2026-09-29
35d08cdf-7d22-480e-899a-1bdfeaf7659e,Retail Insights,Global Business Operations Internship at Retail Insights,greenhouse,non_us,unstated,2026-08-28T05:17:03.000Z,2026-09-08T02:41:43.604Z,2026-09-29,2026-09-29
35d4e20f-18e2-4263-9a3c-07a690a222a8,Consigli Construction,Project Management Intern (Summer 2027),workable,us,unstated,2026-08-26T00:00:00.000Z,2026-08-31T04:24:01.655Z,2026-09-29,2026-09-29
35f03039-5a9a-4851-8125-f4ab1384f469,GAEV Dental,Stagiair Tandheelkunde / Tandarts,recruitee,non_us,unstated,2023-11-23T14:11:06.000Z,2026-08-31T04:18:32.208Z,2026-09-29,2026-09-29
36019487-f9c9-48fa-b619-164e063ae106,"Vestmark, Inc.",Intern -  Video Production Coordinator,greenhouse,us,unstated,2026-09-17T17:28:44.000Z,2026-09-02T20:31:21.034Z,2026-09-29,2026-09-29
36099ad5-0b4f-4f88-9514-27e7bdc4acfe,Centric,Stage:  IT Service Improvement & Klantbehoeften,recruitee,non_us,unstated,2026-06-15T14:48:11.000Z,2026-08-31T04:09:43.538Z,2026-09-29,2026-09-29
360fec74-b3fb-4a19-be7a-15ceaf2300e3,Rosebel Gold Mines N.V.,Student Development Program,recruitee,non_us,unstated,2026-06-01T13:58:44.000Z,2026-08-31T04:35:20.630Z,2026-09-29,2026-09-29
36201876-80d2-4992-ab05-7e11ba3eadd8,VisitorsCoverage Inc.,Office Administrator Intern,workable,us,refuses,2026-05-13T00:00:00.000Z,2026-08-31T21:22:42.463Z,2026-09-29,2026-09-29
363fb0f1-9761-466c-a579-bc3b92f06c4a,Studyportals,IT Support Intern (Cloud & AI),workable,non_us,unstated,2026-08-26T00:00:00.000Z,2026-08-31T21:04:28.628Z,2026-09-29,2026-09-29
364dbbab-a4f0-4dee-9feb-25dc488bd31a,Temus,Consulting Intern (Jan - May 2027),greenhouse,non_us,unstated,2026-08-14T02:34:19.000Z,2026-09-28T06:16:13.214Z,2026-09-29,2026-09-29
365ea5ae-f3ee-42c2-845f-fa911c69b58f,CFO Insights,Management Graduate Program Intake (Spanish speaker) CFO Insights,greenhouse,non_us,unstated,2026-08-28T05:15:19.000Z,2026-09-17T14:33:08.074Z,2026-09-29,2026-09-29
367e02b6-5573-465a-8d94-5432d77ce202,Consigli Construction,Project Management Co-op (Spring 2027),workable,us,unstated,2026-07-14T00:00:00.000Z,2026-08-31T04:24:01.655Z,2026-09-29,2026-09-29
367f7789-4724-430c-995e-2fd04f3ca928,Funding Societies | Modalku Group,Operations Intern (Payments team),workable,non_us,unstated,2026-08-18T00:00:00.000Z,2026-08-31T04:38:02.474Z,2026-09-29,2026-09-29
36976090-d5c2-4a27-ae0c-3a6ff4146a9e,Astranis,Electrical Integration Intern - Avionics (Winter 2027),greenhouse,us,refuses,2026-09-26T00:31:29.000Z,2026-09-27T03:32:38.638Z,2026-09-29,2026-09-29
36a5ced0-0938-4121-a56c-e9d5b706f58d,Astranis,Harness Design Engineer Intern (Summer 2027),greenhouse,us,refuses,2026-09-25T21:56:42.000Z,2026-09-25T07:27:18.212Z,2026-09-29,2026-09-29
36ab46ad-65a8-4c35-994e-70c7c1a980de,Astranis,Harness Manufacturing Intern (Summer 2027),greenhouse,us,refuses,2026-09-25T21:56:45.000Z,2026-09-19T07:49:16.402Z,2026-09-29,2026-09-29
36d6d582-4baf-4c50-b353-b7b6ba927e07,Zipline,Partner Success Intern (Summer 2027),greenhouse,us,refuses,2026-09-17T17:05:10.000Z,2026-09-19T08:08:31.082Z,2026-09-29,2026-09-29
36f4e6dc-91a0-4798-b0e7-acaef5f57aef,Hudson River Trading,Data Scientist Intern - 2027,greenhouse,us,unstated,2026-09-23T14:02:23.000Z,2026-09-25T03:11:18.127Z,2026-09-29,2026-09-29
36ffffc9-71a4-45b2-91d2-f14a7d0e724a,Astranis,Technical Project Management Intern (Winter 2027),greenhouse,us,refuses,2026-09-25T21:56:49.000Z,2026-09-25T07:27:18.212Z,2026-09-29,2026-09-29
37181fb9-ed1f-4752-b6b2-2adbffdc3161,Biggelaar Groep,MBO/HBO stagiair Civiele Techniek,recruitee,non_us,unstated,2025-08-03T09:42:30.000Z,2026-08-31T04:06:57.572Z,2026-09-29,2026-09-29
3726e050-27b8-4e5f-bf19-c034c19c946a,Benesch,Structural Engineering Internship,greenhouse,us,unstated,2026-09-15T17:21:57.000Z,2026-09-15T12:10:06.929Z,2026-09-29,2026-09-29
3729f88d-0fb3-4155-8af2-b102c8760738,Careyn,Stagiair(e) Recruitment Marketing & Content,recruitee,non_us,unstated,2026-09-21T08:07:17.000Z,2026-09-21T17:37:30.152Z,2026-09-29,2026-09-29
373085df-889a-48fc-9946-fdc2d0ea4336,Ackerherz,Werkstudent:in Finance & Administration (m/f/d),workable,non_us,unstated,2026-08-24T00:00:00.000Z,2026-08-31T04:05:56.003Z,2026-09-29,2026-09-29
374931c0-cdd9-4c98-8ccf-5701880263f9,Veo Worldwide Services,Internship Spontaneous Application,recruitee,non_us,unstated,2024-05-24T12:50:25.000Z,2026-08-31T13:36:03.709Z,2026-09-29,2026-09-29
374b7a24-5571-41fb-804b-1e224faf4432,Astranis,Supplier Quality Engineer Intern (Winter 2027),greenhouse,us,refuses,2026-09-25T21:56:51.000Z,2026-09-25T07:27:18.212Z,2026-09-29,2026-09-29
37516aef-1c3d-4950-a51c-5614a7b116c3,Lease a Bike,Werkstudent Sales Support,recruitee,non_us,unstated,2026-07-20T12:58:34.000Z,2026-08-31T04:27:14.650Z,2026-09-29,2026-09-29
3760e2c3-214f-479e-a094-d25eb041bcae,Mismo,Stage Assistant(e) Marketing et Communication,recruitee,non_us,unstated,2026-09-15T12:35:08.000Z,2026-09-16T04:26:35.744Z,2026-09-29,2026-09-29
377055db-e051-461b-9f37-c6974e43c451,Rentokil Initial,1 X Sales Intern - Gqeberha: EC (12 Months Fixed Term Contract),workable,non_us,unstated,2026-08-17T00:00:00.000Z,2026-08-31T20:46:02.511Z,2026-09-29,2026-09-29
377a44bc-915b-403e-a0f4-0a50dcc96de9,Interstates,Engineering intern,greenhouse,us,unstated,2026-09-16T19:58:35.000Z,2026-09-09T21:23:46.590Z,2026-09-29,2026-09-29
3784e27a-eb07-42c3-a9fc-8e05cfac821c,EMERTON GROUP,ED - Associate Consultant & Data Scientist Intern - Hong Kong Office,recruitee,non_us,unstated,2026-07-17T09:05:57.000Z,2026-08-31T04:16:06.215Z,2026-09-29,2026-09-29
3795c0fa-2b7a-436a-84cb-d5f55378a36f,Winthrop Technologies,Winthrop Technologies: Engineering Internship Programme 2027,workable,non_us,unstated,2026-08-20T00:00:00.000Z,2026-08-31T21:24:25.126Z,2026-09-29,2026-09-29
37a10ea2-a093-41a9-b0d9-323a07415dca,Flyability,Firmware Engineer Intern,workable,non_us,unstated,2026-09-17T00:00:00.000Z,2026-09-18T19:57:51.446Z,2026-09-29,2026-09-29
37a1f8f9-27ed-416b-a142-8af4cc62c3ef,Perry Homes,2027 Summer Internship - Accounting,workable,us,unstated,2026-08-31T00:00:00.000Z,2026-08-31T20:29:12.667Z,2026-09-29,2026-09-29
37b8e45d-66d5-47a3-985a-35d47fe14029,Felsburg Holt & Ullevig,Civil Engineering Internship - Multi-Disciplinary - I0022,workable,us,unstated,2026-09-14T00:00:00.000Z,2026-09-15T23:50:07.350Z,2026-09-29,2026-09-29
37bc575a-cb51-4858-a34b-96e694e8faa6,Appier,Technical Solution Engineer Intern,greenhouse,non_us,unstated,2026-08-11T03:33:46.000Z,2026-09-15T17:31:55.321Z,2026-09-29,2026-09-29
37cef057-11fd-4709-875a-5171d6b8d923,HealthCorps,Teens Make Health Happen Internship,workable,us,unstated,2026-04-07T00:00:00.000Z,2026-08-31T13:39:42.527Z,2026-09-29,2026-09-29
37e23475-a9c7-489d-966c-4816bf0377bc,Dentons,Internship - Corporate M&A Team - Milan,workable,non_us,unstated,2025-09-23T00:00:00.000Z,2026-08-31T04:27:13.654Z,2026-09-29,2026-09-29
37f35a09-b09b-4aae-9fa2-3668d925e078,Hotel TwentySeven,Stagiair(e) General Manager,recruitee,non_us,unstated,2026-09-11T12:50:34.000Z,2026-09-11T21:26:05.571Z,2026-09-29,2026-09-29
37fd80a3-458a-4775-8ca2-9ec9d5a02e43,"WilkinGuttenplan, P.C.",Winter 2027 Tax Internship - Hybrid,workable,us,unstated,2026-08-17T00:00:00.000Z,2026-08-31T21:24:13.811Z,2026-09-29,2026-09-29
381ad6ba-3d71-4562-bd2b-4a9e6b31ec5d,Novo Holdings,"MBA Intern, Novo Holdings, Planetary Health Investments",workable,us,unstated,2026-08-27T00:00:00.000Z,2026-08-31T13:39:29.187Z,2026-09-29,2026-09-29
381b5bac-c86c-4851-8df9-b6c6990cf456,Asksuite,Estágio em Pré-Vendas/SDR,recruitee,non_us,unstated,2026-07-21T17:01:04.000Z,2026-08-31T21:54:46.289Z,2026-09-29,2026-09-29
3826bbcf-f74f-423b-aca3-61d55a74f45f,The Lawyering Project,Summer 2027 Legal Intern,workable,us,unstated,2026-09-02T00:00:00.000Z,2026-09-02T15:44:38.076Z,2026-09-29,2026-09-29
382fdb0c-fbcb-4d61-8dc0-c1f897b7586e,Heritage Holdings,Legal and Tax Internship,greenhouse,non_us,unstated,2026-09-18T16:26:08.000Z,2026-09-20T11:52:51.057Z,2026-09-29,2026-09-29
3851b062-7bd1-4f89-9c05-06745dd699c6,True North Insights,Client Services Intern,greenhouse,non_us,unstated,2026-08-18T15:31:11.000Z,2026-09-17T06:26:59.090Z,2026-09-29,2026-09-29
387db02e-21d5-4e6d-ae0a-a685f83175b2,Fastned,Werkstudent Network Development,recruitee,non_us,unstated,2026-09-03T12:58:29.000Z,2026-09-03T14:06:00.539Z,2026-09-29,2026-09-29
388ed53d-68ad-425f-849e-49d523bd1dc9,Origin,CVAT Annotation Intern,workable,non_us,unstated,2026-09-09T00:00:00.000Z,2026-09-09T17:52:58.456Z,2026-09-29,2026-09-29
3890979c-66dc-4521-98ef-05903180c7e4,Zipline,Accounting Intern (Summer 2027),greenhouse,us,refuses,2026-09-17T17:05:10.000Z,2026-09-19T08:08:31.082Z,2026-09-29,2026-09-29
38bbf726-0b94-488f-9069-3439cfcffa35,Tippmann Group,2027 Spring Co-Op - Project Design,breezy,us,unstated,2026-09-17T15:54:32.298Z,2026-09-18T07:43:50.187Z,2026-09-29,2026-09-29
39004d16-b91e-4c27-9baf-5c10cbedc869,"Huawei Technologies Canada Co., Ltd.",Intern Researcher - LLMs Agentic AI and RL,recruitee,non_us,unstated,2026-05-08T19:14:25.000Z,2026-08-31T04:21:36.768Z,2026-09-29,2026-09-29
397aaed0-bcea-4ce7-a19e-642dbf2a7b7c,Black Diamond Networks,Sales Internship (RI),recruitee,us,unstated,2025-12-23T15:57:26.000Z,2026-08-31T04:08:24.083Z,2026-09-29,2026-09-29
3989c4bd-dc28-4c22-ab97-e99aae5fa09c,Weeztix,Sales Operations Stagiair Event Industry,recruitee,non_us,unstated,2026-05-27T12:52:05.000Z,2026-08-31T21:32:21.242Z,2026-09-29,2026-09-29
399bcd15-e92a-414a-9b40-3499130b2761,BSI Software,IMS Praktikum (all genders) CH,recruitee,non_us,unstated,2026-08-18T07:28:25.000Z,2026-09-02T16:45:07.397Z,2026-09-29,2026-09-29
39c15579-1755-4ac7-b4da-95f6766df636,Flying Bisons,UX/UI Design Intern,recruitee,non_us,unstated,2026-05-26T14:21:53.000Z,2026-08-31T04:18:30.609Z,2026-09-29,2026-09-29
39e582de-1f25-4ff9-b916-a5bf49a81934,Van Metre Companies,Land Development Internship - Summer 2027,greenhouse,us,unstated,2026-09-28T13:24:11.000Z,2026-09-29T14:54:34.082Z,2026-09-29,2026-09-29
39ef6f3a-f55d-4e09-bfff-7e81ce67612f,Lease a Bike,Stage Communication & Marketing (3),recruitee,non_us,unstated,2026-05-27T09:14:09.000Z,2026-08-31T04:27:14.650Z,2026-09-29,2026-09-29
39fca1cc-9393-454d-acb9-a5267fe64834,Teleport,Product & Technology - Teleport Malaysia Internship Program 2026,workable,non_us,unstated,2026-06-14T00:00:00.000Z,2026-08-31T21:06:08.989Z,2026-09-29,2026-09-29
39fe8b69-c049-4670-9121-27ab027e35b2,CFO Insights,Entrepreneur in Residence Intern (Italian speaker) CFO Insights,greenhouse,non_us,unstated,2026-08-28T05:15:24.000Z,2026-09-17T14:33:08.074Z,2026-09-29,2026-09-29
3a003676-b177-4ee2-be36-6140e1d38508,Valmark Financial Group,Financial Operations Intern,crelate,us,refuses,2026-09-02T17:03:48.000Z,2026-09-04T08:28:02.163Z,2026-09-29,2026-09-29
3a131886-1571-4485-a886-c9d51efda1ad,Stichting Kwintes,Open sollicitatie stage,recruitee,non_us,unstated,2026-09-17T13:52:13.000Z,2026-09-18T19:18:30.263Z,2026-09-29,2026-09-29
3a1c0c80-9e45-4305-907c-e90d7ef68849,Benesch,Railroad Track Design - Civil Engineering Internship,greenhouse,us,unstated,2026-09-16T19:24:42.000Z,2026-09-18T13:26:27.414Z,2026-09-29,2026-09-29
3a2951a6-7360-45f8-a803-d7899583da66,Retail Insights,Global Internship Program (Scandinavian speaker) Retail Insights,greenhouse,non_us,unstated,2026-08-28T05:15:22.000Z,2026-09-08T02:41:43.604Z,2026-09-29,2026-09-29
3a50543f-1204-4d46-b38c-648c3bd51607,A2MAC1,HR Internship,workable,non_us,unstated,2026-05-06T00:00:00.000Z,2026-08-31T04:06:12.589Z,2026-09-29,2026-09-29
3a629b40-f745-4928-97b2-99e3ad68d19c,SingleStore,Software Engineer Intern- Helios- 2027,greenhouse,us,offers,2026-09-22T22:35:03.000Z,2026-09-18T07:43:17.712Z,2026-09-29,2026-09-29
3a8270f7-4c6c-4369-bb12-8ffd5221f1f7,Dev Technology,Social Media Marketing Intern (Summer 2027),greenhouse,us,refuses,2026-09-02T12:54:56.000Z,2026-09-01T19:20:41.896Z,2026-09-29,2026-09-29
3a84089c-f681-4d7c-b5e0-1e4be5529b73,The Trainee Company,Werkstudent Finance,recruitee,non_us,unstated,2026-08-31T11:12:59.000Z,2026-08-31T13:36:04.352Z,2026-09-29,2026-09-29
3a96b52d-9ba0-4f19-abce-adc051aa0b63,Griffis Residential,Property Management Summer Internship,greenhouse,us,unstated,2026-09-21T15:24:42.000Z,2026-09-15T05:03:27.488Z,2026-09-29,2026-09-29
3ab157c1-7a6e-420c-b27a-254c5f24a983,Northmarq,2027 Internship Pipeline,greenhouse,us,unstated,2026-09-21T15:19:43.000Z,2026-09-02T15:53:56.566Z,2026-09-29,2026-09-29
3ad33acf-ce41-4a2d-a48b-84e840280ad4,Ancient Crunch Inc.,Business - RUTGERS Fall Career & Internship Mega Fair,breezy,us,unstated,2026-09-23T17:45:58.599Z,2026-09-17T15:37:38.617Z,2026-09-29,2026-09-29
3af9b20f-d270-4609-a5c0-fe7b7ea16ced,StraitsX,"Software Engineer Intern, Transaction Experience",greenhouse,non_us,unstated,2026-07-24T07:23:14.000Z,2026-09-08T04:58:52.809Z,2026-09-29,2026-09-29
3b1cc21e-5909-4f8f-bd78-98ca863df9a2,ASM,Manufacturing Engineering Intern (Spring 2027),greenhouse,us,unstated,2026-08-21T11:13:21.000Z,2026-09-16T00:00:02.271Z,2026-09-29,2026-09-29
3b2cce7a-1dd8-4bf8-ab2a-c4078eba6215,Salzburg Global Seminar Inc.,Library Internship - Cohort 2027,recruitee,non_us,unstated,2026-09-09T09:11:49.000Z,2026-09-11T11:35:21.895Z,2026-09-29,2026-09-29
3b2f8251-a8f4-49f2-bdfc-3af59f23fe8c,FIRY,"Co-op, Communications",greenhouse,us,unstated,2026-09-28T23:33:53.000Z,2026-09-29T15:12:23.658Z,2026-09-29,2026-09-29
3b375b86-247e-420f-8b9b-ae0df931bc48,Gérard Bertrand,STAGE - Assistant(e) Comptable,recruitee,non_us,unstated,2026-07-29T08:58:59.000Z,2026-08-31T04:17:19.032Z,2026-09-29,2026-09-29
3b46c151-028e-4e7c-b2e6-25f0f7c6e9a9,Rystad Energy,Management Consultant Intern - Summer 2027,workable,non_us,unstated,2026-09-11T00:00:00.000Z,2026-09-11T17:20:10.727Z,2026-09-29,2026-09-29
3b4cb410-380d-4c1e-8cd0-0650edcd1fed,OPUS,Apprentissage - Stage,recruitee,non_us,unstated,2025-10-21T00:20:49.000Z,2026-08-31T04:32:44.938Z,2026-09-29,2026-09-29
3b6055f1-2044-42b3-b5ff-3f8763e071f4,LV Collective,Summer 2027 Real Estate Investments Internship,workable,us,unstated,2026-09-09T00:00:00.000Z,2026-09-10T04:22:23.066Z,2026-09-29,2026-09-29
3b662d75-501f-4db0-92da-aeb629852839,Friday Recruitment,Stage of Afstudeerstage ICT Development,recruitee,non_us,unstated,2026-09-03T17:29:59.000Z,2026-09-03T18:25:13.364Z,2026-09-29,2026-09-29
3b698aaf-5310-405a-a329-8917fffa38fc,Antea Group,Stage: Gezonde leefomgeving en gebiedsontwikkeling,recruitee,non_us,unstated,2026-07-31T11:46:26.000Z,2026-08-31T04:05:43.270Z,2026-09-29,2026-09-29
3bbc3410-6952-4903-ba2f-eb15359ad7c8,LV Collective,Social Media Intern | Rambler Blacksburg,workable,us,unstated,2026-09-15T00:00:00.000Z,2026-09-17T12:10:18.340Z,2026-09-29,2026-09-29
3bc39360-8ded-4ab9-8151-0504001f33d5,Ballast Nedam,Stage Bouwkunde Renovatie en Onderhoud,recruitee,non_us,unstated,2025-07-14T06:12:21.000Z,2026-08-31T04:07:03.836Z,2026-09-29,2026-09-29
3be4d1d4-4b99-4b45-8334-5f79364a8d3d,StepStone Group,2027 Venture Capital Summer Analyst,greenhouse,us,unstated,2026-09-23T07:59:14.000Z,2026-09-01T19:59:22.656Z,2026-09-29,2026-09-29
3c3023bd-7184-4c85-b064-b4527d1e2567,Gérard Bertrand,STAGE - Ressources Humaines – Déploiement SIRH (H/F),recruitee,non_us,unstated,2026-04-13T12:41:24.000Z,2026-08-31T04:17:19.032Z,2026-09-29,2026-09-29
3c39dac1-1cf0-477e-b53c-62da88c4beea,Direct Result DE,Werkstudent in Sales (m/w/d),recruitee,non_us,unstated,2025-08-20T17:27:43.000Z,2026-09-02T17:28:35.162Z,2026-09-29,2026-09-29
3c589c32-6ecf-4040-b11f-6152b4d57a48,CURRENTA GRUPPE,Hochschulpraktikant bei der Werkfeuerwehr (m/w/d),recruitee,non_us,unstated,2026-06-08T05:03:35.000Z,2026-08-31T04:12:23.033Z,2026-09-29,2026-09-29
3c652212-318f-435a-bd41-78789ea679a3,Plum Fintech,Wealth Ops Internship Paid (Duration: 3 months),workable,non_us,unstated,2026-09-14T00:00:00.000Z,2026-09-15T00:37:59.546Z,2026-09-29,2026-09-29
3ca039eb-3866-482b-8250-d4c617c0ce49,CFO Insights,Marketing internship (Danish Speaker),greenhouse,non_us,unstated,2026-08-28T05:15:03.000Z,2026-09-17T14:33:08.074Z,2026-09-29,2026-09-29
3ce562f8-7624-4903-a2c1-fc5e0d30738d,Monday Merch,Photo & Video Creator | 2027 Internship,recruitee,non_us,unstated,2025-05-05T08:16:54.000Z,2026-08-31T04:28:35.756Z,2026-09-29,2026-09-29
3cef6ddd-e9d0-492f-bb8e-4d485497e985,Valmark Financial Group,Insurance Planning Intern,crelate,us,refuses,2026-08-31T12:49:11.000Z,2026-09-04T08:28:02.163Z,2026-09-29,2026-09-29
3cf94a25-3bc0-43c6-834f-7922cd3bca0b,Liquin,Afstudeerstage SHEQ,recruitee,non_us,unstated,2026-04-14T08:36:54.000Z,2026-09-02T17:29:40.089Z,2026-09-29,2026-09-29
3d465d4e-4d71-4edf-baca-3d7fe5f4f162,Dev Technology,AI/ML Intern (Summer 2027),greenhouse,us,refuses,2026-09-02T14:37:07.000Z,2026-09-01T19:20:41.896Z,2026-09-29,2026-09-29
3d5f922d-8835-48d7-b46f-d6055bd66ebc,HealthCorps,Teen Health and Wellness Mentor Internship,workable,us,unstated,2026-09-22T00:00:00.000Z,2026-09-25T14:58:13.325Z,2026-09-29,2026-09-29
3d6d68e9-a506-4520-8fa6-ca00d1c72657,Interstates,"Apprentice Electrician Tech College Intern - Fort Dodge, IA",greenhouse,us,unstated,2026-09-24T15:46:42.000Z,2026-09-26T06:44:49.317Z,2026-09-29,2026-09-29
3d78f844-e6c9-463d-9cd2-c3d2322135a8,AlixPartners,Risk Advisory Intern,greenhouse,non_us,unstated,2026-08-18T18:47:41.000Z,2026-09-15T11:09:16.408Z,2026-09-29,2026-09-29
3d96ef7c-414b-4256-8d2e-77967f312629,Charles IT,Office Intern,workable,us,refuses,2026-09-15T00:00:00.000Z,2026-09-18T08:42:00.488Z,2026-09-29,2026-09-29
3d97dfeb-43f4-4804-b8a1-ec9638d62a83,Texas AirSystems,HVAC Sales/Project Engineer Internship - Summer 2027 - Lubbock,greenhouse,us,unstated,2026-09-21T22:36:00.000Z,2026-09-08T13:25:54.241Z,2026-09-29,2026-09-29
3db2a44b-6c44-47e2-81c8-1977a4545569,Entourage,Studio Engineering Intern (Students),workable,non_us,unstated,2025-06-13T00:00:00.000Z,2026-08-31T04:32:31.890Z,2026-09-29,2026-09-29
3e2e3566-a084-4871-928a-21326f194fd5,Porsche Asia Pacific,Intern PR & Communications,workable,non_us,unstated,2026-08-21T00:00:00.000Z,2026-08-31T16:32:22.172Z,2026-09-29,2026-09-29
3e2e5dea-61ab-48de-bf91-c83f8ea48282,Holzland Becker,Werkstudent (w/m/d) Marketplaces,recruitee,non_us,unstated,2026-06-08T11:52:41.000Z,2026-08-31T04:20:07.861Z,2026-09-29,2026-09-29
3e466406-b790-43db-9395-b76f9d7e6ba6,DRW,Quantitative Research Intern,greenhouse,non_us,unstated,2026-08-19T21:04:51.000Z,2026-08-03T20:13:54.595Z,2026-09-29,2026-09-29
3e606cf1-84e4-4d1f-a497-8c60b4057eac,AT Osborne B.V.,Afstudeeropdracht innovatieve contractvorm in bouwprojecten,recruitee,non_us,unstated,2025-09-05T12:10:06.000Z,2026-08-31T04:05:46.247Z,2026-09-29,2026-09-29
3e6e6418-7b9a-4373-b66d-f1308f01ade3,AMI PARIS,Stage - Assistant.e Business/Demand Planner H/F,recruitee,non_us,unstated,2026-09-21T16:14:44.000Z,2026-09-24T16:11:41.439Z,2026-09-29,2026-09-29
3e95f333-a8f3-431a-80e9-2d0e94138164,Odyssey Hotel Group,Front Office Intern Jan./Feb 2027 (2),recruitee,non_us,unstated,2026-09-17T16:02:47.000Z,2026-09-18T13:03:11.988Z,2026-09-29,2026-09-29
3f1ad4a4-f8a9-4413-92fd-445b3a8046d9,Infosys Singapore & Australia,Intern - TA Support,workable,non_us,unstated,2026-04-01T00:00:00.000Z,2026-08-31T21:32:21.277Z,2026-09-29,2026-09-29
3f512ca9-b8ea-4b27-b34a-1808ea713d7b,Security Risk Advisors,IT Systems Co-op (2027),workable,us,unstated,2026-09-09T00:00:00.000Z,2026-09-09T02:29:14.484Z,2026-09-29,2026-09-29
3f5c67a7-4097-4f4a-a445-b1fbbb180e8c,Die Grenze BV,Stage/BBL Ootmarsum,recruitee,non_us,unstated,2024-10-21T08:18:21.000Z,2026-08-31T04:12:20.250Z,2026-09-29,2026-09-29
3f5d46cf-5841-4b18-9307-a2d856e7acd8,Brunswick Group,"Internship Program Spring 2027, Frankfurt - Germany",greenhouse,non_us,unstated,2026-08-03T10:44:31.000Z,2026-09-16T23:00:54.336Z,2026-09-29,2026-09-29
3f5e356c-114f-4152-b415-e4bc0a93875b,Tamatem,Intern - Game Artist & Graphic designer,workable,unknown,unstated,2026-06-25T00:00:00.000Z,2026-08-31T21:05:32.438Z,2026-09-29,2026-09-29
3fe5f7ca-55a2-4e3f-8506-b6417f649334,Vertigo,Product Intern,workable,non_us,unstated,2026-08-21T00:00:00.000Z,2026-08-31T21:22:12.734Z,2026-09-29,2026-09-29
3ff11a39-5fb2-4d2c-99c2-5be437e28bf1,Univers,Data & Security Compliance Intern,breezy,non_us,unstated,2026-08-04T09:55:13.601Z,2026-09-02T17:28:31.937Z,2026-09-29,2026-09-29
405e402c-ced1-43d3-886a-4050040df5db,NTS,Applied Optics Internship | Interferometric Focus Sensor | NTS Optel,recruitee,non_us,unstated,2026-03-24T15:51:17.000Z,2026-08-31T22:34:43.143Z,2026-09-29,2026-09-29
409c575d-196f-41fb-92b5-1928ce2a49ea,"Huawei Technologies Canada Co., Ltd.",Intern Researcher - Embodied AI,recruitee,non_us,unstated,2026-06-23T17:10:10.000Z,2026-08-31T04:21:36.768Z,2026-09-29,2026-09-29
40e95fab-1beb-442e-8a15-5f31f029e945,Sentec,Internship Sensor Development,workable,non_us,unstated,2026-07-30T00:00:00.000Z,2026-08-31T20:13:21.400Z,2026-09-29,2026-09-29
40fe0fda-bb7e-45c0-9951-5c81973d51b4,Consigli Construction,Project Management Intern (Summer 2027),workable,us,unstated,2026-08-26T00:00:00.000Z,2026-08-31T04:24:01.655Z,2026-09-29,2026-09-29
410abe59-df1f-48bc-9316-3b5a6e55dd77,Hudson River Trading,Algorithm Development (Quant Research & Trading) PhD Internship – Summer 2027,greenhouse,us,unstated,2026-09-19T00:02:16.000Z,2026-09-01T19:49:42.271Z,2026-09-29,2026-09-29
410f9f09-2181-4f02-b037-04bf0b6b4dcb,F.H. Paschen,Construction Intern - McLean Summer 2027,workable,us,unstated,2026-08-21T00:00:00.000Z,2026-08-31T04:34:43.688Z,2026-09-29,2026-09-29
411816ff-7f89-481c-9953-af8d6c7c7a94,BRL Risk Consulting GmbH & Co. KG,"Praktikant Risikomanagement, Governance und Compliance im Bereich Risk Advisory Services (m/w/d)",recruitee,non_us,unstated,2023-07-07T08:18:17.000Z,2026-08-31T04:09:35.753Z,2026-09-29,2026-09-29
4128063a-61f3-4f42-8d77-1d732c89c426,Security Risk Advisors,Marketing & Alliances Co-op (IRL),workable,non_us,unstated,2026-09-08T00:00:00.000Z,2026-09-08T15:22:20.776Z,2026-09-29,2026-09-29
4160eb9c-7923-43d8-a5f7-7ec952f170f9,Astranis,Thermal Intern (Summer 2027),greenhouse,us,refuses,2026-09-25T21:56:43.000Z,2026-09-25T07:27:18.212Z,2026-09-29,2026-09-29
41daee9d-e3bc-4667-85cb-187f86d26b7f,Karbone,General Interest - Karbone Internship,greenhouse,us,unstated,2026-06-06T05:00:13.000Z,2026-09-07T19:27:47.252Z,2026-09-29,2026-09-29
41f1903c-4a59-4f3c-806c-6c49f15c4cfb,Rentokil Initial,3 x PCO Interns: Claremont: WC,workable,non_us,unstated,2026-07-09T00:00:00.000Z,2026-08-31T20:46:02.511Z,2026-09-29,2026-09-29
4207ef3d-1e3b-4a98-a880-838adb5833da,EQT Corporation,Corporate Tax Intern,greenhouse,us,unstated,2026-09-17T18:39:28.000Z,2026-09-10T19:25:37.438Z,2026-09-29,2026-09-29
4222acc7-8480-48b0-8efe-9abdcadcf1ea,SciTec,DoD Skillbridge Internship for Transitioning Military Service Members,workable,us,unstated,2026-01-08T00:00:00.000Z,2026-08-31T20:12:58.719Z,2026-09-29,2026-09-29
4242f169-cd31-41ec-8d71-2ce997dea29f,F.H. Paschen,Construction Intern - Houston Summer 2027,workable,us,unstated,2026-08-21T00:00:00.000Z,2026-08-31T04:34:43.688Z,2026-09-29,2026-09-29
42575e36-e414-40c4-8b9d-afc83db77174,The Quality Group,Werkstudent (gn) Produktkennzeichnung,greenhouse,non_us,unstated,2026-09-14T14:21:37.000Z,2026-09-28T15:59:12.753Z,2026-09-29,2026-09-29
42761d53-07dc-409d-9fdc-1d43ec681e58,Interstates,"Assistant Project Manager Intern (Summer 2027) - Omaha, NE",greenhouse,us,unstated,2026-09-16T19:58:35.000Z,2026-09-09T21:23:46.590Z,2026-09-29,2026-09-29
4280d931-d66e-473c-9b1a-780a59f106b6,"Huawei Technologies Canada Co., Ltd.",Intern Researcher – AI Foundation Model Training,recruitee,non_us,unstated,2026-04-28T14:25:10.000Z,2026-08-31T04:21:36.768Z,2026-09-29,2026-09-29
429cf4e1-ea7c-41a0-9bf3-6d3a0f704ebc,P1 Travel,Finance & Control stage,recruitee,non_us,unstated,2026-05-27T11:38:37.000Z,2026-08-31T04:34:11.376Z,2026-09-29,2026-09-29
42a8e2f1-9b2a-46ee-8d1d-437fc7e9f9ba,Bybit,Big Data Development Engineer Intern,greenhouse,non_us,unstated,2026-09-10T02:47:31.000Z,2026-09-17T04:25:43.717Z,2026-09-29,2026-09-29
42bc9a9f-e20d-48ef-a8ff-b7d85d8cd82a,Benesch,Structural Engineering Internship,greenhouse,us,unstated,2026-09-15T17:21:57.000Z,2026-09-15T12:10:06.929Z,2026-09-29,2026-09-29
42bfc800-64c1-4511-aa99-1accd947bdc1,Teleport,Finance - Teleport Malaysia Internship Program 2026,workable,non_us,unstated,2026-06-14T00:00:00.000Z,2026-08-31T21:06:08.989Z,2026-09-29,2026-09-29
42cd0746-6942-4a27-b743-2610383f5549,Roblox,[Summer 2027] Software Engineer Intern,greenhouse,us,unstated,2026-09-26T18:37:13.000Z,2026-09-01T19:49:29.796Z,2026-09-29,2026-09-29
42d0fc9c-de00-4de9-8f13-511fc621e150,Cabify,Sales Intern - B2B Ads,greenhouse,non_us,unstated,2026-08-25T10:54:47.000Z,2026-08-20T06:01:33.707Z,2026-09-29,2026-09-29
42dfa816-d225-4cfa-9786-5f623b72b1ca,EquipmentShare,Intern: Human Resources Rotational,greenhouse,us,unstated,2026-09-28T12:42:23.000Z,2026-09-28T14:02:54.919Z,2026-09-29,2026-09-29
42eaaedb-f691-45c5-8b6d-ea2a50e01ec6,Zipline,Change Management Intern (Summer 2027),greenhouse,us,refuses,2026-09-17T17:05:10.000Z,2026-09-19T08:08:31.082Z,2026-09-29,2026-09-29
431ec231-1671-4a5f-a602-980011de3874,Interstates,Assistant Project Manager Intern (Summer 2027) - National Travel,greenhouse,us,unstated,2026-09-16T19:58:35.000Z,2026-09-09T21:23:46.590Z,2026-09-29,2026-09-29
433161c3-e7ce-4064-9703-1249b669fd64,Interstates,Manufacturing Intern,greenhouse,us,unstated,2026-09-21T01:09:57.000Z,2026-09-21T01:15:22.495Z,2026-09-29,2026-09-29
43371d80-ebd1-4734-a7d7-106f8abe2ce2,Rentokil Initial,Internship for Field Biologist (U5 Shah Alam),workable,unknown,unstated,2026-08-20T00:00:00.000Z,2026-08-31T20:46:02.511Z,2026-09-29,2026-09-29
434d5163-5cc3-4b66-8a0f-5c02e2c153e3,Bartiméus,Stage diverse richtingen,recruitee,non_us,unstated,2026-06-11T11:13:30.000Z,2026-08-31T04:06:59.261Z,2026-09-29,2026-09-29
43667ec7-d1ea-4c43-bd0b-2fe5e19bf63c,Heritage Holdings,HR Generalist Internship,greenhouse,non_us,unstated,2026-09-22T13:06:43.000Z,2026-09-20T11:52:51.057Z,2026-09-29,2026-09-29
4367b29f-efe7-4028-a1ea-ad8c8e6763f5,"GPV Lanka (Private), Ltd.",Intern - Account Management,recruitee,non_us,unstated,2026-08-28T04:58:36.000Z,2026-08-31T04:18:30.698Z,2026-09-29,2026-09-29
4369db65-b3eb-4234-b2c2-5e34bf06195d,Wight & Company,Preconstruction Intern - Summer 2027,greenhouse,us,unstated,2026-09-01T13:29:25.000Z,2026-09-01T20:25:38.787Z,2026-09-29,2026-09-29
436a4913-c446-4b05-90a6-4031f556459d,Bybit,[Intern] Test Development Engineer Intern,greenhouse,non_us,unstated,2026-09-09T10:35:51.000Z,2026-09-17T04:25:43.717Z,2026-09-29,2026-09-29
437e4a6c-4a8e-4d97-873d-cba47650ed20,Javelin Global Commodities,Summer Intern: Software Engineering,workable,non_us,unstated,2026-09-16T00:00:00.000Z,2026-09-17T10:15:14.872Z,2026-09-29,2026-09-29
43837221-ab03-43ef-a6e0-0e3c2404f704,EQT Corporation,Production Engineering Intern,greenhouse,us,unstated,2026-09-22T13:17:34.000Z,2026-09-24T16:03:56.311Z,2026-09-29,2026-09-29
438d9054-6ce2-4bf0-8fd8-01e8079b6860,LandCare,Internship,workable,us,unstated,2026-07-13T00:00:00.000Z,2026-08-31T20:21:04.759Z,2026-09-29,2026-09-29
438f0100-b130-44e8-bf2a-61a262ea431f,Consigli Construction,Field Operations Intern (Summer 2027),workable,us,unstated,2026-08-26T00:00:00.000Z,2026-08-31T04:24:01.655Z,2026-09-29,2026-09-29
439b3f26-4b81-43b0-a9ad-1f1bd04ff491,Seven Research,Algorithmic Developer - Intern,greenhouse,us,unstated,2026-09-11T05:00:29.000Z,2026-09-01T09:13:50.571Z,2026-09-29,2026-09-29
43efcf82-a069-4e91-ab60-80274ff9302b,Keller Postman,Litigation Operations Summer Associate 2027,greenhouse,us,unstated,2026-09-24T19:41:46.000Z,2026-09-26T12:44:33.336Z,2026-09-29,2026-09-29
43f63c14-cae5-4dc3-947d-f7b346186312,Nord-Ostsee Automobile,Praktikum im Center Eckernförde (m/w/d),recruitee,non_us,unstated,2026-07-15T05:54:31.000Z,2026-09-02T17:29:57.069Z,2026-09-29,2026-09-29
440a7e1e-54fc-4e18-b05b-845179105fa9,Premium Merchant Funding,Financial Sales Intern,workable,us,unstated,2026-03-20T00:00:00.000Z,2026-08-31T20:44:25.219Z,2026-09-29,2026-09-29
4418f96b-edb3-47d1-a446-59496bb9df7a,"Huawei Technologies Canada Co., Ltd.",Intern Engineer – RL Post-Training for LLMs,recruitee,non_us,unstated,2026-06-08T21:29:28.000Z,2026-08-31T04:21:36.768Z,2026-09-29,2026-09-29
441d5388-2928-41da-a309-658d829ce94e,Astranis,Antenna Intern (Winter 2027),greenhouse,us,refuses,2026-09-25T21:56:38.000Z,2026-09-25T07:27:18.212Z,2026-09-29,2026-09-29
44200050-6c2e-44d6-840a-d7db5753fce0,Vivaldi Group,Intern - Consulting,workable,non_us,unstated,2022-06-21T00:00:00.000Z,2026-08-31T21:22:54.556Z,2026-09-29,2026-09-29
443ffa28-693c-4f63-8212-1cdcf09f08c4,Nord-Ostsee Automobile,Praktikum im Center Hyundai Hamburg-Harburg (m/w/d),recruitee,non_us,unstated,2026-07-15T06:17:46.000Z,2026-09-02T17:29:57.069Z,2026-09-29,2026-09-29
445174ee-040d-4d35-a064-3f2f06774b5a,Qode,Full Stack Engineering Intern,workable,non_us,unstated,2026-09-24T00:00:00.000Z,2026-09-26T05:23:26.006Z,2026-09-29,2026-09-29
4465e41b-6df5-4259-9caa-75c98bdc341f,Focus Global Inc.,Marketing Intern - Technogym,breezy,unknown,unstated,2026-09-15T09:49:22.867Z,2026-09-04T19:41:16.763Z,2026-09-29,2026-09-29
447f037e-b4bd-4579-8202-b27295d5e9e4,Teleport,Legal - Teleport Malaysia Internship Program 2026,workable,non_us,unstated,2026-06-14T00:00:00.000Z,2026-08-31T21:06:08.989Z,2026-09-29,2026-09-29
44b381b6-148e-4150-886d-c0204b1c1ed9,Felsburg Holt & Ullevig,Transportation Design Internship - I0024,workable,us,unstated,2026-09-14T00:00:00.000Z,2026-09-15T23:50:07.350Z,2026-09-29,2026-09-29
44f62356-36e7-42e4-8685-9a15e13b2fa3,Retail Insights,Management Graduate Program Intake (Italian speaker) Retail Insights,greenhouse,non_us,unstated,2026-08-28T05:15:20.000Z,2026-09-08T02:41:43.604Z,2026-09-29,2026-09-29
452d8383-9f4e-4b83-b1aa-fb9f06affc7f,EIGHT ADVISORY SAS,Strategic Valuation & Modeling - Intern 2027,recruitee,non_us,unstated,2026-04-29T13:04:55.000Z,2026-09-01T05:52:14.247Z,2026-09-29,2026-09-29
455726ea-b935-459c-a6ba-46e874149769,Sunrock Investments B.V.,Stage Juriste Droit des Affaires & Énergie Renouvelables (M2 / PPI),recruitee,non_us,unstated,2026-09-15T07:28:13.000Z,2026-09-09T17:39:38.047Z,2026-09-29,2026-09-29
459a6816-a769-446b-8d58-b6a0a52d25e2,Hydrite,Engineering Co-Op Spring 2027,greenhouse,us,unstated,2026-09-08T15:17:08.000Z,2026-09-05T00:02:05.689Z,2026-09-29,2026-09-29
45c11de2-39ec-42fc-996e-71adab7beff0,Solarvest,Business Development Intern,workable,unknown,unstated,2026-02-27T00:00:00.000Z,2026-08-31T20:49:56.751Z,2026-09-29,2026-09-29
45ddc008-67d7-460f-b442-04972fe57f68,Funding Societies | Modalku Group,People Advisory & Operations Intern,workable,non_us,unstated,2026-04-06T00:00:00.000Z,2026-08-31T04:38:02.474Z,2026-09-29,2026-09-29
45fa0d1b-5c6e-44ea-a320-9dc90fcc0bd5,Funding Societies | Modalku Group,Talent Acquisition Intern,workable,non_us,refuses,2026-09-21T00:00:00.000Z,2026-09-11T11:58:56.875Z,2026-09-29,2026-09-29
45faf627-851d-4edf-9635-4e8b9d5ffb8a,Moment Energy,Mechanical Engineer Co-op,greenhouse,non_us,unstated,2026-09-25T22:59:39.000Z,2026-09-25T14:05:45.289Z,2026-09-29,2026-09-29
4604d6e8-f51d-47fa-84e4-1d621f6491dd,Scopely,Intern - Game Design (Slot),greenhouse,non_us,unstated,2026-09-07T08:38:40.000Z,2026-09-01T19:49:43.467Z,2026-09-29,2026-09-29
4610c130-44b9-481a-83ab-00e06c37058b,Die Grenze BV,Stage/BBL Landgraaf,recruitee,non_us,unstated,2024-10-21T09:22:11.000Z,2026-08-31T04:12:20.250Z,2026-09-29,2026-09-29
461b17bc-7794-4256-8f72-2ec260b78c87,DTE Consult GmbH,Werkstudent (m/w/d) Corporate Finance & Restructuring,recruitee,non_us,unstated,2025-03-17T15:50:01.000Z,2026-08-31T04:13:35.728Z,2026-09-29,2026-09-29
463dce06-f75a-4577-be69-48e5802f8682,Hydrite,TS&D Intern (Summer 2027),greenhouse,us,unstated,2026-09-09T20:31:17.000Z,2026-09-08T16:47:10.839Z,2026-09-29,2026-09-29
467463a3-100f-4d26-9bd0-b2b7ea5a0032,Astranis,Electrical Integration Intern - RF (Summer 2027),greenhouse,us,refuses,2026-09-25T21:56:50.000Z,2026-09-25T07:27:18.212Z,2026-09-29,2026-09-29
467a1dd2-76cf-443c-859e-fb95546508b3,Lastro,Estágio em Produto de AI,breezy,non_us,unstated,2026-09-10T20:52:19.207Z,2026-09-10T23:29:49.170Z,2026-09-29,2026-09-29
46858b99-76e4-47cd-bb4d-7fef1f8c784e,AUTO24,Stagiaire Marketing (H/F) - Parts24,workable,non_us,unstated,2026-07-29T00:00:00.000Z,2026-08-31T04:11:27.338Z,2026-09-29,2026-09-29
46abc342-7181-4d0d-98cc-cd66f6c14a11,StepStone Group,2027 Real Estate Private Equity Advisory Summer Analyst,greenhouse,unknown,unstated,2026-08-25T19:58:53.000Z,2026-09-01T19:59:22.656Z,2026-09-29,2026-09-29
46d2a167-57b9-48f6-93a4-ecc35a330535,talentpluto,Business Operations Intern,workable,us,unstated,2026-09-15T00:00:00.000Z,2026-09-18T00:04:43.583Z,2026-09-29,2026-09-29
46d8331b-2b7a-4894-a988-099595ad0fb3,CFO Insights,Project Management Internship at CFO Insights,greenhouse,non_us,unstated,2026-08-28T05:17:05.000Z,2026-09-17T14:33:08.074Z,2026-09-29,2026-09-29
47470134-1d8c-4a5d-930a-84cc452e0f93,Rapsodo,Intellectual Property (IP) Intern,workable,non_us,unstated,2026-08-14T00:00:00.000Z,2026-08-31T21:34:31.241Z,2026-09-29,2026-09-29
47ad7ef7-467d-4882-addd-0dce3f9333d6,EquipmentShare,Intern: Fleet Coordinator,greenhouse,us,unstated,2026-09-21T23:28:30.000Z,2026-09-19T06:57:49.090Z,2026-09-29,2026-09-29
47e63cbe-3e09-4e1c-a21a-e02f52ec8d10,Ukio,B2C Sales Intern,workable,non_us,unstated,2026-08-25T00:00:00.000Z,2026-08-31T21:09:22.587Z,2026-09-29,2026-09-29
484900cc-4576-4a20-a966-cbd07b2a5bb3,PolicyStreet,Data Analyst Intern,workable,non_us,unstated,2026-07-15T00:00:00.000Z,2026-09-08T00:24:44.614Z,2026-09-29,2026-09-29
48696c73-b98a-4eae-99dc-19b86dccf3e2,Samsara,Account Development Representative Intern - Phoenix,greenhouse,us,unstated,2026-09-25T20:07:56.000Z,2026-09-01T19:49:48.970Z,2026-09-29,2026-09-29
4878c0c2-05e8-4b63-9aae-f80a384f53f9,Hiltermann Lease -,Stage,recruitee,non_us,unstated,2026-04-14T15:25:10.000Z,2026-08-31T21:32:21.156Z,2026-09-29,2026-09-29
4878fdb1-1bd9-49d9-935d-c571bf7fb59d,EIGHT ADVISORY SAS,Strategy - Intern,recruitee,non_us,unstated,2024-04-18T16:19:12.000Z,2026-09-01T05:52:14.247Z,2026-09-29,2026-09-29
489cf147-ef04-49d7-a422-b948a6a5a8fb,Funding Societies | Modalku Group,Customer Experience Intern,workable,non_us,unstated,2026-06-19T00:00:00.000Z,2026-08-31T04:38:02.474Z,2026-09-29,2026-09-29
48adce70-88a8-400c-98fd-bf2d801877eb,threon NV,Internship: Marketing (B2B),recruitee,non_us,unstated,2026-06-16T13:28:43.000Z,2026-08-31T05:18:22.194Z,2026-09-29,2026-09-29
48b211a8-f98d-4a48-8c8b-4f00aba0f76c,Iris van Herpen BV,2D and 3D Graphic design internship,recruitee,non_us,unstated,2020-02-29T23:30:49.000Z,2026-08-31T22:26:53.189Z,2026-09-29,2026-09-29
48d62068-d910-4db0-ab09-c3024d854c11,DRW,Quantitative Research Intern,greenhouse,non_us,unstated,2026-08-19T21:04:51.000Z,2026-07-31T20:27:09.195Z,2026-09-29,2026-09-29
48d6a85a-b687-408d-888a-0f34031cacb8,OHM Advisors,Civil Engineering Intern (Hiring for May 2027) - Ohio,workable,us,unstated,2026-08-25T00:00:00.000Z,2026-08-31T21:33:34.111Z,2026-09-29,2026-09-29
48e031c3-1809-4567-a378-4f11ee2a1e56,Astranis,CAD Engineer Intern (Winter 2027),greenhouse,us,refuses,2026-09-25T21:56:41.000Z,2026-08-15T06:01:19.580Z,2026-09-29,2026-09-29
48e9e35a-94e4-4c28-9a1d-7659f4aeee18,AlphaSights,"Summer Associate, Client Service, 2027",greenhouse,us,refuses,2026-08-13T09:26:38.000Z,2026-09-15T09:26:29.832Z,2026-09-29,2026-09-29
48ed2a39-f374-4dec-ba50-07abd08f9659,IG&H,Werkstudent Financial Services,recruitee,non_us,unstated,2026-09-04T13:14:49.000Z,2026-09-04T15:55:05.800Z,2026-09-29,2026-09-29
496d2d43-ddfa-466b-b800-e30fab1cdb5a,Perry Homes,"2027 Summer Construction Management Internship - Jacksonville, Florida",workable,us,unstated,2026-09-01T00:00:00.000Z,2026-09-01T20:20:43.614Z,2026-09-29,2026-09-29
497b9c8b-8d6f-417f-8300-9f741b0a6cce,"Love, Bonito",Social & Community Intern - New York,workable,us,unstated,2023-06-30T00:00:00.000Z,2026-08-31T20:22:38.281Z,2026-09-29,2026-09-29
4987dd86-367b-4f87-b166-c4d8e11b8236,Seven Retail,Business Operations Intern,breezy,non_us,unstated,2026-09-02T04:11:11.749Z,2026-08-31T04:38:17.934Z,2026-09-29,2026-09-29
49ca3759-6fd8-4d5b-b93d-0a9a32fc8621,Houthoff,Kandidaat-notaris-stagiaire Rotterdam,recruitee,non_us,unstated,2026-07-28T11:46:38.000Z,2026-08-31T04:21:36.778Z,2026-09-29,2026-09-29
49d03df8-e5ab-458f-8088-b9164f988994,Avi Medical,Expansion Intern (all genders),greenhouse,non_us,unstated,2026-08-20T07:41:33.000Z,2026-08-31T04:14:57.177Z,2026-09-29,2026-09-29
49d3d1e3-4de1-47a2-8e2b-69d19b840517,DTE Consult GmbH,Werkstudent (m/w/d) Corporate Finance & Restructuring,recruitee,non_us,unstated,2025-11-24T16:45:38.000Z,2026-08-31T04:13:35.728Z,2026-09-29,2026-09-29
49e64e39-772d-4b47-a2d8-4de04b382e79,LV Collective,Social Media Intern | Rambler Northgate,workable,us,unstated,2026-09-15T00:00:00.000Z,2026-09-17T12:10:18.340Z,2026-09-29,2026-09-29
49e8e63d-58ba-466c-8b34-fcac97a6d5c2,Die Grenze BV,Stage/BBL Ede,recruitee,non_us,unstated,2024-10-21T09:34:08.000Z,2026-08-31T04:12:20.250Z,2026-09-29,2026-09-29
49ef1877-10bf-411e-aae5-70dd7bdd77c3,ARCUS Planung + Beratung Bauplanungsgesellschaft mbH,Werkstudent (w/m/d) Gebäudetechnik / TGA,recruitee,non_us,unstated,2025-04-17T15:54:45.000Z,2026-08-31T21:54:45.688Z,2026-09-29,2026-09-29
4a21a119-a4be-46a9-a6d6-75cf9958d2dd,LV Collective,Digital Marketing Intern | Rambler Northgate,workable,us,unstated,2026-05-06T00:00:00.000Z,2026-08-31T20:22:51.493Z,2026-09-29,2026-09-29
4a42a893-055e-4e72-8f6b-50f0daba1298,Die Grenze BV,Stage/BBL Lelystad,recruitee,non_us,unstated,2024-10-21T09:45:48.000Z,2026-08-31T04:12:20.250Z,2026-09-29,2026-09-29
4a5aa091-f079-4864-be19-5b34e9a4698d,Zipline,Computational Physics Intern (Summer 2027),greenhouse,us,unstated,2026-09-17T17:05:10.000Z,2026-09-19T08:08:31.082Z,2026-09-29,2026-09-29
4a63343c-11b0-40a3-9074-abfdd71e5848,Mediengruppe Pressedruck,Praktikanten Reichweiten-Team (m/w/d),recruitee,non_us,unstated,2025-07-08T22:01:01.000Z,2026-08-31T04:32:43.521Z,2026-09-29,2026-09-29
4a863499-0373-4a75-b25f-8e5ca8addb43,Kairos Power,Chemical and Materials Engineering Internship - Summer 2027,greenhouse,us,unstated,2026-09-23T21:26:27.000Z,2026-08-31T16:29:28.639Z,2026-09-29,2026-09-29
4a9a9af8-6274-4b78-8c98-af2f849e3a5f,OHM Advisors,Civil Engineering Intern (Hiring for May 2027) - Indiana & Kentucky,workable,us,unstated,2026-08-25T00:00:00.000Z,2026-08-31T21:33:34.111Z,2026-09-29,2026-09-29
4a9e958e-360d-4e5d-9e25-b6b3a0534c93,Felsburg Holt & Ullevig,Construction Management Intern - I0023,workable,us,unstated,2026-09-14T00:00:00.000Z,2026-09-15T23:50:07.350Z,2026-09-29,2026-09-29
4aa7dbfb-014b-4a23-b741-c4580221f9b6,Security Risk Advisors,CyberSOC Co-op - 2027 (IRL),workable,non_us,unstated,2026-09-04T00:00:00.000Z,2026-09-04T17:42:57.089Z,2026-09-29,2026-09-29
4ad1a1ed-b4c1-469d-8a06-615e980af68c,Nord-Ostsee Automobile,Praktikum im Center Hyundai Flensburg (m/w/d),recruitee,non_us,unstated,2026-07-15T06:30:43.000Z,2026-09-02T17:29:57.069Z,2026-09-29,2026-09-29
4ade5d15-ede6-4696-b87d-3fd20b58b207,"Huawei Technologies Canada Co., Ltd.",Co-op Researcher-Computer Vision and Machine Learning,recruitee,non_us,unstated,2025-09-04T14:21:17.000Z,2026-08-31T04:21:36.768Z,2026-09-29,2026-09-29
4af4d99f-d428-4b8e-83b0-395322095657,Lakshya Digital,3D Animation Internship (Gurgaon),workable,non_us,unstated,2026-01-12T00:00:00.000Z,2026-08-31T20:21:03.730Z,2026-09-29,2026-09-29
4b2541de-2d90-4bfb-a336-9f20920d1432,Teads,Campaign Manager Intern,greenhouse,non_us,unstated,2026-09-14T13:39:36.000Z,2026-09-28T06:35:27.731Z,2026-09-29,2026-09-29
4b285d2b-72cd-44b9-997d-906f66b56818,SpaceX,Spring 2027 Business Operations Internship/Co-op,greenhouse,us,unstated,2026-09-01T23:48:33.000Z,2026-08-03T19:52:15.354Z,2026-09-29,2026-09-29
4b2bee23-7c50-45d2-8f11-0c54c36ee366,Walibi Holland,BBL- Leerling Vakbekwaam Hovenier,recruitee,non_us,unstated,2026-05-12T09:55:53.000Z,2026-08-31T21:32:20.022Z,2026-09-29,2026-09-29
4b2c2a87-3f33-4243-ba80-5f28a93f8f2b,"Huawei Technologies Canada Co., Ltd.",Co-op Researcher-Computer Vision and Machine Learning,recruitee,non_us,unstated,2025-09-04T19:35:59.000Z,2026-08-31T04:21:36.768Z,2026-09-29,2026-09-29
4b3d16bb-b88d-4fe6-ae95-cb893111fb94,Schonfeld,2027 Corporate Strategy & Transformation Intern,greenhouse,us,unstated,2026-09-22T13:15:59.000Z,2026-09-04T23:59:54.183Z,2026-09-29,2026-09-29
4b56c2e5-b71e-4502-9715-ce40277f9930,Shiftmove,Werkstudent:in Brand Marketing and Social Media (all genders),workable,non_us,unstated,2026-09-14T00:00:00.000Z,2026-09-17T03:04:30.051Z,2026-09-29,2026-09-29
4b628737-c4f9-4283-b84e-c2aed766422d,PGTEK,IT Internship - Nutanix - DOD SkillBridge-eligible applicants only,workable,us,unstated,2026-09-18T00:00:00.000Z,2026-09-18T22:50:56.925Z,2026-09-29,2026-09-29
4b90fb9a-a1c7-4a4b-b2cf-79bf2005fa07,Cello,Stagiair staf-ondersteunende dienst (mbo/hbo),recruitee,non_us,unstated,2026-03-23T13:31:09.000Z,2026-08-31T04:09:41.112Z,2026-09-29,2026-09-29
4baacac8-7975-4c56-b136-b5db32d3a35c,dss+,2027 Early Careers Talent Community (Graduate & Internship Opportunities) – United States,recruitee,us,unstated,2026-09-03T12:17:48.000Z,2026-09-03T14:02:05.433Z,2026-09-29,2026-09-29
4bbbd0f5-5402-4700-892f-39aa40f99f94,"Love, Bonito",Marketing Intern,workable,non_us,unstated,2026-01-14T00:00:00.000Z,2026-08-31T20:22:38.281Z,2026-09-29,2026-09-29
4bbc944c-037b-42b6-8d21-1148ffc68024,DC Advisory,2027 Investment Banking Summer Analyst - Washington DC,workable,us,unstated,2026-09-18T00:00:00.000Z,2026-09-19T07:42:12.286Z,2026-09-29,2026-09-29
4bfa9c31-d25c-4869-ab97-344f6e15c68d,Médecins Sans Frontières Suisse,Mesures d'insertion ou de réinsertion professionnelle,recruitee,non_us,unstated,2026-09-11T08:57:34.000Z,2026-09-11T11:19:25.715Z,2026-09-29,2026-09-29
4bfe778c-4fd6-49c6-96ea-27e5f4624381,Ferm,Stagiair Ferm Kinderopvang Vlaams-Brabant,recruitee,non_us,unstated,2026-04-09T07:03:51.000Z,2026-09-22T02:17:06.105Z,2026-09-29,2026-09-29
4c042d78-0797-46b7-9e3e-8a644966dff2,HR-Specialist,"Stagiaire Business Development, Digital & Recrutement",recruitee,non_us,unstated,2026-08-27T08:57:49.000Z,2026-08-31T04:22:53.472Z,2026-09-29,2026-09-29
4c086bef-eb55-4f88-afe5-409ece2fc73b,Consigli Construction,Project Management Intern (Summer 2027),workable,us,unstated,2026-08-26T00:00:00.000Z,2026-08-31T04:24:01.655Z,2026-09-29,2026-09-29
4c5fd75b-d2ed-43e9-9e18-7c26a0ab1053,Solarvest,QSHE Intern (PG),workable,unknown,unstated,2026-01-26T00:00:00.000Z,2026-08-31T20:49:56.751Z,2026-09-29,2026-09-29
4c6519f2-b773-4afc-ac17-07a0a99876ed,Astranis,Propulsion Engineer Intern (Summer 2027),greenhouse,us,refuses,2026-09-25T21:56:50.000Z,2026-09-25T07:27:18.212Z,2026-09-29,2026-09-29
4c789bc7-0078-4c49-8499-ca3f8a8f977f,Friday Recruitment,Stage Internet Marketing (32-40 uur),recruitee,non_us,unstated,2026-09-21T11:44:49.000Z,2026-09-22T02:02:47.898Z,2026-09-29,2026-09-29
4c801531-c0ad-4dd7-b3f2-57be8fdc6b78,Direct Result DE,Werkstudent in Sales (m/w/d),recruitee,non_us,unstated,2025-02-07T14:16:22.000Z,2026-09-02T17:28:35.162Z,2026-09-29,2026-09-29
4c972a08-c962-4563-b6e3-811676e4a967,Biggelaar Groep,Aankomend Vakman Grond- en waterbouw,recruitee,non_us,unstated,2025-08-03T09:33:11.000Z,2026-08-31T04:06:57.572Z,2026-09-29,2026-09-29
4ca7c6b8-877f-4439-86f7-74f157e27b4f,Crypto Finance AG,Intern - Application Management,workable,non_us,unstated,2026-07-13T00:00:00.000Z,2026-08-31T04:26:05.540Z,2026-09-29,2026-09-29
4cd1e32d-5dc9-4581-98bb-5615e6146d78,Zipline,Supplier Industrialization Engineering Intern (Spring 2027),greenhouse,us,unstated,2026-09-17T17:05:10.000Z,2026-09-19T08:08:31.082Z,2026-09-29,2026-09-29
4cd9bdf1-5eb0-40ae-9f8a-875c937ce560,Solarvest,Marketing Intern,workable,unknown,unstated,2026-06-30T00:00:00.000Z,2026-08-31T20:49:56.751Z,2026-09-29,2026-09-29
4d0b02a3-9011-4eeb-a1f4-e6ff625b351f,Perry Homes,2027 Summer Internship - Legal Intern,workable,us,unstated,2026-08-31T00:00:00.000Z,2026-08-31T20:29:12.667Z,2026-09-29,2026-09-29
4d12e66b-0f96-427f-9f66-3982eb483193,FleishmanHillard,"Human Resources Intern, Public Affairs Consultancy 6-month paid internship, Brussels",greenhouse,non_us,unstated,2026-08-31T17:58:29.000Z,2026-09-01T10:43:07.842Z,2026-09-29,2026-09-29
4d1521e8-ce62-4b64-9d5c-1731b998c1a9,Amity Solutions,Quality Assurance Engineer Intern (3–6 Months Internship),breezy,non_us,unstated,2026-08-21T08:48:27.342Z,2026-09-14T11:10:55.401Z,2026-09-29,2026-09-29
4d429f70-907d-433d-b703-a6b3060ff5da,Inizio Ignite,Summer Associate Consultant (UK) – 2027 Internship Program,greenhouse,us,unstated,2026-09-24T20:10:32.000Z,2026-09-26T07:03:26.559Z,2026-09-29,2026-09-29
4d64a40e-c370-484a-b597-4af838a84de3,Schonfeld,2027 Business Analytics Intern,greenhouse,us,unstated,2026-09-22T13:15:59.000Z,2026-09-04T18:36:16.265Z,2026-09-29,2026-09-29
4d88f321-203e-4bec-9e33-86f6d41e46d8,D2L- Early Talent,Knowledge Specialist - Winter 2027 Co-op,greenhouse,non_us,unstated,2026-09-09T14:41:48.000Z,2026-09-09T23:20:30.906Z,2026-09-29,2026-09-29
4d9460a6-aa70-41cb-9a52-5b432d5e6c51,Hydrite,Technical Service Intern - Food & Beverage,greenhouse,us,unstated,2026-09-08T20:49:03.000Z,2026-09-09T02:58:24.174Z,2026-09-29,2026-09-29
4d995b2e-15a2-428b-8bdf-4d34aa8d4141,Nord-Ostsee Automobile,Praktikum im Center Hamburg-Am Rothenbaum (m/w/d),recruitee,non_us,unstated,2026-07-15T06:02:55.000Z,2026-09-02T17:29:57.069Z,2026-09-29,2026-09-29
4dd4c1c9-c726-4ed0-91e4-4cd019073e4d,Normec Foodcare NL,"HBO Stagiair(e) Labelling, Specificatiebeheer en Procesverbetering",recruitee,non_us,unstated,2026-09-17T13:58:55.000Z,2026-09-18T13:25:42.409Z,2026-09-29,2026-09-29
4de76a0b-19c8-4619-ac30-7a890db08aae,Angkas,Creatives Intern,workable,non_us,unstated,2026-08-06T00:00:00.000Z,2026-08-31T04:10:01.002Z,2026-09-29,2026-09-29
4dfbb2bf-c0b2-4571-ad89-8c11a53120ae,StepStone Group,2026 Private Debt Product Management Intern,greenhouse,non_us,unstated,2026-09-09T15:24:07.000Z,2026-09-01T19:59:22.656Z,2026-09-29,2026-09-29
4e17398a-4c2f-400a-a40f-4a9e0dc2ce34,Lincoln International,M&A Internship (January 2027),greenhouse,non_us,unstated,2026-09-09T20:35:11.000Z,2026-09-08T00:24:05.747Z,2026-09-29,2026-09-29
4e1bac58-da25-4216-9f9c-ca8ea3879783,EngageTech,SDR Intern - South Africa,workable,non_us,unstated,2026-07-10T00:00:00.000Z,2026-08-31T04:31:50.074Z,2026-09-29,2026-09-29
4e24b9ea-d439-4363-9f2b-14029875626f,Jump Trading,Campus Quantitative Researcher (Intern),greenhouse,non_us,unstated,2026-08-28T11:27:49.000Z,2026-09-01T19:49:42.704Z,2026-09-29,2026-09-29
4e28c093-50c7-4ed9-b2ff-b5c7af18ab8a,Die Grenze BV,Stage/BBL Kerkrade Niersprinkstraat,recruitee,non_us,unstated,2026-02-13T10:03:36.000Z,2026-08-31T04:12:20.250Z,2026-09-29,2026-09-29
4e4d31ef-e95b-4722-9422-eee76caa46bd,CROP Accountants & Adviseurs,Werkstudent Tax | 16-40 uur per week,recruitee,non_us,unstated,2024-07-05T14:22:41.000Z,2026-08-31T04:10:54.468Z,2026-09-29,2026-09-29
4e512610-1679-423a-9a70-43e25536a907,CoverGo,HR Intern (Hybrid),workable,non_us,unstated,2026-09-08T00:00:00.000Z,2026-09-08T04:13:19.689Z,2026-09-29,2026-09-29
4e57b511-e28f-4283-9be9-374d6d1dfbb5,Kairos Power,Mechanical and Manufacturing Engineering Internship - Summer 2027,greenhouse,us,unstated,2026-09-23T21:26:27.000Z,2026-08-31T16:29:28.639Z,2026-09-29,2026-09-29
4e611a2f-4c78-49cc-bef8-a82e121da8d2,Bybit,AI Development Engineer Intern,greenhouse,non_us,unstated,2026-09-11T10:59:06.000Z,2026-09-17T04:25:43.717Z,2026-09-29,2026-09-29
4e646228-31be-43ce-a1fa-0b01ab99617e,Smart Technology Solutions,IT Intern,workable,non_us,unstated,2026-07-22T00:00:00.000Z,2026-08-31T20:49:34.535Z,2026-09-29,2026-09-29
4e71719c-1b5f-4ad8-82c8-f7df4718c719,SPS Schaltanlagentechnik,Werkstudent Vertrieb (m/w/d) mit Schwerpunkt Telefonakquise,recruitee,non_us,unstated,2026-08-03T10:41:01.000Z,2026-08-31T04:38:12.812Z,2026-09-29,2026-09-29
4e9af741-fe0c-4654-95c8-623b00518bb9,Grayling,PR / Communications Intern,greenhouse,non_us,unstated,2026-09-01T09:45:49.000Z,2026-09-09T21:11:24.019Z,2026-09-29,2026-09-29
4ea11d72-a40c-4162-b527-079c5503398e,TMGM,Financial Product Sales Intern | Mandarin Speaking,workable,non_us,unstated,2023-08-02T00:00:00.000Z,2026-08-31T21:07:56.736Z,2026-09-29,2026-09-29
4eab5c49-c614-4515-aa29-51426c21b694,Retail Insights,Management Graduate Program Intake (Danish speaker) Retail Insights,greenhouse,non_us,unstated,2026-08-28T05:15:20.000Z,2026-09-08T02:41:43.604Z,2026-09-29,2026-09-29
4ec776c9-f688-4de8-b73f-4b814b0e56c9,Consigli Construction,Quality Intern (Summer 2027),workable,us,unstated,2026-08-26T00:00:00.000Z,2026-08-31T04:24:01.655Z,2026-09-29,2026-09-29
4ef02376-76c8-43e5-ad7d-fb767fc3593c,Heembouw,Stage of afstuderen Jan/Feb 2027,recruitee,non_us,unstated,2026-08-31T10:08:19.000Z,2026-08-31T22:16:11.404Z,2026-09-29,2026-09-29
4ef6a8e2-6998-4174-aab1-5eadb6f5d46a,Consigli Construction,Project Management Intern (Summer 2027),workable,us,unstated,2026-08-26T00:00:00.000Z,2026-08-31T04:24:01.655Z,2026-09-29,2026-09-29
4f02eb92-b6dd-4fb7-b7d6-d12c39916c6e,Wisemen,Stageplaats / Internship,recruitee,non_us,unstated,2023-06-19T11:22:08.000Z,2026-09-01T10:46:30.459Z,2026-09-29,2026-09-29
4f114ead-0e8a-4d84-bb89-176fdf79e743,Conclusion,Afstudeerstage business process improvements bij een strategische SAP-partner,recruitee,non_us,unstated,2026-08-05T10:02:42.000Z,2026-08-31T04:10:48.833Z,2026-09-29,2026-09-29
4f3d4e90-5c3b-403b-b30c-2d11530a7191,CoverManager,Paid Media Internship,recruitee,non_us,unstated,2026-09-25T12:06:36.000Z,2026-09-25T13:26:31.787Z,2026-09-29,2026-09-29
4f6ed32d-52e4-4d5e-96ce-8a0187893d6b,Zipline,Software Systems Validation Intern (Summer 2027),greenhouse,us,unstated,2026-09-17T17:05:10.000Z,2026-09-19T08:08:31.082Z,2026-09-29,2026-09-29
4f6fb469-cb18-46bb-9dab-fc096593ef85,Gérard Bertrand,STAGE - Assistant de Communication (H/F),recruitee,non_us,unstated,2026-08-19T14:52:26.000Z,2026-08-31T04:17:19.032Z,2026-09-29,2026-09-29
4f8a8bc8-27be-4821-bcc7-3ee5f7dee367,Wakuli,Business Development & Construction Intern,recruitee,non_us,unstated,2026-06-23T13:54:28.000Z,2026-08-31T13:37:23.840Z,2026-09-29,2026-09-29
4fae66b7-403f-4d77-a55e-e8a0ff28215f,Neuralink,"Software Engineer Intern, Internal Apps",greenhouse,us,unstated,2026-09-25T01:18:21.000Z,2026-09-08T00:24:09.614Z,2026-09-29,2026-09-29
4fe9ccd0-8c0b-406a-a66d-6041f6d18d1f,Elan Wonen,Stage Leefbaarheid,recruitee,non_us,unstated,2026-07-23T13:17:51.000Z,2026-08-31T04:13:41.962Z,2026-09-29,2026-09-29
507cba00-a63d-4efa-9e0c-d60d464fe9f0,KULT | OLYMP & HADES,Werkstudent (m/w/d) im Verkauf Mode und Bekleidung,recruitee,non_us,unstated,2026-09-01T14:32:15.000Z,2026-09-01T19:55:15.547Z,2026-09-29,2026-09-29
50a75d4f-bf11-41f7-aae5-c49bdd82ca01,RF-SMART,SaaS Sales Internship - Summer 2027,greenhouse,us,refuses,2026-09-22T19:39:43.000Z,2026-09-09T02:31:14.792Z,2026-09-29,2026-09-29
50b0ed7e-f2e0-435b-a020-3266897926a9,Artis Energy Solutions,Energy Efficiency Intern,breezy,us,refuses,2026-05-06T05:16:57.587Z,2026-09-15T05:44:17.426Z,2026-09-29,2026-09-29
50daa2eb-4347-4194-b9f2-bab2ce1e721a,Innovative Beauty Group,Sales Support Intern,recruitee,non_us,unstated,2026-09-29T11:50:31.000Z,2026-09-29T15:42:11.528Z,2026-09-29,2026-09-29
50e168b4-2e04-45c1-9e0d-095e9a640376,moomoo,Compliance Intern,workable,non_us,unstated,2026-09-18T00:00:00.000Z,2026-09-19T06:39:21.018Z,2026-09-29,2026-09-29
5114c159-31f6-4417-8cb8-790bbad337c9,Electra,Supply Chain Co-op,greenhouse,us,unstated,2026-09-02T15:21:04.000Z,2026-09-09T20:48:43.443Z,2026-09-29,2026-09-29
51542790-7741-41c4-8b21-c40ee0dc88c9,Audax Private Debt,Investor Relations CO-OP,greenhouse,us,unstated,2026-09-24T13:52:58.000Z,2026-09-10T07:31:22.146Z,2026-09-29,2026-09-29
5182d2a6-1114-46ab-aeb0-e204fbbadf34,Matera,Stage - Customer Care : Onboarding - Gestion locative,recruitee,non_us,unstated,2026-09-22T13:09:28.000Z,2026-09-25T06:30:31.626Z,2026-09-29,2026-09-29
5198c927-d9d1-4e7b-bcf0-55c6e98fd46a,Gérard Bertrand,Offres de Stage – Château l'Hospitalet Wine Resort Beach & SPA 5*,recruitee,non_us,unstated,2026-09-15T08:55:49.000Z,2026-09-18T08:49:16.082Z,2026-09-29,2026-09-29
51a60634-8d0d-4e22-a899-95ed32064a81,Vivium,VA Zorgprofessional+ Verzorgende IG,recruitee,non_us,unstated,2024-03-05T16:09:51.000Z,2026-08-31T13:36:00.478Z,2026-09-29,2026-09-29
51c72811-1ac8-43db-a4f9-a0a554f729b8,CoverGo,Recruitment Intern (Immediate Hire) - Fully Remote,workable,non_us,unstated,2026-06-19T00:00:00.000Z,2026-08-31T04:24:46.611Z,2026-09-29,2026-09-29
52142beb-b04c-490a-b78b-6165806434d5,Friday Recruitment,Afstudeerstage Product Improvement,recruitee,non_us,unstated,2026-09-26T10:14:31.000Z,2026-09-26T23:14:24.997Z,2026-09-29,2026-09-29
521e414f-b694-4f1b-9b0c-5a7aee1f0119,Curi Capital,Marketing and Communications Intern,greenhouse,us,unstated,2026-09-17T19:12:48.000Z,2026-09-18T01:27:51.705Z,2026-09-29,2026-09-29
522a5fa9-b29e-423e-9e47-6682b1e083b3,Seven Retail,Performance Marketing Intern - Lifestyle,breezy,non_us,unstated,2026-09-14T08:56:24.404Z,2026-08-31T04:38:17.934Z,2026-09-29,2026-09-29
5232704d-9aa8-4011-916f-98ebbd3de96d,Nord-Ostsee Automobile,Praktikum im Center Husum (m/w/d),recruitee,non_us,unstated,2026-07-14T13:29:15.000Z,2026-09-02T17:29:57.069Z,2026-09-29,2026-09-29
5232a6d3-287b-4b0d-b0d8-8bd050b5528f,"Rives & Eaux du Sud-Ouest,",Stage en Communication & Community Management F/H,recruitee,non_us,unstated,2026-07-28T08:33:35.000Z,2026-08-31T04:35:17.983Z,2026-09-29,2026-09-29
5258c7dc-d4cb-4e87-b141-a7292dc14964,Nord-Ostsee Automobile,Praktikum im Center Garbsen (m/w/d),recruitee,non_us,unstated,2026-07-15T06:33:29.000Z,2026-09-02T17:29:57.069Z,2026-09-29,2026-09-29
528a51cf-afc6-4eb5-ba65-744c9603975f,Bauer & Söhne GmbH & Co. KG,"(Pflicht-)Praktikant (m/w/d) Business & Sales Support · Gesundheit, Wellness & Vertrieb · Startup",recruitee,non_us,unstated,2026-08-14T14:57:15.000Z,2026-08-31T04:06:56.693Z,2026-09-29,2026-09-29
529788fa-f721-46dd-865a-4aac41bef94d,CloudCommerce,Warehouse Intern,breezy,unknown,unstated,2026-09-02T04:01:27.441Z,2026-08-31T04:13:39.029Z,2026-09-29,2026-09-29
52a35063-f2d0-4e18-94d8-6f0b82420bed,Vermetten | accountants en adviseurs,Stage fiscaal,recruitee,non_us,unstated,2023-06-28T10:35:01.000Z,2026-08-31T13:36:03.396Z,2026-09-29,2026-09-29
52ebf04d-e160-425c-af2d-d539a8b4f1e4,Clarity Innovations,Junior Software Engineer Internship,greenhouse,us,refuses,2026-09-17T15:55:36.000Z,2026-09-17T17:34:50.748Z,2026-09-29,2026-09-29
5308b8ef-ab8e-4da0-ab50-b72946428953,INEOS Automotive,Stagiaires Mesures Physiques/ Métrologie (H/F),workable,non_us,unstated,2026-07-10T00:00:00.000Z,2026-08-31T20:18:11.968Z,2026-09-29,2026-09-29
53117477-eefc-4897-a964-bd2ab8a8d9f4,Rush Street Interactive,Risk and Payments Internship- Spring 2027,greenhouse,us,unstated,2026-09-21T14:45:59.000Z,2026-09-11T23:36:31.893Z,2026-09-29,2026-09-29
53193084-5c9e-467d-82af-1a7c800a71cb,Consigli Construction,Project Management Co-op (Spring 2027),workable,us,unstated,2026-07-06T00:00:00.000Z,2026-08-31T04:24:01.655Z,2026-09-29,2026-09-29
533361ba-c755-468e-a77b-aaf76f3199e3,Die Grenze BV,Stage/BBL Almelo Schelfhorst,recruitee,non_us,unstated,2024-10-21T08:48:38.000Z,2026-08-31T04:12:20.250Z,2026-09-29,2026-09-29
5365107b-a24c-4431-93e9-debb8a355c39,Hydrite,Sustainability Intern,greenhouse,us,unstated,2026-09-08T15:17:58.000Z,2026-09-08T16:47:10.839Z,2026-09-29,2026-09-29
53902e24-c789-466f-97b1-10109d4437cf,Anchr,Stage Creative Digital Marketing,recruitee,non_us,unstated,2026-01-15T08:58:46.000Z,2026-08-31T04:04:18.361Z,2026-09-29,2026-09-29
53c2f78b-0104-4da2-8815-aa0523d0101a,Consigli Construction,Safety Intern (Spring 2027),workable,us,unstated,2026-09-01T00:00:00.000Z,2026-09-01T19:18:24.502Z,2026-09-29,2026-09-29
53eec292-6377-418f-9e73-40d4af0c62ab,Formerra,HR Intern,greenhouse,us,refuses,2026-09-14T17:01:42.000Z,2026-09-15T02:50:02.236Z,2026-09-29,2026-09-29
540390bc-2332-4402-9f0f-daf07d0df9dd,Eintracht Frankfurt Fußball AG,Pflichtpraktikant Marketing & Partnership Sales (m/w/d),recruitee,non_us,unstated,2026-09-11T06:39:34.000Z,2026-09-11T12:03:27.299Z,2026-09-29,2026-09-29
542c7018-b536-4298-8393-b252176d4656,Jump Trading,"Campus Quantitative Researcher, PhD (Intern)",greenhouse,us,unstated,2026-08-18T21:49:20.000Z,2026-09-01T19:49:42.704Z,2026-09-29,2026-09-29
54515932-1aba-4f12-9614-8cee15fef2c1,Texas Public Policy Foundation,Internship Program,recruitee,us,unstated,2025-01-14T20:05:18.000Z,2026-08-31T05:18:22.241Z,2026-09-29,2026-09-29
54522c14-60ef-4347-94db-848331e792e2,General Matter,Summer 2027 Internship - Civil Engineering,greenhouse,us,unstated,2026-09-21T23:44:19.000Z,2026-09-19T13:54:56.300Z,2026-09-29,2026-09-29
545a978a-d629-453c-a100-7419380b3ca4,Kulfi Collective,Intern - Culture & Experiences,greenhouse,non_us,unstated,2026-09-25T12:26:52.000Z,2026-09-25T06:14:26.813Z,2026-09-29,2026-09-29
545d0091-76e2-49cd-84d8-53d2f1305bac,Ascendis Pharma,Werkstudent/in Medical Affairs (w/m/d),workable,non_us,unstated,2026-08-12T00:00:00.000Z,2026-08-31T04:12:48.722Z,2026-09-29,2026-09-29
545d2b7f-24c2-4e07-b7ef-faa70cecb5ca,Nysingh,"Meewerkstage Business Development, Marketing & Communicatie",recruitee,non_us,unstated,2026-09-01T07:08:01.000Z,2026-09-01T19:41:30.149Z,2026-09-29,2026-09-29
5466620b-5368-47ef-a7fd-a887eb01bac9,Northmarq,"Communications and Public Relations Intern, Summer 2027",greenhouse,us,refuses,2026-09-09T15:15:27.000Z,2026-09-09T16:03:25.157Z,2026-09-29,2026-09-29
546ae80e-1521-4a7a-840b-14b07ac75c40,SAOTA,Intern Architect (2027 Intake),breezy,non_us,unstated,2026-09-02T13:45:40.842Z,2026-09-02T13:55:54.008Z,2026-09-29,2026-09-29
54b8412f-40f7-4a4b-b203-ac2d0c9fdda8,Angkas,Creatives Intern,workable,non_us,unstated,2026-08-20T00:00:00.000Z,2026-08-31T04:10:01.002Z,2026-09-29,2026-09-29
54b86929-b584-415e-89d0-6376ab4ec3f9,mylo,Testing and Automation Intern,workable,non_us,unstated,2026-07-09T00:00:00.000Z,2026-08-31T20:25:44.421Z,2026-09-29,2026-09-29
54c1d941-d214-45a7-b2b4-a5bb82727518,AlphaHire,Water Utility Apprenticeship & Internship Program Partner (WIL Collaborator),workable,us,unstated,2026-09-21T00:00:00.000Z,2026-09-24T21:16:42.062Z,2026-09-29,2026-09-29
54d698d9-f8a5-4e0a-b888-fd722a562331,BRL Risk Consulting GmbH & Co. KG,Praktikant im Bereich Cyber Security (m/w/d),recruitee,non_us,unstated,2023-07-07T09:56:20.000Z,2026-08-31T04:09:35.753Z,2026-09-29,2026-09-29
54dca4d2-b307-4a86-865e-7eedab096319,Texas Public Policy Foundation,Clerkship Program,recruitee,us,unstated,2025-06-05T20:41:05.000Z,2026-08-31T05:18:22.241Z,2026-09-29,2026-09-29
550aa602-eb5b-481b-9144-6ce3b53feb09,Keywords Studios,Talent Acquisition Intern for Player Engagement 2026,workable,non_us,unstated,2026-06-01T00:00:00.000Z,2026-08-31T20:20:23.487Z,2026-09-29,2026-09-29
5528adf9-38e3-4fb9-a3e3-5a82ed5d61c6,CoverGo,HR & Culture Intern,workable,non_us,unstated,2026-04-20T00:00:00.000Z,2026-08-31T04:24:46.611Z,2026-09-29,2026-09-29
55373049-c252-4c3b-a69d-0296aefdcae0,CMS Derks Star Busmann N.V.,Juridisch Medewerker (Werkstudent) Tax,recruitee,non_us,unstated,2023-11-29T12:15:40.000Z,2026-09-02T17:28:27.381Z,2026-09-29,2026-09-29
556b4795-4a5f-4765-bfa0-81329ed38a3c,Hydrite,Technical Service Intern - Food & Beverage,greenhouse,us,unstated,2026-09-08T20:51:57.000Z,2026-09-09T02:58:24.174Z,2026-09-29,2026-09-29
55891e4f-1945-41ce-bd68-0a96c3465707,Anders,Audit and Assurance Intern - Winter/Spring 2028,greenhouse,us,unstated,2026-08-26T19:29:22.000Z,2026-09-15T12:30:18.881Z,2026-09-29,2026-09-29
55a5edd3-146a-499b-9e64-dbab049f833b,NTS,Applied Physics Internship | Structured illumination depth sensor | NTS Optel,recruitee,non_us,unstated,2026-05-12T13:45:35.000Z,2026-08-31T22:34:43.143Z,2026-09-29,2026-09-29
56117bb4-6a1b-4270-aa09-190eb1d43ce3,Bybit,[Intern] Test Development Engineer Intern （Trading Engine）,greenhouse,non_us,unstated,2026-09-09T12:04:10.000Z,2026-09-17T04:25:43.717Z,2026-09-29,2026-09-29
56286c4f-ae0a-48eb-a603-b816ce249db9,HealthCorps,Teens Make Health Happen Marketing & Communications Internship,workable,us,unstated,2026-07-09T00:00:00.000Z,2026-08-31T13:39:42.527Z,2026-09-29,2026-09-29
562d7120-5858-4012-87ab-a4663e9cc636,AUTO24,Stagiaire Commercial(e) EV24.africa - Anglophone,workable,non_us,unstated,2026-08-27T00:00:00.000Z,2026-08-31T04:11:27.338Z,2026-09-29,2026-09-29
5652c0aa-7d6c-48ee-92cf-a91b3ac1cbc6,Gallup,Software Engineer Intern — Summer 2027,greenhouse,us,refuses,2026-09-16T19:17:52.000Z,2026-09-19T10:26:35.376Z,2026-09-29,2026-09-29
565e7e73-3408-4b55-aa17-eff9366d176c,Retail Insights,6 months internship (Danish Speaker),greenhouse,non_us,unstated,2026-08-28T05:15:03.000Z,2026-09-08T02:41:43.604Z,2026-09-29,2026-09-29
567b3114-32e6-404d-8f87-9926e5d7ac1d,Gemiva,Stage afstudeeropdracht communicatie Gemiva hbo,recruitee,non_us,unstated,2026-07-02T10:29:07.000Z,2026-09-02T17:28:43.206Z,2026-09-29,2026-09-29
567eabee-6fbe-47cb-8e35-8270a00808fb,Street Child,French Fundraising Intern,workable,non_us,unstated,2024-05-16T00:00:00.000Z,2026-08-31T04:39:25.414Z,2026-09-29,2026-09-29
5696c220-c648-4eee-a222-1f6329b557f6,Zipline,Partner Success Intern (Spring 2027),greenhouse,us,refuses,2026-09-17T17:05:10.000Z,2026-09-19T08:08:31.082Z,2026-09-29,2026-09-29
56d7d6f4-dd36-44d3-b181-4d657f38b812,TransMarket Group,Algorithmic Trader Intern,greenhouse,us,unstated,2026-08-03T14:53:55.000Z,2026-09-01T19:49:28.998Z,2026-09-29,2026-09-29
56de3055-4b28-42c2-858c-a7baee4056cf,4Chain Consulting,Werkstudent Personalberater/Recruiter (m/w/d),workable,non_us,unstated,2026-07-20T00:00:00.000Z,2026-08-31T04:06:28.069Z,2026-09-29,2026-09-29
57022641-c253-4167-bd05-d8606d8d7946,Solarvest,Operation & Maintenance Intern (PG),workable,unknown,unstated,2025-02-07T00:00:00.000Z,2026-08-31T20:49:56.751Z,2026-09-29,2026-09-29
571c24e4-9bd2-4b1d-840c-24f43a599495,Third Bridge,"Associate Intern, Bahasa/Vietnamese Speaker",greenhouse,non_us,unstated,2026-07-03T07:44:18.000Z,2026-09-28T15:39:44.022Z,2026-09-29,2026-09-29
572a726f-4ba5-4ae6-83a6-93b5745ce6bb,Exoticca,Business Excellence Intern,workable,non_us,unstated,2026-09-14T00:00:00.000Z,2026-09-15T23:38:32.309Z,2026-09-29,2026-09-29
57731332-56b6-4441-812b-689b1ae0cc81,Kaufman Rossin,Tax Financial Services Intern,workable,us,unstated,2026-06-29T00:00:00.000Z,2026-08-31T20:20:15.367Z,2026-09-29,2026-09-29
57c83102-8fc9-4375-900e-325381ce2a0d,Recursion,Interested in an internship?,greenhouse,us,unstated,2026-07-08T17:36:36.000Z,2026-08-03T20:11:27.873Z,2026-09-29,2026-09-29
57ee0c94-f059-41a6-af10-196973b70ce0,Zipline,Change Management Intern (Spring 2027),greenhouse,us,refuses,2026-09-17T17:05:10.000Z,2026-09-19T08:08:31.082Z,2026-09-29,2026-09-29
5801107a-e5fc-47b8-8070-ac80f8b3422d,Antea Group,Stagiair circulair beheer,recruitee,non_us,unstated,2026-06-26T14:05:48.000Z,2026-08-31T04:05:43.270Z,2026-09-29,2026-09-29
5803476b-698c-4ce2-b5d3-74ea1da08dd5,TMGM,Financial Product Sales Intern | Mandarin Speaking,workable,non_us,unstated,2023-09-13T00:00:00.000Z,2026-08-31T21:07:56.736Z,2026-09-29,2026-09-29
58071a5a-d051-4ece-8089-9a2211abcb97,Vouched,Customer Success Intern,workable,us,unstated,2026-09-17T00:00:00.000Z,2026-09-19T06:28:32.449Z,2026-09-29,2026-09-29
58261a5c-8cfc-4599-b9f7-64e9531b4277,CERTUSS GmbH,Praktikant (m/w/d) – Produktentwicklung & Datenaufbereitung,recruitee,non_us,unstated,2025-04-24T13:04:45.000Z,2026-08-31T04:09:38.967Z,2026-09-29,2026-09-29
58451338-5194-4ef5-a057-cb6f80177250,DRW,Software Developer Intern,greenhouse,non_us,unstated,2026-09-12T18:54:50.000Z,2026-08-03T20:13:54.595Z,2026-09-29,2026-09-29
58589680-ec7f-4405-a07e-d4f9d24b003d,Consigli Construction,Field Operations Intern (Summer 2027),workable,us,unstated,2026-09-09T00:00:00.000Z,2026-09-09T16:12:04.571Z,2026-09-29,2026-09-29
588018bf-f708-4268-9843-538d56cbd2bf,Kaizen Gaming,Kick-Start Your Internship Journey,greenhouse,non_us,unstated,2026-09-18T11:45:51.000Z,2026-09-20T20:31:55.243Z,2026-09-29,2026-09-29
58893448-0e38-4361-96a3-aca1c4ec311a,Point72,Quantitative Research Intern (NLP),greenhouse,us,unstated,2026-09-15T21:33:58.000Z,2026-09-01T19:49:27.998Z,2026-09-29,2026-09-29
589797d9-b97f-4d94-852f-1d6c133f8e91,ODK Media,QA & Usability Intern (Unpaid),workable,us,unstated,2026-08-07T00:00:00.000Z,2026-08-31T20:27:20.255Z,2026-09-29,2026-09-29
589f4e78-4459-49de-911b-66b529af1e2e,Nysingh,Studentstage,recruitee,non_us,unstated,2021-10-06T07:01:36.000Z,2026-08-31T04:31:23.371Z,2026-09-29,2026-09-29
58a6a710-94de-4487-8138-b63c339c1623,Die Grenze BV,Stage/BBL Heerlen Wannerstraat,recruitee,non_us,unstated,2024-10-21T09:14:07.000Z,2026-08-31T04:12:20.250Z,2026-09-29,2026-09-29
58c2247d-05cf-4459-ac08-174527b1c303,Franz Ziel GmbH,Praktikum im Ausbildungsberuf Industriekaufmann (m/w/d),recruitee,non_us,unstated,2024-11-18T11:08:25.000Z,2026-08-31T04:17:20.337Z,2026-09-29,2026-09-29
58c786e3-80a5-4d52-92ea-1a29027ef8f7,Gérard Bertrand,STAGE – Assistant Contrôleur de Gestion (H/F),recruitee,non_us,unstated,2026-05-29T06:36:52.000Z,2026-08-31T04:17:19.032Z,2026-09-29,2026-09-29
58e95d8e-5f77-4288-b814-95386cae37f8,General Matter,"Summer 2027 Internship - Environmental, Health & Safety (EHS)",greenhouse,us,unstated,2026-09-21T23:44:18.000Z,2026-09-19T13:54:56.300Z,2026-09-29,2026-09-29
590772e9-6d77-4253-89d3-6ba686c8344b,"Sandstone Care - Reston, Virginia",Clinical Internship,greenhouse,us,unstated,2026-09-24T13:29:27.000Z,2026-08-31T20:11:59.308Z,2026-09-29,2026-09-29
5909292a-d271-4ab4-abe0-b6acd90cc544,Hotel De L'Europe B.V.,Duty & Safety Management Intern,recruitee,non_us,unstated,2026-01-14T09:56:24.000Z,2026-08-31T04:13:39.743Z,2026-09-29,2026-09-29
590cb369-27ce-4fab-a45f-4ae31954c62b,Aquablu B.V,"Engineer, Pilot Build (Working student)",recruitee,non_us,unstated,2026-09-02T09:41:20.000Z,2026-09-02T11:00:20.472Z,2026-09-29,2026-09-29
59344d59-2a27-4542-95e7-1b0bcb28a823,Anderson Sport and Wellness,Business Operations Management Internship,breezy,us,refuses,2026-07-20T21:44:14.525Z,2026-09-02T16:40:44.734Z,2026-09-29,2026-09-29
5955b9d8-b552-40b8-b050-424ff9d20a5e,Hydrite,Chemical Engineering Internship (Summer 2027),greenhouse,us,unstated,2026-09-09T20:25:43.000Z,2026-09-10T00:47:09.065Z,2026-09-29,2026-09-29
5965e2ef-b4e0-4fda-ad16-8bb136fefa4f,LGBT Great,Join our Intern Talent Community,workable,non_us,unstated,2025-08-21T00:00:00.000Z,2026-08-31T20:21:41.075Z,2026-09-29,2026-09-29
59752739-9b67-4ab0-933e-b69c10203587,Solarvest,Operation & Maintenance Intern (Central),workable,unknown,unstated,2025-07-29T00:00:00.000Z,2026-08-31T20:49:56.751Z,2026-09-29,2026-09-29
598f8728-8226-4bf0-82c9-1b28eea974c5,AlixPartners,Praktikum im Consulting - Risk Advisory (m/w/d),greenhouse,non_us,unstated,2026-08-31T19:00:57.000Z,2026-09-15T11:09:16.408Z,2026-09-29,2026-09-29
59c16228-006b-4131-a333-90ff4c1c072f,RedHelm,Managed Services Intern,greenhouse,us,unstated,2026-09-11T23:33:07.000Z,2026-09-12T06:12:48.438Z,2026-09-29,2026-09-29
59e5ca5e-11e3-4e2b-a86d-410f74e8bcdc,pladis France,Stage Janvier 2027 - Category & Revenue Growth Management (F/H),recruitee,non_us,unstated,2026-09-09T07:46:24.000Z,2026-09-09T16:19:42.005Z,2026-09-29,2026-09-29
59e63f70-c5ce-4ba2-93f5-e43dbe679033,SimpleCITI,Sales Development Intern,workable,us,unstated,2026-09-23T00:00:00.000Z,2026-09-24T11:19:32.626Z,2026-09-29,2026-09-29
59e65043-9ad4-4c67-baf9-3f122b6b21f3,Club Tiki Taka,HBO stage Sport & Pedagogiek,recruitee,non_us,unstated,2026-09-10T07:11:54.000Z,2026-09-10T08:03:35.063Z,2026-09-29,2026-09-29
59f62635-8eb7-4246-bdc0-aa556e5457c8,Street Child,French Communication Intern,workable,non_us,unstated,2026-02-03T00:00:00.000Z,2026-08-31T04:39:25.414Z,2026-09-29,2026-09-29
59fa42b0-a564-4dc1-97b8-b44404666848,AtriCure,Finance Co-op,greenhouse,us,unstated,2026-09-27T00:11:21.000Z,2026-09-16T02:11:47.387Z,2026-09-29,2026-09-29
5a2b7f0c-fe99-4593-a042-5567f2dc0776,The Quality Group GmbH,Werkstudent / Praktikant - Packaging Data (gn),greenhouse,unknown,unstated,2026-09-22T08:46:11.000Z,2026-09-28T14:05:37.906Z,2026-09-29,2026-09-29
5a349f7a-ee27-4d2e-886d-cf3a081cbbdc,Heritage Holdings,Founders' Associate Internship,greenhouse,non_us,unstated,2026-09-18T16:26:06.000Z,2026-09-20T11:52:51.057Z,2026-09-29,2026-09-29
5a557fa4-1232-482f-8457-11912e94e4ed,ON2IT B.V.,Stagiair(e) Grafisch Ontwerp | AI-First | Zero Trust | Geen Brave Marketing,recruitee,non_us,unstated,2024-04-29T12:26:35.000Z,2026-08-31T04:30:14.673Z,2026-09-29,2026-09-29
5a5fb0e8-a86f-45b7-9d90-8d206c47cc38,Falcomm,ML Software Engineer Intern - AI/CAD Integration,workable,us,refuses,2025-09-11T00:00:00.000Z,2026-08-31T04:35:54.082Z,2026-09-29,2026-09-29
5ab114f8-56cb-4bc9-8eb4-5a4026364f21,OHM Advisors,Civil Engineering Intern (Hiring for May 2027) - Northern Michigan,workable,us,unstated,2026-08-25T00:00:00.000Z,2026-08-31T21:33:34.111Z,2026-09-29,2026-09-29
5acbec3e-1417-4dc4-bb07-dcba8ae468c5,OnLogic,Financial Analyst Co-Op,workable,us,refuses,2026-09-01T00:00:00.000Z,2026-09-01T19:57:08.972Z,2026-09-29,2026-09-29
5adbabe6-4292-49cd-936b-a0be32e70f66,Consigli Construction,Project Accounting Intern (Summer 2027),workable,us,unstated,2026-08-26T00:00:00.000Z,2026-08-31T04:24:01.655Z,2026-09-29,2026-09-29
5aef1b4e-e629-46fe-951c-f8433d6ae7b2,Perry Homes,"2027 Summer Construction Management Internship - Dallas, TX",workable,us,unstated,2026-09-01T00:00:00.000Z,2026-09-01T20:20:43.614Z,2026-09-29,2026-09-29
5af783c8-80bc-43c8-b299-66f43ab34290,Nord-Ostsee Automobile,Praktikum im Center Hyundai Schwarzenbek (m/w/d),recruitee,non_us,unstated,2026-07-15T06:16:32.000Z,2026-09-02T17:29:57.069Z,2026-09-29,2026-09-29
5b092a7d-16c4-4e77-9252-32823f3b6ba9,Zipline,Controls Engineer Intern (Spring 2027),greenhouse,us,unstated,2026-09-17T17:05:10.000Z,2026-09-19T08:08:31.082Z,2026-09-29,2026-09-29
5b697572-a1b6-4181-94fc-a1822b5b4d15,Debitos GmbH,Italian working student  at our office in Fintech District S32(m/w/d),recruitee,non_us,unstated,2022-03-28T09:23:56.000Z,2026-08-31T04:10:53.906Z,2026-09-29,2026-09-29
5bd10c24-7bc3-43fe-a49a-ef523b079e2e,Vialis,Open sollicitatie stage- of afstudeeropdracht,recruitee,non_us,unstated,2025-02-03T10:08:14.000Z,2026-08-31T21:32:20.195Z,2026-09-29,2026-09-29
5bd6a66c-ed02-4e1d-9f84-58fb2c7c779e,A. de Jong Groep,Stage/BBL/Zijinstroom,recruitee,non_us,unstated,2026-02-10T13:53:00.000Z,2026-08-31T04:04:21.940Z,2026-09-29,2026-09-29
5bfe6624-e60f-456c-b897-cc453c675b35,CoverGo,Business Analyst Intern (Fully Remote),workable,non_us,unstated,2026-09-09T00:00:00.000Z,2026-09-09T06:55:27.391Z,2026-09-29,2026-09-29
5c055323-d7e6-4c4e-b85a-ac2485f73926,Kairos Power,Electrical Engineering Internship - Summer 2027,greenhouse,us,unstated,2026-09-23T21:26:27.000Z,2026-08-31T16:29:28.639Z,2026-09-29,2026-09-29
5c1fb50f-d51f-4d2d-a9c3-23fae5ef7823,Solarvest,Admin / Customer Service Intern,workable,unknown,unstated,2025-12-29T00:00:00.000Z,2026-08-31T20:49:56.751Z,2026-09-29,2026-09-29
5c43bb4a-365b-4479-800a-8615d94ef4c7,Eintracht Frankfurt Fußball AG,Werkstudent Veredelung (m/w/d) im Merchandising,recruitee,non_us,unstated,2026-09-22T15:49:02.000Z,2026-09-25T13:27:20.151Z,2026-09-29,2026-09-29
5c532a2a-d736-4d1a-bb4f-9e14b04a1ce5,"Huawei Technologies Canada Co., Ltd.",Co-op Researcher - LLMs Reasoning,recruitee,non_us,unstated,2025-04-29T20:03:18.000Z,2026-08-31T04:21:36.768Z,2026-09-29,2026-09-29
5c67341a-24f8-4303-81a5-2842ac5de6c1,SAS LOOK UP SPACE,Stage - Assistant.e RH Généraliste (H/F),recruitee,non_us,unstated,2026-09-24T14:48:25.000Z,2026-08-31T22:30:05.814Z,2026-09-29,2026-09-29
5c6d1234-a1e1-4949-8110-84395ab8ace3,Die Grenze BV,Stage/BBL Meppel,recruitee,non_us,unstated,2024-10-21T10:23:01.000Z,2026-08-31T04:12:20.250Z,2026-09-29,2026-09-29
5c7e1cce-3bb3-40f9-bb10-b06f747d260b,Astranis,"Guidance, Navigation, and Control Intern (Summer 2027)",greenhouse,us,refuses,2026-09-25T21:56:44.000Z,2026-09-25T07:27:18.212Z,2026-09-29,2026-09-29
5c9fbcc7-3a8f-4fdb-9d4a-7c72df7fbdb4,Zipline,Strategic Engagements & Events Intern (Summer 2027),greenhouse,us,refuses,2026-09-17T17:05:10.000Z,2026-09-19T08:08:31.082Z,2026-09-29,2026-09-29
5ca544ae-8cb8-445c-b82c-93ef81f95beb,PathAI,"Software Engineering, ML Ops Intern/Co-Op",greenhouse,us,unstated,2026-09-25T15:58:50.000Z,2026-09-26T23:19:08.981Z,2026-09-29,2026-09-29
5cf49dbf-8534-4f9f-9086-805e73c46e5c,Consigli Construction,Field Operations Co-op (Spring 2027),workable,us,unstated,2026-07-10T00:00:00.000Z,2026-08-31T04:24:01.655Z,2026-09-29,2026-09-29
5d414bbf-460f-4e59-b0b5-042d5b4345b0,Flexion Robotics,Internship - Humanoid Motion Generation (Diffusion or Flow Matching),workable,non_us,unstated,2025-12-23T00:00:00.000Z,2026-08-31T04:37:56.791Z,2026-09-29,2026-09-29
5d432ed4-b317-4f7f-85cf-8c613c5cac35,BERNARD Gruppe,Praktikum,recruitee,non_us,unstated,2024-02-13T13:06:57.000Z,2026-08-31T04:08:22.233Z,2026-09-29,2026-09-29
5d5ff6e1-985f-41ea-9be6-db65fee9d91e,Cefetra Group BV,Intern Commercial,recruitee,non_us,unstated,2026-09-24T08:05:27.000Z,2026-09-24T20:52:43.995Z,2026-09-29,2026-09-29
5d69e5aa-6fc8-477d-847f-706dd64a349e,Security Risk Advisors,Advisory Blue Co-op (2027) (US),workable,us,unstated,2026-09-04T00:00:00.000Z,2026-09-04T17:42:57.089Z,2026-09-29,2026-09-29
5d6bf2fc-91b8-4877-9a53-e77e0d03fc73,ABRIO GmbH,Werkstudent HR – Recruiting & Employer Branding (m/w/d),recruitee,non_us,unstated,2026-09-24T14:27:48.000Z,2026-09-25T14:35:50.210Z,2026-09-29,2026-09-29
5d9ae681-c255-4538-a5b5-bfd871e91a45,AlphaSights,"Summer Associate, Client Service, Mandarin Speaker, 2027",greenhouse,us,refuses,2026-08-13T09:26:38.000Z,2026-09-15T09:26:29.832Z,2026-09-29,2026-09-29
5dc48c19-f5b9-4e4b-8c59-4e3fa0b03d2c,Hotel De L'Europe B.V.,Guest Service Agent Intern,recruitee,non_us,unstated,2026-01-16T13:33:59.000Z,2026-08-31T04:13:39.743Z,2026-09-29,2026-09-29
5dcd4d35-fb68-46df-8603-1b331eb69eac,CFO Insights,Global Internship Program (French speaker) CFO Insights,greenhouse,non_us,unstated,2026-08-28T05:15:21.000Z,2026-09-17T14:33:08.074Z,2026-09-29,2026-09-29
5ddf9e71-d48f-4442-bd17-02ed645dc121,Advancy Partners,Singapore - Intern,recruitee,non_us,unstated,2026-03-10T06:56:36.000Z,2026-08-31T04:04:21.868Z,2026-09-29,2026-09-29
5de1e08b-fddc-4278-a278-b1946efa2ee9,AlphaSights,"Summer Associate, Client Service, 2027",greenhouse,us,refuses,2026-08-13T09:26:38.000Z,2026-09-15T09:26:29.832Z,2026-09-29,2026-09-29
5e01c427-aafe-4d00-9d82-3b4eb7a3afe3,Retail Insights,Management Graduate Program at Retail Insights,greenhouse,non_us,unstated,2026-08-28T05:16:54.000Z,2026-09-08T02:41:43.604Z,2026-09-29,2026-09-29
5e081e62-d474-4292-a169-97ee1507209b,EQT Corporation,Commodities Trading Intern,greenhouse,unknown,refuses,2026-09-17T18:39:28.000Z,2026-09-18T02:02:09.719Z,2026-09-29,2026-09-29
5e112a3a-476d-46c4-9b41-fff33f278990,BGH Accountants & Adviseurs B.V.,Stage Accountancy BGH Accountants & Adviseurs,recruitee,non_us,unstated,2026-06-16T10:21:24.000Z,2026-08-31T04:08:21.076Z,2026-09-29,2026-09-29
5e4d109f-1ed4-4d8f-b396-943bbcc841a4,PeakMade Real Estate,Guest Service Intern,workable,us,unstated,2026-09-24T00:00:00.000Z,2026-09-26T07:04:21.248Z,2026-09-29,2026-09-29
5e5f0e12-42cf-4f5c-9292-e43cffd2aca7,Astranis,RF Validation Intern (Summer 2027),greenhouse,us,refuses,2026-09-25T22:43:04.000Z,2026-09-25T07:27:18.212Z,2026-09-29,2026-09-29
5e69f41e-ca68-43d8-95fa-c393d7a8d4ac,Solarvest,Marketing and Event Intern,workable,unknown,unstated,2025-02-26T00:00:00.000Z,2026-08-31T20:49:56.751Z,2026-09-29,2026-09-29
5e7f8514-3233-4846-b40f-3c3f085701cb,Astranis,FPGA Intern (Winter 2027),greenhouse,us,refuses,2026-09-25T21:56:43.000Z,2026-09-25T07:27:18.212Z,2026-09-29,2026-09-29
5e8cb89b-2997-4c35-a358-d9798ae547b0,Amperesand,Power Electronics Control Intern,greenhouse,us,unstated,2026-09-25T23:27:35.000Z,2026-09-20T11:31:20.175Z,2026-09-29,2026-09-29
5e8d6ab4-d1e2-44f9-8e29-8ce622ccafc9,Angkas,Product Operations Internship (Academic Internship),workable,non_us,unstated,2026-08-25T00:00:00.000Z,2026-08-31T04:10:01.002Z,2026-09-29,2026-09-29
5ea11648-bf1e-470f-88fe-31c6ee168e53,Consigli Construction,Project Management Co-op (Spring 2027),workable,us,unstated,2026-07-06T00:00:00.000Z,2026-08-31T04:24:01.655Z,2026-09-29,2026-09-29
5ea6704f-82d9-41b6-a6a3-22e67d58ce87,SpaceX,Spring 2027 Engineering Internship/Co-op,greenhouse,us,unstated,2026-09-01T23:48:33.000Z,2026-08-03T19:52:15.354Z,2026-09-29,2026-09-29
5ebb1873-2c51-49c2-8b4b-86e305532732,Audax Group,AI Engineer Co-Op,greenhouse,us,unstated,2026-09-24T13:52:58.000Z,2026-09-16T02:48:00.083Z,2026-09-29,2026-09-29
5ec56d9a-f746-4779-abcb-f5adc9a91df7,EQT Corporation,Midstream Electrical Engineer Intern,greenhouse,us,unstated,2026-09-17T18:39:28.000Z,2026-09-11T09:41:21.159Z,2026-09-29,2026-09-29
5eca672d-3399-4bb8-8c1d-11f15cddde51,Antea Group,"Stage grond-, weg- en waterbouw",recruitee,non_us,unstated,2026-06-29T09:11:55.000Z,2026-08-31T04:05:43.270Z,2026-09-29,2026-09-29
5ee478d1-7d58-4186-b730-36327f5bc770,Funding Societies | Modalku Group,Marketing Intern,workable,non_us,unstated,2026-09-24T00:00:00.000Z,2026-09-25T11:52:16.047Z,2026-09-29,2026-09-29
5f32725b-341d-4926-ba0b-811098e6ec37,Precision AQ,"Summer 2027 Internship, Market Access Consulting",greenhouse,us,unstated,2026-09-25T17:35:11.000Z,2026-09-25T04:13:19.878Z,2026-09-29,2026-09-29
5f3d4138-95ee-4529-b7bd-dd45e376761d,Oxygen Conservation,Estate Ranger Intern – Invergeldie,recruitee,non_us,unstated,2026-09-21T08:20:45.000Z,2026-09-22T05:23:39.778Z,2026-09-29,2026-09-29
5f41252b-ae9c-45c0-9de7-9db8cb847270,Cotap B.V.,Stage Supply-chain/Voorraadbeheer (Meewerk- of Onderzoekstage),recruitee,non_us,unstated,2026-09-14T09:35:46.000Z,2026-09-15T05:48:28.498Z,2026-09-29,2026-09-29
5f5fa208-da8a-4af0-8562-327bd488a1f3,Blackbird,Estágio em Programação e Dados | Python e SQL,workable,non_us,unstated,2026-08-04T00:00:00.000Z,2026-08-31T04:16:39.593Z,2026-09-29,2026-09-29
5f738e9a-0b1e-4a07-bda0-6f185af289aa,Astranis,Technical Project Management Intern (Summer 2027),greenhouse,us,refuses,2026-09-25T21:56:49.000Z,2026-09-25T07:27:18.212Z,2026-09-29,2026-09-29
5fb8df48-ad02-469f-9969-d124c2b4a9c2,Destinus,Talent Acquisition Intern,workable,non_us,unstated,2026-08-24T00:00:00.000Z,2026-08-31T04:29:29.187Z,2026-09-29,2026-09-29
5fbc801e-9b34-44cf-a103-fae886ec0d89,Stichting Kwintes,Stagiair woonbegeleider (jong)volwassenen autisme,recruitee,non_us,unstated,2026-09-03T08:19:51.000Z,2026-09-03T10:27:34.500Z,2026-09-29,2026-09-29
5fc890f4-bf9c-408d-b557-ea657a0c455a,Panthalassa,Internship Application,greenhouse,us,unstated,2026-08-24T18:33:19.000Z,2026-09-08T00:24:10.257Z,2026-09-29,2026-09-29
5fd8e749-320e-4432-ae1b-341434b8abcb,CENSUS SA,Internship Vulnerability Researcher,breezy,unknown,unstated,2026-05-15T14:17:07.365Z,2026-08-31T04:12:26.922Z,2026-09-29,2026-09-29
5fdb1ca0-f5b1-4b13-8766-1fb6b19f2507,Manometric,Werkstudent scale-up | health & tech,recruitee,non_us,unstated,2026-08-18T14:04:51.000Z,2026-08-31T04:25:28.345Z,2026-09-29,2026-09-29
5fe1e0b0-d061-41d6-91ed-933189e7ce6f,DRW,IT Intern,greenhouse,non_us,unstated,2026-09-02T14:45:57.000Z,2026-09-07T04:28:52.638Z,2026-09-29,2026-09-29
6021951b-6598-4e44-b476-54de5528bda5,Destinus,Human Resources Internship,workable,non_us,unstated,2026-08-12T00:00:00.000Z,2026-08-31T04:29:29.187Z,2026-09-29,2026-09-29
6028066a-ee4f-438d-90a4-b25de67e4f3f,ASM,"Intern, Process Engineering (Advanced Packaging)",greenhouse,non_us,unstated,2026-08-21T11:22:47.000Z,2026-09-16T00:00:02.271Z,2026-09-29,2026-09-29
603b6f99-f6ed-42df-a5f9-16e1969898b0,Curi Capital,Wealth Builder Intern,greenhouse,us,unstated,2026-09-16T22:28:57.000Z,2026-09-18T01:27:51.705Z,2026-09-29,2026-09-29
603c22de-af64-4182-8b6a-786c87b83945,Si-Ware Systems,System Graduate Internship,recruitee,non_us,unstated,2026-09-22T15:44:22.000Z,2026-09-25T07:43:32.133Z,2026-09-29,2026-09-29
603d8c25-3114-4a4e-a61f-91b2b355b0af,Bayut | dubizzle,Data Engineer - Intern,workable,non_us,unstated,2026-09-10T00:00:00.000Z,2026-09-10T23:41:38.990Z,2026-09-29,2026-09-29
60495703-20e1-4b31-8a94-8b68b1d24070,Consigli Construction,Field Operations Intern (Summer 2027),workable,us,unstated,2026-08-26T00:00:00.000Z,2026-08-31T04:24:01.655Z,2026-09-29,2026-09-29
605787a2-aae7-4ca6-80ef-8beb2ab7fd15,Baringa,UK Summer Internship 2027 - Capabilities,greenhouse,non_us,refuses,2026-09-11T14:06:43.000Z,2026-09-16T03:45:02.336Z,2026-09-29,2026-09-29
60677718-83a3-4247-b74b-28292721de32,AlixPartners,Praktikum im Consulting - Industry & Performance Improvement (m/w/d),greenhouse,non_us,unstated,2026-09-18T04:25:27.000Z,2026-09-15T11:09:16.408Z,2026-09-29,2026-09-29
60a3f858-7a2e-4b4b-8f60-234202d93f6b,Mellon Group of Companies,Software Development Intern (IT Domestic),workable,non_us,unstated,2025-02-24T00:00:00.000Z,2026-08-31T20:23:57.442Z,2026-09-29,2026-09-29
60bf6c51-48d2-4220-922c-fae694383324,General Matter,Summer 2027 Internship - Architectural Engineering,greenhouse,us,unstated,2026-09-21T23:44:19.000Z,2026-09-19T13:54:56.300Z,2026-09-29,2026-09-29
6113babf-8146-4660-ad93-99f87a8f6c5a,Interstates,"Apprentice Electrician Tech College Intern - Lubbock, TX",greenhouse,us,unstated,2026-09-16T19:58:35.000Z,2026-09-09T21:23:46.590Z,2026-09-29,2026-09-29
61193a6e-81c6-4663-b2ba-352d7bf51214,Neuralink,Digital IC Design Engineer Intern,greenhouse,us,unstated,2026-09-25T01:18:21.000Z,2026-09-08T00:24:09.614Z,2026-09-29,2026-09-29
611a1259-e971-4207-bbd9-59472606dc6d,Bartiméus,Stage Evenementen Medewerker,recruitee,non_us,unstated,2026-02-12T15:39:41.000Z,2026-08-31T04:06:59.261Z,2026-09-29,2026-09-29
61457cab-47b8-4278-83cf-1dbf84051428,Astranis,"Software Developer, Network Software Intern (Winter 2027)",greenhouse,us,refuses,2026-09-25T21:56:45.000Z,2026-09-25T07:27:18.212Z,2026-09-29,2026-09-29
615b115a-01e7-47c9-8671-40070aeb3461,Be Ops,Estágio de Automação e Soluções Digitais,greenhouse,non_us,unstated,2026-09-15T21:12:35.000Z,2026-09-18T13:37:02.190Z,2026-09-29,2026-09-29
615e57a3-227a-48eb-84ab-8da78d6ac970,CloudCommerce,Influencer Coordinator Intern (Kollab),breezy,non_us,unstated,2026-09-02T03:54:08.146Z,2026-08-31T04:13:39.029Z,2026-09-29,2026-09-29
618968f6-b9e9-4bfa-b1c2-33e8033d648f,VIRO Group,Afstudeerstage Industriële Productontwikkeling VIRO Echt B.V.,recruitee,non_us,unstated,2026-07-08T12:51:48.000Z,2026-09-02T23:02:56.839Z,2026-09-29,2026-09-29
61dcc9d6-faf0-4dac-8fed-b4f2461f2575,Combient Foundry,Venture Client Internship 2027,workable,non_us,unstated,2026-09-07T00:00:00.000Z,2026-09-19T00:32:13.205Z,2026-09-29,2026-09-29
621bf588-411c-445f-a1db-bb6e85f71b38,The Quality Group,Werkstudent / Praktikant - Packaging Data (gn),greenhouse,unknown,unstated,2026-09-22T08:46:13.000Z,2026-09-28T15:59:12.753Z,2026-09-29,2026-09-29
622b368f-71c5-454f-96a8-d1847b871648,We Are Social,Account Executive (Internship),workable,non_us,unstated,2026-05-13T00:00:00.000Z,2026-08-31T20:15:23.618Z,2026-09-29,2026-09-29
624593b7-0cd6-4105-a703-7058f0a62dde,Diakonie Auerbach e.V.,PRAKTIKUM IN DER DIAKONIE AUERBACH,recruitee,non_us,unstated,2026-03-13T12:13:33.000Z,2026-08-31T04:14:53.812Z,2026-09-29,2026-09-29
62494e6d-9543-4838-8235-40d2c3c587c6,Porsche Asia Pacific,Intern Porsche Experience Centre Singapore (PEC),workable,non_us,unstated,2026-09-18T00:00:00.000Z,2026-09-18T23:42:15.557Z,2026-09-29,2026-09-29
6251e94c-15c9-4a52-b925-4c4d72049cd4,Movares,Meewerkstage Interne Communicatie,recruitee,non_us,unstated,2026-07-15T14:39:53.000Z,2026-08-31T04:28:33.818Z,2026-09-29,2026-09-29
6273bddc-dae6-46c4-8c60-9c15f6e77b09,Charger Logistics Inc,Talent Acquisition Intern,workable,non_us,unstated,2026-09-18T00:00:00.000Z,2026-09-19T07:59:43.219Z,2026-09-29,2026-09-29
6276786f-e104-4176-87f7-0032288dd8b5,Consigli Construction,Quality Intern (Summer 2027),workable,us,unstated,2026-08-26T00:00:00.000Z,2026-08-31T04:24:01.655Z,2026-09-29,2026-09-29
6283a654-4443-4ebb-9341-43e48e30e1a7,TRIP Advocaten Notarissen,Advocaat-stagiaires,recruitee,non_us,unstated,2024-11-07T15:28:31.000Z,2026-08-31T21:32:21.383Z,2026-09-29,2026-09-29
6298999a-edf8-4d9a-a787-d85170e348f7,Vivo Energy,Accounting Intern,workable,unknown,unstated,2026-08-11T00:00:00.000Z,2026-08-31T21:22:56.836Z,2026-09-29,2026-09-29
629900ca-a486-4035-ad85-0159c71ce507,Teleport,"Intern, Operational Excellence (Tracing)",workable,non_us,unstated,2026-04-09T00:00:00.000Z,2026-08-31T21:06:08.989Z,2026-09-29,2026-09-29
62a5612c-9583-412f-abc6-ca733237bf41,Intrinsic Development,Construction Management Intern,greenhouse,us,unstated,2026-04-24T21:07:55.000Z,2026-09-20T16:05:18.339Z,2026-09-29,2026-09-29
62ab3d09-11a7-497a-b785-b8f109684843,Hotel TwentySeven,Stagiair(e) Housekeeping Supervisor,recruitee,non_us,unstated,2026-09-28T13:13:12.000Z,2026-09-29T15:28:04.177Z,2026-09-29,2026-09-29
62e73ac9-790d-4001-83c2-6a70de2b66f2,Cito,Stageopdracht Onderzoek naar de kwaliteit van AI-oordelen bij schrijfvaardigheid,recruitee,non_us,unstated,2026-07-13T12:40:46.000Z,2026-08-31T04:09:43.494Z,2026-09-29,2026-09-29
62e9555f-00ea-4dd7-a9f4-7d7035a52c47,Zipline,Technical Program Manager Intern (Summer 2027),greenhouse,us,unstated,2026-09-17T17:05:10.000Z,2026-09-19T08:08:31.082Z,2026-09-29,2026-09-29
62f46f69-1bb9-4d2c-968f-fc6302c819f1,Benesch,Structural Engineering Co-op 2026,greenhouse,us,unstated,2026-09-15T17:21:57.000Z,2026-09-15T12:10:06.929Z,2026-09-29,2026-09-29
631df31f-d850-414a-b393-8158eab5f1ae,Consigli Construction,Scheduling Intern (Summer 2027),workable,us,unstated,2026-08-26T00:00:00.000Z,2026-08-31T04:24:01.655Z,2026-09-29,2026-09-29
63271da3-d344-4435-becf-c6120ee88b9a,Sandfield,Register Your Interest - Internships / Graduate Opportunities,workable,non_us,unstated,2026-01-14T00:00:00.000Z,2026-08-31T20:47:22.335Z,2026-09-29,2026-09-29
63354d07-de1d-491b-96f8-e030921697e3,Arriva,Communicatie Stagiair(e) Schiphol,recruitee,non_us,unstated,2026-05-21T08:53:43.000Z,2026-08-31T04:05:44.087Z,2026-09-29,2026-09-29
633c1aca-6773-4357-b21f-e30cf849eafc,Glenveagh Properties PLC,Construction Management and Civil Engineering Internship 2027,workable,non_us,unstated,2026-09-10T00:00:00.000Z,2026-09-11T00:25:57.050Z,2026-09-29,2026-09-29
634df4c9-e8e5-469c-a5f3-765896b659b7,Nysingh,Werkstudent notariaat Vastgoed,recruitee,non_us,unstated,2026-04-14T09:42:40.000Z,2026-08-31T04:31:23.371Z,2026-09-29,2026-09-29
6359c458-e8ce-4be3-acd4-bde47b1ec52a,Lenskart,Talent Acquisition Intern,recruitee,non_us,unstated,2026-06-03T10:15:23.000Z,2026-08-31T04:25:28.146Z,2026-09-29,2026-09-29
63886e0d-39ef-42c4-b6d4-55ea48ec67ec,Force Factor,Summer 2027 Finance & Accounting Intern,greenhouse,us,unstated,2026-09-09T15:43:23.000Z,2026-09-19T08:06:15.741Z,2026-09-29,2026-09-29
639ae829-1b53-49cd-92ce-c27fb1a35d78,Consigli Construction,Field Operations Intern (Summer 2027),workable,us,unstated,2026-08-26T00:00:00.000Z,2026-08-31T04:24:01.655Z,2026-09-29,2026-09-29
63c677e6-608d-46d8-9e2d-85e89fd2fcf9,Kayrros,Spontaneous Application,recruitee,non_us,unstated,2017-12-04T09:02:41.000Z,2026-08-31T22:26:52.727Z,2026-09-29,2026-09-29
63d2cb87-1183-408a-9ae2-db89ea86d247,CloudCommerce,Graphic Design Intern,breezy,non_us,unstated,2026-09-09T03:44:30.190Z,2026-09-08T15:19:30.730Z,2026-09-29,2026-09-29
63df9b0b-f8c7-426b-a8e1-a916531369ca,The Clean Fight,Fall 2026 Internship - Programs,workable,us,unstated,2026-07-31T00:00:00.000Z,2026-08-31T21:06:36.313Z,2026-09-29,2026-09-29
63e6cf10-85b5-48c6-86cf-63101f356c7b,Keeper Security,Communications Intern,greenhouse,us,unstated,2026-08-19T21:32:12.000Z,2026-09-07T19:07:12.061Z,2026-09-29,2026-09-29
63ebee29-2f0d-441c-9c80-bb67a30dab1e,Rise8,SkillBridge Intern - Product Manager,greenhouse,unknown,refuses,2026-06-29T15:58:28.000Z,2026-08-31T20:11:58.707Z,2026-09-29,2026-09-29
64013616-6239-4543-b5c3-cf3520913475,Lunar Energy,"Technical Program Manager Intern, Hardware Engineering",greenhouse,us,unstated,2026-09-09T20:51:59.000Z,2026-09-10T00:49:42.728Z,2026-09-29,2026-09-29
642b15d3-3fcf-456b-90dd-45641cef2abf,Point72,Machine Learning Researcher - Intern,greenhouse,us,unstated,2026-09-15T21:33:58.000Z,2026-09-01T19:49:27.998Z,2026-09-29,2026-09-29
643cfdb1-f8e7-46ad-82a7-105adcbddb40,RF-SMART,Product Strategy Intern - Summer 2027,greenhouse,us,refuses,2026-09-22T19:34:19.000Z,2026-09-09T02:31:14.792Z,2026-09-29,2026-09-29
644951c9-acfa-4869-ac36-c918a794a441,Holzland Becker,Werkstudent (w/m/d) Business Development,recruitee,non_us,unstated,2026-09-08T14:43:35.000Z,2026-09-08T16:57:14.486Z,2026-09-29,2026-09-29
644bdffa-2ac2-4751-9d9d-3b0fb2426617,Brainsquare,Internship - Atlassian System Engineer,recruitee,non_us,unstated,2025-05-19T12:41:32.000Z,2026-08-31T04:09:42.791Z,2026-09-29,2026-09-29
6466aa99-5ae2-476c-8ae8-bf6e54f9ec27,Zipline,Commercial Implementation Intern (Spring 2027),greenhouse,us,refuses,2026-09-18T20:10:20.000Z,2026-09-19T08:08:31.082Z,2026-09-29,2026-09-29
647defea-b5ca-415f-ab12-3da5031b0dbe,Televic Rail,THESIS -Low-Complexity Adaptive Demodulation for Real-Time Embedded  Condition Monitoring,recruitee,non_us,unstated,2026-03-18T09:40:05.000Z,2026-09-02T19:48:40.321Z,2026-09-29,2026-09-29
64862a35-b8a4-4390-a4bf-9e25e5558dcd,Retail Insights,Global Internship Program (Spanish speaker) Retail Insights,greenhouse,non_us,unstated,2026-08-28T05:15:23.000Z,2026-09-08T02:41:43.604Z,2026-09-29,2026-09-29
6499c8af-7a1f-443d-bebe-fb3080e53fe7,Odyssey Hotel Group,Housekeeping Supervisor Intern Aug./Sept. 2026,recruitee,non_us,unstated,2026-03-17T08:05:25.000Z,2026-08-31T04:30:09.965Z,2026-09-29,2026-09-29
64b3488b-9626-40f6-a7cb-c3bf8a0abc95,Attain Sports,Merchandise Intern,greenhouse,us,unstated,2026-04-28T17:22:23.000Z,2026-08-31T04:14:53.472Z,2026-09-29,2026-09-29
64b45c4c-23fd-40eb-bbf8-8a5a41f2faca,HealthCorps,Teens Make Health Happen Marketing & Communications Internship Palm Beach County,workable,us,unstated,2026-07-09T00:00:00.000Z,2026-08-31T13:39:42.527Z,2026-09-29,2026-09-29
64cc6e30-e9e9-4c7d-ad0c-bbc764246549,BarentsKrans,Student-stagiaire Notariaat,recruitee,non_us,unstated,2021-06-03T12:48:17.000Z,2026-08-31T04:06:59.287Z,2026-09-29,2026-09-29
64e474d5-900d-4409-912a-bf24791f60dc,BarentsKrans,Werkstudent Commerciële Contracten,recruitee,non_us,unstated,2026-09-07T14:52:08.000Z,2026-09-07T19:10:56.474Z,2026-09-29,2026-09-29
64fa8d7b-18c4-4d56-9836-fdf68cd871fc,CFO Insights,Business Analyst Internship at CFO Insights,greenhouse,non_us,unstated,2026-08-28T05:17:02.000Z,2026-09-17T14:33:08.074Z,2026-09-29,2026-09-29
65012f61-026f-4fca-b3e7-f21eae637e07,OneEthos,R&D Intern (Fall 2026),greenhouse,us,unstated,2026-09-10T18:48:29.000Z,2026-09-09T23:46:16.641Z,2026-09-29,2026-09-29
6512ba20-1cea-4c5f-81b8-2b9c333aa731,Arabic.AI,Sales Intern- UAE National,workable,non_us,unstated,2026-07-26T00:00:00.000Z,2026-08-31T04:10:08.595Z,2026-09-29,2026-09-29
652f07e2-4615-4670-8d74-e40f104b0465,Funding Societies | Modalku Group,Operations Intern,workable,non_us,unstated,2026-04-17T00:00:00.000Z,2026-08-31T04:38:02.474Z,2026-09-29,2026-09-29
65c76eef-8f85-440e-80da-dcf4257c73a7,Nord-Ostsee Automobile,Praktikum im Center Wittstock (m/w/d),recruitee,non_us,unstated,2026-07-15T06:21:38.000Z,2026-09-02T17:29:57.069Z,2026-09-29,2026-09-29
65ca023f-d34b-4079-9044-019c544398a5,Parfumado,Influencer Marketing Intern,recruitee,non_us,unstated,2026-08-27T11:28:10.000Z,2026-08-31T04:32:42.563Z,2026-09-29,2026-09-29
6604f398-9dec-4041-aef1-f77f9b677508,Interstates,Manufacturing Intern,greenhouse,us,unstated,2026-09-21T01:10:36.000Z,2026-09-21T01:15:22.495Z,2026-09-29,2026-09-29
6605d323-2145-447b-aab0-67a73a622a7b,DigitalBridge,Private Equity Intern,greenhouse,non_us,unstated,2026-09-23T14:42:07.000Z,2026-09-18T22:29:27.073Z,2026-09-29,2026-09-29
6609ad13-c50b-4863-b51a-5eac3d934188,Vivium,VA Verzorgende IG,recruitee,non_us,unstated,2024-03-05T16:07:49.000Z,2026-08-31T13:36:00.478Z,2026-09-29,2026-09-29
66225b42-9a83-421d-9304-d4e4378f7518,Consigli Construction,Field Operations Intern (Summer 2027),workable,us,unstated,2026-08-26T00:00:00.000Z,2026-08-31T04:24:01.655Z,2026-09-29,2026-09-29
6643a89c-2ab0-4e77-9a5f-ce009624af22,Heritage Holdings,Investing Operations Internship,greenhouse,non_us,unstated,2026-09-18T16:26:07.000Z,2026-09-20T11:52:51.057Z,2026-09-29,2026-09-29
66639cdc-92aa-4916-94ba-f41e1c276dcb,Jump Trading,Campus Quantitative Trader (Intern),greenhouse,us,unstated,2026-08-08T05:01:39.000Z,2026-09-01T19:49:42.704Z,2026-09-29,2026-09-29
6671f7b2-dbef-4b38-be89-bd01f1c33869,Houthoff,Advocaat-stagiaire Rotterdam,recruitee,non_us,unstated,2026-07-22T13:57:57.000Z,2026-08-31T04:21:36.778Z,2026-09-29,2026-09-29
667bff99-ddce-4eba-af0d-56b841aa33aa,Greater Iowa Credit Union,Sales Agronomist - Two Rivers Coop,workable,us,unstated,2026-09-11T00:00:00.000Z,2026-09-11T23:49:25.037Z,2026-09-29,2026-09-29
66aec6d1-f0cb-46ed-aeeb-5c523fbce7ff,Solarvest,IT Intern,workable,unknown,unstated,2025-09-18T00:00:00.000Z,2026-08-31T20:49:56.751Z,2026-09-29,2026-09-29
66cecb18-f3bc-419c-88a3-9b0b377e4690,Jump Trading,Campus UI Software Engineer (Intern),greenhouse,non_us,unstated,2026-08-18T22:14:45.000Z,2026-09-01T19:49:42.704Z,2026-09-29,2026-09-29
66fd9927-7481-476f-8b91-11e5ba2bdd5e,Smart Technology Solutions,Sales Intern,workable,non_us,unstated,2026-03-30T00:00:00.000Z,2026-08-31T20:49:34.535Z,2026-09-29,2026-09-29
670cbebc-4bac-43da-a744-ae8ba657d464,Josef Schnell Holding GmbH,Juniorbauleiter oder Werkstudent (m/w/d),recruitee,non_us,unstated,2026-09-06T08:06:04.000Z,2026-09-06T10:53:58.013Z,2026-09-29,2026-09-29
670e76e0-49aa-488e-b13a-89df150b2031,"Huawei Technologies Canada Co., Ltd.",Co-op Researcher – Agentic AI,recruitee,non_us,unstated,2026-08-27T13:13:45.000Z,2026-08-31T04:21:36.768Z,2026-09-29,2026-09-29
67427edd-2486-4a3a-a4e5-a939577a0ebf,talentpluto,Marketing Analyst Intern,workable,us,unstated,2026-09-11T00:00:00.000Z,2026-09-11T17:28:28.013Z,2026-09-29,2026-09-29
67491baa-f82a-4c11-92b8-d1cfb4990cac,Monday Merch,Internship Sales Team (Merch Consultant) - At fast Growing Startup in the centre of Rotterdam,recruitee,non_us,unstated,2025-09-30T12:10:05.000Z,2026-08-31T04:28:35.756Z,2026-09-29,2026-09-29
676e98c3-26c1-4ba0-b921-e6d09f434260,Die Grenze BV,Stage/BBL Winterswijk Centrum,recruitee,non_us,unstated,2024-10-21T10:05:22.000Z,2026-08-31T04:12:20.250Z,2026-09-29,2026-09-29
6774d066-0cb4-4341-8fe1-b0666dd60e96,Formic,2026 Internship,greenhouse,us,unstated,2026-09-01T16:06:05.000Z,2026-09-01T19:44:41.270Z,2026-09-29,2026-09-29
678d74fe-f11f-425d-85d2-1b2e0b62c6a3,Van Lanschot Kempen,Quant Analyst Stage,recruitee,non_us,unstated,2026-04-28T18:41:37.000Z,2026-08-31T13:36:05.822Z,2026-09-29,2026-09-29
67ace06c-9de1-4bca-934e-4745eac6d630,EIGHT ADVISORY SAS,Transaction Services - Intern (from January 2027),recruitee,non_us,unstated,2024-04-18T16:10:21.000Z,2026-09-01T05:52:14.247Z,2026-09-29,2026-09-29
67bba74d-0685-4cb3-8467-9568cb7458e6,Interstates,Engineering intern,greenhouse,us,unstated,2026-09-16T19:58:35.000Z,2026-09-09T21:23:46.590Z,2026-09-29,2026-09-29
67d530c2-a585-4016-8b07-34650af9ecde,Valmark Financial Group,Insurance Operations Intern,crelate,us,unstated,2026-09-08T15:22:35.000Z,2026-09-09T11:20:56.768Z,2026-09-29,2026-09-29
67dfdff2-13b1-4bf7-9783-ffbb5aed4b70,Simvia,Sales Representative Internship - DACH Market - Growing Impact Scale Up,recruitee,non_us,unstated,2026-08-05T06:28:24.000Z,2026-09-01T10:46:07.345Z,2026-09-29,2026-09-29
67eeab7c-6a6b-402b-8a7b-cda683155792,HexArmor,Strategic Sourcing Internship - Summer 2027,greenhouse,us,unstated,2026-09-11T00:19:47.000Z,2026-09-20T05:17:06.815Z,2026-09-29,2026-09-29
68034343-3d5b-4d42-9b32-71dc64a33862,Texas AirSystems,HVAC Sales/Project Engineer Internship - Summer 2027 - Fort Worth,greenhouse,us,unstated,2026-09-21T22:36:00.000Z,2026-09-08T13:25:54.241Z,2026-09-29,2026-09-29
68389bd1-1c2e-425e-9af1-38a14791cb77,Avi Medical,Famulatur / Praktikum (Medizinstudium) – Initiativbewerbung,greenhouse,non_us,unstated,2026-07-23T11:46:14.000Z,2026-08-31T04:14:57.177Z,2026-09-29,2026-09-29
6863e12f-7a75-467b-8230-9d15b3e7298a,Schonfeld,2027 Cybersecurity Operations Intern,greenhouse,us,unstated,2026-09-22T13:15:59.000Z,2026-09-04T18:36:16.265Z,2026-09-29,2026-09-29
686799fe-2a46-43e4-83bd-4748c43efe40,ALARA GROUP,Stagiaire assistant(e) ingénieur(e),recruitee,non_us,unstated,2026-09-07T11:59:34.000Z,2026-09-07T19:07:00.640Z,2026-09-29,2026-09-29
688bc0ba-f3f5-40a3-babe-d1b9bce47b58,AtriCure,Intern/Co-op Spring 2027,greenhouse,us,unstated,2026-09-27T00:12:02.000Z,2026-09-16T02:11:47.387Z,2026-09-29,2026-09-29
68ca50f8-a395-4a21-bf53-445a32d07f01,Loka® Inc,Data and Machine Learning Intern,greenhouse,non_us,unstated,2026-09-22T13:36:56.000Z,2026-09-25T04:41:43.802Z,2026-09-29,2026-09-29
68d83b18-ca4d-4e81-9c7d-8debb18f5fba,Zipline,Construction Management Intern (Spring 2027),greenhouse,us,refuses,2026-09-17T17:05:10.000Z,2026-09-19T08:08:31.082Z,2026-09-29,2026-09-29
68f7d766-a998-45ff-b04a-9e33f5d62752,Curi Capital,Wealth Management Intern,greenhouse,us,unstated,2026-09-16T22:18:36.000Z,2026-09-18T01:27:51.705Z,2026-09-29,2026-09-29
6905813a-3918-4e61-8a3b-853952243560,SpaceX,Spring 2027 Silicon Engineering Internship/Co-op,greenhouse,us,unstated,2026-09-01T23:48:33.000Z,2026-08-03T19:52:15.354Z,2026-09-29,2026-09-29
69132573-eab9-4de3-85eb-0a2abd5a0969,Consigli Construction,Estimating Intern (Summer 2027),workable,us,unstated,2026-08-26T00:00:00.000Z,2026-08-31T04:24:01.655Z,2026-09-29,2026-09-29
6951717d-9e7b-421b-b956-6ee5133fb8be,Amperesand,"Software Intern, Factory & Ops",greenhouse,us,unstated,2026-09-25T23:27:35.000Z,2026-09-19T06:24:04.733Z,2026-09-29,2026-09-29
695d701a-558c-4400-9ef5-f6bf631c51b7,Direct Result NL,Stage / Internships in Branch NL,recruitee,non_us,unstated,2025-12-03T10:39:21.000Z,2026-09-02T22:40:16.745Z,2026-09-29,2026-09-29
69821421-feba-4410-ba96-3e679dd8f1ee,Consigli Construction,Project Management Co-op (Spring 2027),workable,us,unstated,2026-07-06T00:00:00.000Z,2026-08-31T04:24:01.655Z,2026-09-29,2026-09-29
6995ba55-1c75-4aec-abc7-3ee0c2ec14fe,Solarvest,Legal Intern,workable,non_us,unstated,2026-06-11T00:00:00.000Z,2026-08-31T20:49:56.751Z,2026-09-29,2026-09-29
6a0174bd-88fc-4aa2-864b-8143e8df0a44,WorldQuant,Quantitative Research Intern,greenhouse,non_us,unstated,2026-08-06T10:51:32.000Z,2026-08-07T06:01:59.599Z,2026-09-29,2026-09-29
6a0cdc5b-8cec-400c-a9bd-3e4e203f4084,DRW,Software Developer Intern,greenhouse,non_us,unstated,2026-09-12T18:56:32.000Z,2026-08-03T20:13:54.595Z,2026-09-29,2026-09-29
6a18553b-d07e-43f6-aeab-9ea2ecd45284,BarentsKrans,Werkstudent EU & Mededinging,recruitee,non_us,unstated,2026-07-23T12:40:38.000Z,2026-08-31T04:06:59.287Z,2026-09-29,2026-09-29
6a19d12e-b230-4891-8772-20cf9ecc6d57,Cornelissen Aannemingsbedrijf B.V.,Stage Marketing & Communicatie / Grafische vormgeving,recruitee,non_us,unstated,2026-06-12T09:22:46.000Z,2026-08-31T04:10:55.805Z,2026-09-29,2026-09-29
6a20af6d-547f-4d57-ac32-6ef6829074d3,CFO Insights,Global Internship Program (Scandinavian speaker) CFO Insights,greenhouse,non_us,unstated,2026-08-28T05:15:22.000Z,2026-09-17T14:33:08.074Z,2026-09-29,2026-09-29
6a46888d-6777-4db1-ad4f-85a2b8276c18,Nūmi,Cell Biologist Intern,workable,non_us,unstated,2026-09-16T00:00:00.000Z,2026-09-17T20:06:21.469Z,2026-09-29,2026-09-29
6a561b47-d733-44e8-9602-841f750134c4,EquipmentShare,Intern: Engineering (Embedded),greenhouse,us,unstated,2026-09-21T23:28:30.000Z,2026-09-19T06:57:49.090Z,2026-09-29,2026-09-29
6a65db1d-e8b6-46d0-bbe8-59a023ec0ae7,The Recovery Village,Case Manager- LCDC or LCDC Intern,workable,us,unstated,2026-09-09T00:00:00.000Z,2026-09-09T23:07:49.084Z,2026-09-29,2026-09-29
6a6fb4e6-b063-42dd-a368-9bd131f5023c,Tatu City,Financial Reporting Intern,workable,non_us,unstated,2026-08-25T00:00:00.000Z,2026-08-31T21:05:42.561Z,2026-09-29,2026-09-29
6a83790d-dcea-4961-8451-f9f47b9cb603,Consigli Construction,Field Operations Intern (Summer 2027),workable,us,unstated,2026-08-26T00:00:00.000Z,2026-08-31T04:24:01.655Z,2026-09-29,2026-09-29
6a8ae39e-fd8b-4aee-84d1-4baed732d8ae,Van Lanschot Kempen,Recruitment - Stage,recruitee,non_us,unstated,2026-08-21T14:55:18.000Z,2026-08-31T13:36:05.822Z,2026-09-29,2026-09-29
6a8e4434-94f2-4b87-90a6-38c117101f80,The Trainee Company,Stage Recruitment (vanaf september 2026),recruitee,non_us,unstated,2026-04-01T08:44:43.000Z,2026-08-31T13:36:04.352Z,2026-09-29,2026-09-29
6a8f839a-77fc-4312-bdde-b7799f9c2bfd,Scalapay,Legal Counsel Intern - Regulatory and Complaints handling - (6 months),greenhouse,non_us,unstated,2026-08-27T11:14:08.000Z,2026-09-08T02:41:43.584Z,2026-09-29,2026-09-29
6a929ff6-0c39-4e8e-8505-c5c0cacbbd52,Jarrett,Summer 2027 Logistics Internship,crelate,us,unstated,2026-09-10T14:40:47.000Z,2026-09-10T17:39:24.167Z,2026-09-29,2026-09-29
6a93818a-0760-44af-b86e-a66c70fb93f8,Landor,Design Praktikum (m/w/d) - Hamburg / München,greenhouse,non_us,unstated,2026-09-25T07:43:07.000Z,2026-09-07T21:40:55.595Z,2026-09-29,2026-09-29
6ab60aca-84d7-4fff-bf5e-08e2a9d212fc,SimplifyNext,Technology Analyst Intern,greenhouse,non_us,unstated,2026-09-23T07:33:52.000Z,2026-08-31T21:21:51.995Z,2026-09-29,2026-09-29
6ae108e8-0b95-4bf9-a7b6-e130e7f31e8e,Solarvest,Licensing Intern (PG),workable,unknown,unstated,2025-07-11T00:00:00.000Z,2026-08-31T20:49:56.751Z,2026-09-29,2026-09-29
6ae3fbe0-7c42-4d41-a739-be576371f9d3,AJAIA,Social Media and Marketing Intern,workable,us,unstated,2026-08-21T00:00:00.000Z,2026-09-15T03:37:02.777Z,2026-09-29,2026-09-29
6af5b8dd-1a42-4a9e-a292-24d3ca3cbdbf,Pels Rijcken,Werkstudent Ondernemingsrecht,recruitee,non_us,unstated,2026-07-21T09:40:42.000Z,2026-08-31T04:32:41.160Z,2026-09-29,2026-09-29
6af800ed-71d3-4547-b263-3bba7e3c002d,Falcomm,Operations Intern,workable,us,refuses,2025-07-28T00:00:00.000Z,2026-08-31T04:35:54.082Z,2026-09-29,2026-09-29
6b168870-deee-48c7-a4ca-3755a2788024,Perry Homes,"2027 Summer Construction Management Internship - Tampa, Florida",workable,us,unstated,2026-09-01T00:00:00.000Z,2026-09-01T20:20:43.614Z,2026-09-29,2026-09-29
6b460973-82a7-49fd-a5df-ce2594980c0f,Handicap International,Stagiaire en financement institutionnel - Belgique,workable,non_us,unstated,2026-07-30T00:00:00.000Z,2026-08-31T21:26:54.703Z,2026-09-29,2026-09-29
6b4cf1d7-71a5-4d3c-8c7f-0243d4eb245a,Appier,"Customer Success Management Intern (Digital ads, SaaS Platform - AIXPERT)",greenhouse,non_us,unstated,2026-08-26T09:29:17.000Z,2026-09-15T17:31:55.321Z,2026-09-29,2026-09-29
6b7bb987-9249-4e4b-93ba-d9ac4f2f12bc,RIFT Development B.V.,Stage: Experimentele Kinetische Analyse en Modellering van Ijzeroxide Reductie,recruitee,non_us,unstated,2026-05-12T13:18:43.000Z,2026-08-31T04:35:20.579Z,2026-09-29,2026-09-29
6b96a9f1-cd08-4f19-8eb1-39db9368343a,Bayut | dubizzle,Internship,workable,unknown,unstated,2026-09-01T00:00:00.000Z,2026-09-01T19:07:45.588Z,2026-09-29,2026-09-29
6b993a7f-eeda-4ee2-9f0b-e699f142810e,VBK,Studentstage,recruitee,non_us,unstated,2023-10-04T13:34:57.000Z,2026-08-31T22:49:40.331Z,2026-09-29,2026-09-29
6b9ca769-b58f-40fa-83f8-9f5001c20690,Lakshya Digital,3D Animation Internship (Gurgaon),workable,non_us,unstated,2026-06-03T00:00:00.000Z,2026-08-31T20:21:03.730Z,2026-09-29,2026-09-29
6bb5e6c6-630f-4941-bef7-9e9a01ea3ddc,Kevin Kehr,"Werkstudent (m/w/d) – Finance & Beratung (unternehmerisch, leistungsbasiert)",recruitee,non_us,unstated,2026-09-25T05:22:30.000Z,2026-09-25T05:36:03.226Z,2026-09-29,2026-09-29
6bc5cabb-3efc-49c3-9b0f-874c476130c2,EIGHT ADVISORY SAS,Transaction Tax - Intern,recruitee,non_us,unstated,2024-05-07T20:41:18.000Z,2026-09-01T05:52:14.247Z,2026-09-29,2026-09-29
6bc5d1cb-99a5-429a-b2ca-e205a31c6834,ODK Media,Programmatic AdOps Intern (Unpaid),workable,us,unstated,2026-05-06T00:00:00.000Z,2026-08-31T20:27:20.255Z,2026-09-29,2026-09-29
6bde4e69-e5fb-4265-9686-3cc4b422ce01,Exoticca,Finance Intern,workable,non_us,unstated,2026-08-24T00:00:00.000Z,2026-08-31T04:35:05.707Z,2026-09-29,2026-09-29
6c042964-bb08-40cf-9d28-10be02879596,Rise8,SkillBridge Intern - Growth,greenhouse,unknown,refuses,2026-05-20T17:18:30.000Z,2026-08-31T20:11:58.707Z,2026-09-29,2026-09-29
6c233776-df64-4ffe-9d09-cb3237f70129,Die Grenze BV,Stage/BBL Heerenveen,recruitee,non_us,unstated,2024-10-21T10:20:38.000Z,2026-08-31T04:12:20.250Z,2026-09-29,2026-09-29
6c3022cd-bf40-4137-98d9-4c9e0d7297ea,Starkstrom-Gerätebau GmbH,Praktikant Vertrieb (m/w/d),recruitee,non_us,unstated,2026-07-15T11:25:08.000Z,2026-09-02T17:30:37.919Z,2026-09-29,2026-09-29
6c3080a4-c69e-4687-b90a-bc2d67323c07,Die Grenze BV,Stage/BBL Heerlen Dr. Kuyperstraat,recruitee,non_us,unstated,2024-10-21T09:10:59.000Z,2026-08-31T04:12:20.250Z,2026-09-29,2026-09-29
6c508cbe-33d6-4176-9a19-d839f2b0d7d0,LABEYRIE FINE FOODS,Stage - Assistant.e qualité opérationnel,recruitee,non_us,unstated,2026-09-21T12:31:46.000Z,2026-09-22T03:53:57.718Z,2026-09-29,2026-09-29
6c6865cb-96ee-4d1a-9b86-80e67272da26,"Huawei Technologies Canada Co., Ltd.",Intern Engineer – C++,recruitee,non_us,unstated,2026-05-21T13:34:06.000Z,2026-08-31T04:21:36.768Z,2026-09-29,2026-09-29
6cb56e50-ee4d-4203-ba12-f9c46d154f58,StepStone Group,2026 - 2027 Private Debt Portfolio and Risk Management Intern,greenhouse,non_us,unstated,2026-09-28T17:13:51.000Z,2026-09-29T14:54:32.335Z,2026-09-29,2026-09-29
6ce4bc2c-8942-4998-a35d-19c90f56e509,Die Grenze BV,Stage/BBL 't Harde,recruitee,non_us,unstated,2024-10-21T09:04:32.000Z,2026-08-31T04:12:20.250Z,2026-09-29,2026-09-29
6d0927b9-3430-40b7-9262-34dbfc74ce4b,Third Bridge,"Associate Intern, Client Services- Japanese Speaker (2027 Graduate)",greenhouse,non_us,unstated,2026-07-17T08:41:03.000Z,2026-09-28T15:39:44.022Z,2026-09-29,2026-09-29
6d19befb-e741-46b6-afc5-886188fd4f19,SOPHiA GENETICS,Junior Algorithm Development Intern,workable,non_us,unstated,2026-09-18T00:00:00.000Z,2026-09-19T06:26:47.029Z,2026-09-29,2026-09-29
6d345a72-587a-4a10-b1e0-bd37e5503df1,Goodwall,Program Intern,recruitee,non_us,unstated,2026-07-13T16:26:30.000Z,2026-08-31T04:18:30.273Z,2026-09-29,2026-09-29
6d437a71-21bd-40f2-93a8-0e5d617a701e,Boggi Milano,RETAIL MERCHANDISING - STAGE CURRICULARE,recruitee,non_us,unstated,2026-09-23T12:41:21.000Z,2026-09-24T16:21:15.560Z,2026-09-29,2026-09-29
6d44b9a8-32b8-4020-823e-0b9946632582,LV Collective,Social Media Intern | Rambler Clemson,workable,us,unstated,2026-09-15T00:00:00.000Z,2026-09-17T12:10:18.340Z,2026-09-29,2026-09-29
6d52d7d1-36a1-4d91-80bd-e85bf62ccd9e,Funding Societies | Modalku Group,Finance Intern,workable,non_us,unstated,2026-09-22T00:00:00.000Z,2026-09-22T11:30:02.482Z,2026-09-29,2026-09-29
6d53af6c-4457-4ef0-8ad4-85513aeb032f,Consigli Construction,Project Management Intern (Summer 2027),workable,us,unstated,2026-08-26T00:00:00.000Z,2026-08-31T04:24:01.655Z,2026-09-29,2026-09-29
6d600af9-30ac-4bff-97c8-6085ce1361c9,Houthoff,Student-stagiaire AI & Ondernemingsrecht (M&A) Rotterdam,recruitee,non_us,unstated,2026-07-27T11:33:52.000Z,2026-08-31T04:21:36.778Z,2026-09-29,2026-09-29
6d7d3932-6189-4fc9-8f4e-b9bcaa39b574,CFO Insights,Marketing Internship at CFO Insights,greenhouse,non_us,unstated,2026-08-28T05:17:04.000Z,2026-09-17T14:33:08.074Z,2026-09-29,2026-09-29
6d85a4e0-2fe3-4d2f-9a60-19c848a9673f,Nord-Ostsee Automobile,Praktikum im Center Ahrensburg (m/w/d),recruitee,non_us,unstated,2026-07-15T06:10:19.000Z,2026-09-02T17:29:57.069Z,2026-09-29,2026-09-29
6db85758-d788-42ee-b377-fcf3dc6760e7,Omnyacc Accountants & Adviseurs,Stage samenstelpraktijk,recruitee,non_us,unstated,2026-05-13T11:26:04.000Z,2026-08-31T04:31:26.037Z,2026-09-29,2026-09-29
6dcf78d5-2650-49e5-9156-fb4957e78513,"Huawei Technologies Canada Co., Ltd.",Intern Researcher - Efficient Architecture for LLMs,recruitee,non_us,unstated,2026-01-16T16:11:16.000Z,2026-08-31T04:21:36.768Z,2026-09-29,2026-09-29
6dd9fbb6-04d3-4c9e-884f-73f78cd10704,Novo Nordisk Foundation,Intern - Biotechnology,workable,non_us,unstated,2026-09-04T00:00:00.000Z,2026-09-04T09:30:12.919Z,2026-09-29,2026-09-29
6df18d80-e5e6-4d65-92b6-c955fba5235c,COGNNA,Customer Success COOP,workable,non_us,unstated,2026-09-15T00:00:00.000Z,2026-09-18T09:25:31.567Z,2026-09-29,2026-09-29
6df1e887-ba50-43d5-a333-27fc9cd73475,Shape Process Automation EMEA AB,LIA eller praktikplats -  vintern 2026/våren 2027 - Automationsingenjör,recruitee,non_us,unstated,2026-04-08T06:44:16.000Z,2026-08-31T22:44:57.423Z,2026-09-29,2026-09-29
6e0446b6-9bc4-4415-be7a-7782ad0dff0c,Intrepid Asia,Content Intern,workable,non_us,unstated,2026-09-09T00:00:00.000Z,2026-09-09T10:35:46.565Z,2026-09-29,2026-09-29
6e0c9e78-d882-4950-a1f3-a3c895a807dc,Retail Insights,Management Consulting Internship at Retail Insights,greenhouse,non_us,unstated,2026-08-28T05:17:04.000Z,2026-09-08T02:41:43.604Z,2026-09-29,2026-09-29
6e3520c0-0d99-48f1-b56e-8249e65a0b1f,Ember,"Graduate Internship, Operations Team",recruitee,non_us,unstated,2026-09-16T14:22:22.000Z,2026-09-18T08:37:43.861Z,2026-09-29,2026-09-29
6e6bcf71-e83b-4a51-99da-bee0174c0321,UNS,Architectural Internship Jan/Feb 2027,recruitee,non_us,unstated,2026-08-03T13:30:13.000Z,2026-08-31T13:36:06.043Z,2026-09-29,2026-09-29
6e7c1813-ab03-4d5e-8c98-213b9d77b61c,Axicom,Summer Internship,greenhouse,us,unstated,2026-06-09T13:33:43.000Z,2026-08-31T04:14:51.132Z,2026-09-29,2026-09-29
6eb7de03-f2b4-4fca-a2a9-0e26c72c2b2a,Interpath Advisory,Internship - Procurement Consulting - Vienna,workable,non_us,unstated,2026-09-22T00:00:00.000Z,2026-09-23T21:50:11.367Z,2026-09-29,2026-09-29
6ef6f843-8be6-45d7-a761-350a1b288b77,DRW,Software Developer Intern,greenhouse,non_us,unstated,2026-09-24T20:08:18.000Z,2026-08-03T20:13:54.595Z,2026-09-29,2026-09-29
6effb432-b61e-4974-95e6-d23452eda952,CFO Insights,Entrepreneur in Residence Intern (Danish speaker) CFO Insights,greenhouse,non_us,unstated,2026-08-28T05:15:23.000Z,2026-09-17T14:33:08.074Z,2026-09-29,2026-09-29
6f0227cc-ca1e-42db-a0f9-920b3bce7ff9,Monday Merch,Graphic Design | Internship 2027 | Fast growing scale-up,recruitee,non_us,unstated,2026-07-22T13:24:03.000Z,2026-08-31T04:28:35.756Z,2026-09-29,2026-09-29
6f42eb57-9783-4e59-99f9-5c446977f0e8,Moment Energy,Manufacturing Engineer Co-op,greenhouse,non_us,unstated,2026-09-25T22:59:09.000Z,2026-09-25T14:05:45.289Z,2026-09-29,2026-09-29
6f697d6b-45fd-4c2e-b506-f00b18507220,Zipline,Real Estate Intern (Summer 2027),greenhouse,us,unstated,2026-09-17T17:05:10.000Z,2026-09-19T08:08:31.082Z,2026-09-29,2026-09-29
6f80f9a0-7f1e-4257-a3ab-62c3fa412e46,Guess Europe Sagl,Werkstudent:in / Sales Assistant (w/m/d),workable,non_us,unstated,2026-08-18T00:00:00.000Z,2026-08-31T13:36:20.591Z,2026-09-29,2026-09-29
6f9a7a5c-6818-4461-b0f1-a80ef1cc7c2b,Advancy Partners,Shanghai - Intern,recruitee,non_us,unstated,2026-03-10T06:44:16.000Z,2026-08-31T04:04:21.868Z,2026-09-29,2026-09-29
6fa4952d-fe3c-4d7b-965d-9b883ae28779,Super Soccer Stars,Sports Business Operations Intern,workable,us,unstated,2026-02-18T00:00:00.000Z,2026-08-31T21:04:43.510Z,2026-09-29,2026-09-29
6fb0aa16-7860-453e-9fde-f91be9dee069,Zipline,System Test Automation Intern (Spring 2027),greenhouse,us,unstated,2026-09-17T17:05:10.000Z,2026-09-19T08:08:31.082Z,2026-09-29,2026-09-29
6fb43a60-b7b9-4e03-bd34-65e11d69195c,Stevens Capital Management LP - Internships,Quantitative Research Analyst Internship,greenhouse,us,unstated,2026-05-24T05:00:17.000Z,2026-08-31T21:21:52.191Z,2026-09-29,2026-09-29
6fca16ed-a3fc-4dd6-b25b-8b86fc84beda,ImmoScout24,Werkstudent Product Marketing (m/w/d),greenhouse,non_us,unstated,2026-09-25T12:07:42.000Z,2026-09-26T23:47:29.603Z,2026-09-29,2026-09-29
6fd393c8-7b01-445d-948e-d1cb67c42226,Mediengruppe Pressedruck,Werkstudent Verlagsveröffentlichungen (m/w/d),recruitee,non_us,unstated,2026-09-16T06:34:07.000Z,2026-09-18T13:36:18.660Z,2026-09-29,2026-09-29
6ff6c83d-8d82-4076-a32c-1315a9f68058,Jump Trading,Campus Systems Engineer (Intern),greenhouse,non_us,unstated,2026-08-18T22:29:59.000Z,2026-09-01T19:49:42.704Z,2026-09-29,2026-09-29
700f2b1c-89dd-48b1-a3cd-7776117affe0,Zero Motorcycles Inc.,Human Resources (HR Europe) Intern HBO,recruitee,non_us,unstated,2026-07-06T12:41:58.000Z,2026-08-31T13:37:21.513Z,2026-09-29,2026-09-29
70176fb2-1366-4d25-a91e-2e8eb5d36a8b,Oppizi,City Manager Intern,workable,us,unstated,2026-09-10T00:00:00.000Z,2026-09-11T08:26:42.433Z,2026-09-29,2026-09-29
7018dba1-3533-4b19-ad66-c1c8b688261e,Iza Noodle Production GmbH,Runner (m/w/d) – Vollzeit / Teilzeit / Minijob / Werkstudent,recruitee,non_us,unstated,2026-08-12T13:48:25.000Z,2026-09-02T17:29:22.507Z,2026-09-29,2026-09-29
703188ab-59cc-4f43-84b6-65db7ed32960,RF-SMART,Agile Delivery (Scrum Master) Internship - Spring & Summer 2027,greenhouse,us,refuses,2026-09-22T18:47:26.000Z,2026-09-18T01:19:08.467Z,2026-09-29,2026-09-29
7052626b-d2c7-48a0-8136-6bfcecc05aca,Astranis,Production Quality Intern (Winter 2027),greenhouse,us,refuses,2026-09-25T21:56:47.000Z,2026-09-19T07:49:16.402Z,2026-09-29,2026-09-29
7064b904-98c9-4bd8-bc52-4e00db4df6ea,"Sandstone Care - Denver, Colorado",Clinical Internship,greenhouse,us,unstated,2026-09-24T13:29:46.000Z,2026-09-02T20:31:19.900Z,2026-09-29,2026-09-29
7066c8d2-7a15-43c3-b2e9-3239e0a6f284,Omnyacc Accountants & Adviseurs,Stage samenstelpraktijk,recruitee,non_us,unstated,2026-06-09T14:05:26.000Z,2026-08-31T04:31:26.037Z,2026-09-29,2026-09-29
706e6343-ab73-4288-8033-001d2d5bc7c5,Greenpeace Belgium,Digital Marketing Intern,recruitee,non_us,unstated,2024-09-20T07:43:15.000Z,2026-08-31T04:20:05.129Z,2026-09-29,2026-09-29
707fb220-9f95-4b1e-a623-7b2142a159d5,Rush Street Interactive,People Team Intern,greenhouse,non_us,unstated,2026-09-21T14:45:56.000Z,2026-09-08T02:41:43.578Z,2026-09-29,2026-09-29
70810cd5-3a38-47fb-8ef3-8cb70b1e7aef,NV Advices for Technical Systems,ATS NV -  Internships - Graduaat Studenten,recruitee,non_us,unstated,2025-09-17T13:21:16.000Z,2026-08-31T04:05:44.465Z,2026-09-29,2026-09-29
70b464a6-e677-4d15-abee-8cebdd1568fb,Starkstrom-Gerätebau GmbH,Werkstudent Serviceprozesse & Ersatzteile (m/w/d),recruitee,non_us,unstated,2026-06-23T11:27:56.000Z,2026-09-02T17:30:37.919Z,2026-09-29,2026-09-29
70b88b75-cb96-44f4-ac0c-a9b3ab6b2400,PDT Partners,Summer 2027 Software Engineering Intern,greenhouse,us,unstated,2026-07-24T23:19:21.000Z,2026-08-31T16:29:28.362Z,2026-09-29,2026-09-29
70c2024a-19e5-4eac-a19d-4e10dd152cca,Felsburg Holt & Ullevig,Water Resources Engineer Intern - I0027,workable,us,unstated,2026-09-14T00:00:00.000Z,2026-09-15T23:50:07.350Z,2026-09-29,2026-09-29
70e24ebf-f0f4-4571-857f-92324efe1c86,StepStone Group,2027 Venture Capital Summer Associate,greenhouse,us,unstated,2026-08-25T19:58:53.000Z,2026-09-01T19:59:22.656Z,2026-09-29,2026-09-29
70e93a94-ad16-43bc-ba6a-d45d58221b84,Consigli Construction,Project Management Intern (Summer 2027),workable,us,unstated,2026-08-26T00:00:00.000Z,2026-08-31T04:24:01.655Z,2026-09-29,2026-09-29
71025dc6-365d-4012-aeab-0b1d92378b1c,Zipline,Community Engagement Intern (Summer 2027),greenhouse,us,refuses,2026-09-17T17:05:10.000Z,2026-09-19T08:08:31.082Z,2026-09-29,2026-09-29
710412e6-01bd-41ae-a392-2037ffa2fe26,Droppie,Job Coach (intern),recruitee,non_us,unstated,2026-06-23T08:26:30.000Z,2026-08-31T04:13:38.191Z,2026-09-29,2026-09-29
712ad239-a81d-4831-a432-349a9317e988,WS Development,Marketing Intern - Hyde Park Village,workable,us,unstated,2026-09-08T00:00:00.000Z,2026-09-09T02:27:19.324Z,2026-09-29,2026-09-29
715dec61-df2d-44a5-a1b9-9d64d0a51167,Rise8,SkillBridge Intern - Marketing,greenhouse,unknown,refuses,2026-05-20T17:18:30.000Z,2026-08-31T20:11:58.707Z,2026-09-29,2026-09-29
71723c6a-769c-4649-b123-95199ed5a40b,Rapsodo,R&D Intern - Mechatronics,workable,non_us,unstated,2026-09-22T00:00:00.000Z,2026-09-24T18:33:31.293Z,2026-09-29,2026-09-29
71761df2-2d49-4c88-aec5-9c40da8cff99,talentpluto,Full Stack Engineering Intern,workable,us,unstated,2026-09-11T00:00:00.000Z,2026-09-12T04:07:01.239Z,2026-09-29,2026-09-29
71c27905-6d79-4e10-8585-8beb668e9140,Anders,Tax Intern - Summer 2028,greenhouse,us,unstated,2026-08-26T19:31:46.000Z,2026-09-15T12:30:18.881Z,2026-09-29,2026-09-29
71cee996-d981-40d0-b2e1-90bde1fbc5ae,Redwood Materials,"Staff Recruiter, Early Career and Interns",greenhouse,us,unstated,2026-09-26T20:47:14.000Z,2026-09-25T03:11:33.093Z,2026-09-29,2026-09-29
71d4d28d-fb1b-40d4-bf21-6b6d22cd7720,TYTAN Technologies GmbH,Finance Intern (German Speaker) - (m/f/d),recruitee,non_us,unstated,2026-08-28T07:23:22.000Z,2026-08-31T13:37:25.107Z,2026-09-29,2026-09-29
71f23130-7b8b-45f9-b980-ec8cf0522411,Eintracht Frankfurt Fußball AG,Werkstudent Digital Signage (m/w/d),recruitee,non_us,unstated,2026-09-23T05:35:50.000Z,2026-09-25T13:27:20.151Z,2026-09-29,2026-09-29
71fb4863-8c61-4176-b89b-1a2756767380,Javelin Global Commodities,Summer Intern: Commodities Operations,workable,non_us,unstated,2026-09-16T00:00:00.000Z,2026-09-17T10:15:14.872Z,2026-09-29,2026-09-29
71feba9a-e5e2-4d68-8910-02314499203f,Peripass,Data Science Intern,recruitee,non_us,unstated,2026-07-08T12:42:27.000Z,2026-08-31T04:31:21.267Z,2026-09-29,2026-09-29
72242b42-b025-4621-93f9-77d0d72b0ad0,Die Grenze BV,Stage/BBL Borne,recruitee,non_us,unstated,2024-10-21T08:56:20.000Z,2026-08-31T04:12:20.250Z,2026-09-29,2026-09-29
722d9927-2ed2-4264-b707-5b938eea8b12,"ResponsiveAds, Inc.",ResponsiveAds Full-Stack Developer (2026 Summer and Fall Internship),workable,non_us,unstated,2026-01-29T00:00:00.000Z,2026-08-31T21:34:45.426Z,2026-09-29,2026-09-29
722e9c69-cb7e-4257-9c89-27965eb3015f,Benesch,Bridge Design & Structural Engineering Internship,greenhouse,us,unstated,2026-09-15T17:21:57.000Z,2026-09-15T12:10:06.929Z,2026-09-29,2026-09-29
729466b6-d509-404a-b7a1-c99eeccc8b88,BSI Software,Praktikum Software Engineer (all genders) CH,recruitee,non_us,unstated,2026-05-07T12:42:01.000Z,2026-09-02T16:45:07.397Z,2026-09-29,2026-09-29
72c5c7fb-ff31-45da-90de-833414307955,Lucidya,Customer Marketing &amp Product Marketing Knowledge Intern,workable,non_us,unstated,2026-08-31T00:00:00.000Z,2026-08-31T16:31:05.062Z,2026-09-29,2026-09-29
72d70759-bbe1-42b2-9e33-e6a5e6b2b299,Street Child,Italian Fundraising Intern,workable,non_us,unstated,2024-05-16T00:00:00.000Z,2026-08-31T04:39:25.414Z,2026-09-29,2026-09-29
72e913b8-9754-4c3e-8822-e2edfd1e53f8,Sustainable Comfort Inc,Condo Management Administrative Intern,recruitee,us,unstated,2026-08-13T19:13:19.000Z,2026-08-31T04:38:10.614Z,2026-09-29,2026-09-29
72fc61d7-28ec-42c8-98bd-3d3940d5f8e1,Retail Insights,Global Consulting Internship at Retail Insights,greenhouse,non_us,unstated,2026-08-28T05:17:20.000Z,2026-09-08T02:41:43.604Z,2026-09-29,2026-09-29
731289a0-216b-44b5-8e62-16c4e8edf945,Tippmann Group,2027 Summer Internship - Project Design,breezy,us,unstated,2026-09-17T15:54:09.355Z,2026-09-07T19:19:38.801Z,2026-09-29,2026-09-29
733c27ae-2370-4464-b1b8-d4c0684f167e,Jump Trading,Campus Quantitative Researcher (Off-Cycle - Winter/Spring 2027 Intern),greenhouse,non_us,unstated,2026-08-28T11:26:21.000Z,2026-09-01T19:49:42.704Z,2026-09-29,2026-09-29
736805c9-49e2-48a3-89a1-26eccf9876d1,Koninklijk Nederlands Lucht- en Ruimtevaartcentrum,Master thesis assignment: Tilt-rotor-wing aerodynamic modelling for aeroelastic analysis,recruitee,non_us,unstated,2026-09-14T11:38:16.000Z,2026-09-17T00:36:44.448Z,2026-09-29,2026-09-29
736c3411-bf1f-4311-8261-c7a5167b3ebd,FIRY,"Co-op, Platform Communications",greenhouse,us,unstated,2026-09-14T14:47:21.000Z,2026-09-03T17:10:56.848Z,2026-09-29,2026-09-29
7399565a-457c-45bc-bf59-2177fed7b573,GAEV Dental,Stagiair Mondzorgkunde / Mondhygiënist,recruitee,non_us,unstated,2023-11-23T14:12:58.000Z,2026-08-31T04:18:32.208Z,2026-09-29,2026-09-29
7399c1ec-e347-43a5-81b8-c8611b3afb5a,Point72,Quantitative Researcher - Intern,greenhouse,non_us,unstated,2026-09-15T21:33:58.000Z,2026-09-01T19:49:27.998Z,2026-09-29,2026-09-29
73a52c4b-8104-48cc-8aa1-02c48711b3e6,CESI,INTERSHIP DYNALOG- Cooperative game-based decision-making for AMR fleet operations in a logistics warehouse using discrete-event simulation (FlexSim),recruitee,non_us,unstated,2026-04-13T07:40:52.000Z,2026-08-31T04:09:41.734Z,2026-09-29,2026-09-29
73bb7251-3b6d-450d-9711-6072a0be29a7,Jarrett,Internship Opportunities,crelate,us,unstated,2025-05-19T19:51:22.200Z,2026-09-01T23:17:10.145Z,2026-09-29,2026-09-29
73c01c3b-bafa-477c-bb5e-ef284f1a3947,Kingdom Homes,Real Estate Intern,workable,us,unstated,2026-07-06T00:00:00.000Z,2026-08-31T13:38:20.940Z,2026-09-29,2026-09-29
73c19841-111b-4e45-b68f-7b25df0d0033,Asksuite,Estágio em Pré-Vendas/SDR LATAM (Espanhol),recruitee,non_us,unstated,2026-09-08T13:36:41.000Z,2026-09-08T16:30:10.854Z,2026-09-29,2026-09-29
73d98dc8-2a72-4807-bbf6-5cbde25292fb,Kaufman Rossin,Assurance Intern - Spring 2027,workable,us,unstated,2026-09-01T00:00:00.000Z,2026-09-01T20:11:41.280Z,2026-09-29,2026-09-29
73df5aaa-9d7b-4be8-9128-fd0e4b4c1553,EquipmentShare,Intern: Accounting,greenhouse,us,unstated,2026-09-21T23:28:30.000Z,2026-09-19T06:57:49.090Z,2026-09-29,2026-09-29
7412607d-a0ca-4ce4-90cf-a3270059e22d,Flowdesk,Markets | Algo Trader Intern | Paris,workable,non_us,unstated,2026-09-24T00:00:00.000Z,2026-09-25T08:47:54.038Z,2026-09-29,2026-09-29
7439d584-8434-4d95-be76-167127877603,Sécheron Hasler Group,Machining Technology Intern/Junior CNC Manufacturing Engineer,workable,non_us,unstated,2026-09-14T00:00:00.000Z,2026-09-17T03:01:45.942Z,2026-09-29,2026-09-29
744da672-6c87-4007-a27a-71d34cd40f0b,Benesch,Transportation Engineering Internship,greenhouse,us,unstated,2026-09-15T17:21:57.000Z,2026-09-15T12:10:06.929Z,2026-09-29,2026-09-29
7457cf2b-7d3e-49dd-82ab-d1814362f1e7,Youvia BV,Stage Webdesign & Development,recruitee,non_us,unstated,2026-07-08T14:45:41.000Z,2026-08-31T21:32:21.367Z,2026-09-29,2026-09-29
74a2c6db-163d-4cda-96fb-61b622c991d3,Defense Unicorns,SkillBridge Intern - Platform Engineer,greenhouse,us,refuses,2026-05-27T04:35:49.000Z,2026-09-18T14:17:44.157Z,2026-09-29,2026-09-29
74d6a5e1-7f5d-4916-8fc2-c381be9aa904,Terberg Special Vehicles,Werkstudent Procurement & Supply Chain Support,greenhouse,non_us,unstated,2026-09-23T13:20:13.000Z,2026-09-28T03:56:18.428Z,2026-09-29,2026-09-29
753a434b-80be-486f-ad76-8d66a7d8a60f,i-profile GmbH,Praktikant Recruiting & Personalentwicklung (m/w/d),recruitee,non_us,unstated,2025-02-17T17:07:21.000Z,2026-08-31T04:25:31.178Z,2026-09-29,2026-09-29
756bd14b-2c80-4679-99c8-86cf4dada00f,BPCM,"Fall Internship, Influencer & Celebrity Relations",workable,us,unstated,2026-09-23T00:00:00.000Z,2026-09-23T22:18:49.011Z,2026-09-29,2026-09-29
757b6f58-af57-413f-a207-038eff03b978,Rosebel Gold Mines N.V.,RGM Internship Program 2026 - Bachelor Students in Mechanical Engineering,recruitee,non_us,unstated,2026-06-22T16:06:13.000Z,2026-08-31T04:35:20.630Z,2026-09-29,2026-09-29
7591580e-1886-46af-8c2c-b49d8ceb680c,DoorDash USA,"Software Engineer, Intern (Summer 2027) - US",greenhouse,us,unstated,2026-09-28T14:02:49.000Z,2026-09-15T05:05:14.371Z,2026-09-29,2026-09-29
759263e8-e342-4115-af8a-897fe98bfb18,Lenskart,Analytics - Intern,recruitee,non_us,unstated,2026-04-23T06:56:45.000Z,2026-08-31T04:25:28.146Z,2026-09-29,2026-09-29
75b1458f-68e3-4c3b-ac78-3f9024051043,InterDam bv,Technische stage / afstuderen MBO/ HBO/WO,recruitee,non_us,unstated,2023-11-16T07:38:47.000Z,2026-08-31T04:22:50.966Z,2026-09-29,2026-09-29
75ff4393-3d97-4c59-8b51-8d4a0402d358,AtriCure,Engineering Services Co-op,greenhouse,us,unstated,2026-09-27T00:10:18.000Z,2026-09-16T02:11:47.387Z,2026-09-29,2026-09-29
76461d80-abe2-440a-a66a-d83f3af77091,Amperesand,Product Software Intern,greenhouse,us,unstated,2026-09-25T23:27:35.000Z,2026-09-09T19:23:11.667Z,2026-09-29,2026-09-29
764a8103-56b6-4093-8566-1dc8181d8149,Consigli Construction,Field Operations Intern (Summer 2027),workable,us,unstated,2026-08-26T00:00:00.000Z,2026-08-31T04:24:01.655Z,2026-09-29,2026-09-29
764d4a96-9666-45b2-973a-d8492f4e9b1f,Scalapay,SDR Intern,greenhouse,non_us,unstated,2026-07-16T12:51:31.000Z,2026-09-08T02:41:43.584Z,2026-09-29,2026-09-29
7651c208-a59d-41c7-b0e2-1ea5c626df07,Nord-Ostsee Automobile,Praktikum im Center Hyundai Heide (m/w/d),recruitee,non_us,unstated,2026-07-15T05:57:27.000Z,2026-09-02T17:29:57.069Z,2026-09-29,2026-09-29
76609f31-2e61-4f9f-aae6-ee92336e7fc8,Zipline,Materials Engineer Intern (Spring & Summer 2027),greenhouse,us,unstated,2026-09-17T17:05:10.000Z,2026-09-19T08:08:31.082Z,2026-09-29,2026-09-29
768777c2-2b58-4bb1-8ac8-86e5eec43cb7,Stichting Kwintes,Stagiair woonbegeleider,recruitee,non_us,unstated,2026-09-02T08:11:22.000Z,2026-09-02T09:15:03.466Z,2026-09-29,2026-09-29
768b40a0-219c-4ae2-ab65-c7410ecc24e7,Zipline,Droid Autonomy Intern (Summer 2027),greenhouse,us,unstated,2026-09-23T13:58:26.000Z,2026-09-25T15:12:08.257Z,2026-09-29,2026-09-29
768da869-161a-4d80-aaab-ab361e9f4560,ahc GmbH,Praktikant/Werkstudent AI-Automatisierung (w/m/d),recruitee,non_us,unstated,2026-04-28T07:51:47.000Z,2026-08-31T04:04:19.981Z,2026-09-29,2026-09-29
7691d377-11a4-45b9-9542-1b83b893095e,EQT Corporation,Midstream Gas Management Intern,greenhouse,us,unstated,2026-09-17T18:39:28.000Z,2026-09-10T19:25:37.438Z,2026-09-29,2026-09-29
769f3027-b887-46d7-9e32-84b1bd0df802,Astranis,Avionics Intern (Summer 2027),greenhouse,us,refuses,2026-09-25T21:56:47.000Z,2026-09-25T07:27:18.212Z,2026-09-29,2026-09-29
76a2a5c9-e2ea-4f53-af0f-c31a2a7f780e,Debitos GmbH,Greek working student  (m/w/d) in Office Solonos 53,recruitee,non_us,unstated,2025-12-15T11:27:32.000Z,2026-08-31T04:10:53.906Z,2026-09-29,2026-09-29
76a60a92-e0b3-4103-bcbd-6ed89fc99886,Van Lanschot Kempen,Equity Research: Life Sciences - Stage,recruitee,non_us,unstated,2026-08-27T06:57:43.000Z,2026-08-31T13:36:05.822Z,2026-09-29,2026-09-29
76be0889-f84e-4679-beef-438d5403acb6,AMI PARIS,Stage - Assistant.e Qualité SAV H/F,recruitee,non_us,unstated,2026-07-22T13:48:41.000Z,2026-08-31T04:05:49.574Z,2026-09-29,2026-09-29
76c5c42e-87a2-49a1-81da-bdeda824ec78,Attain Sports,Merchandise Intern,greenhouse,us,unstated,2026-04-28T17:22:23.000Z,2026-08-31T04:14:53.472Z,2026-09-29,2026-09-29
76cde177-c24e-4235-84a8-b9ae2f0bb735,Griffis Residential,Property Management Summer Internship,greenhouse,us,unstated,2026-09-21T15:26:27.000Z,2026-09-15T05:03:27.488Z,2026-09-29,2026-09-29
76f9c086-551b-4e8b-9250-48fa393d931f,HexArmor,Videographer Internship - Summer 2027,greenhouse,us,unstated,2026-09-23T01:47:17.000Z,2026-09-23T09:19:10.251Z,2026-09-29,2026-09-29
7705987b-99e0-443f-9388-bfc8e9fd7545,Benesch,Civil - Roadway/Highway Design Internship,greenhouse,us,unstated,2026-09-22T21:18:48.000Z,2026-09-22T04:59:16.221Z,2026-09-29,2026-09-29
770ce8ae-ce6f-43d3-b95d-ec364bffbb15,Teleport,People & Culture - Teleport Malaysia Internship Program 2026,workable,non_us,unstated,2026-06-14T00:00:00.000Z,2026-08-31T21:06:08.989Z,2026-09-29,2026-09-29
77191a2b-62e3-4017-9f8a-121348945d77,Emergent Group,Civil / Structural Engineer Interns - multiple positions,workable,non_us,unstated,2026-08-24T00:00:00.000Z,2026-08-31T04:28:34.886Z,2026-09-29,2026-09-29
77301860-afa0-45b1-b181-b6413bdf423f,Rosebel Gold Mines N.V.,RGM Internship Program 2026 - Bachelor Students in Infrastructure & Civil Engineering,recruitee,non_us,unstated,2026-06-22T16:11:00.000Z,2026-08-31T04:35:20.630Z,2026-09-29,2026-09-29
776300b1-9f54-478d-b913-dc6b0a8b1fc3,Vermetten | accountants en adviseurs,Werkstudent fiscaal,recruitee,non_us,unstated,2025-07-24T12:50:46.000Z,2026-08-31T13:36:03.396Z,2026-09-29,2026-09-29
776baa79-51e3-46d9-b678-43a9ade369f6,Die Grenze BV,Stage/BBL Nijverdal,recruitee,non_us,unstated,2024-10-21T09:02:03.000Z,2026-08-31T04:12:20.250Z,2026-09-29,2026-09-29
77811dbc-a5c9-4dbd-8ed7-4d4ee992c915,Monday Merch,Customer Success | Internship 2027 | Fast growing scale-up | Rotterdam,recruitee,non_us,unstated,2026-07-14T12:30:33.000Z,2026-08-31T04:28:35.756Z,2026-09-29,2026-09-29
778334ff-a41c-4986-9291-bbb48890d6a2,HelloFresh,Growth Strategy Data Analyst - Intern (M/F/N),greenhouse,non_us,unstated,2026-05-26T19:12:05.000Z,2026-09-01T19:49:50.072Z,2026-09-29,2026-09-29
77865d2e-ea92-427c-a3a3-ae5749f4b07c,BarentsKrans,Werkstudent Notariaat Corporate / M&A,recruitee,non_us,unstated,2026-01-21T14:32:17.000Z,2026-08-31T04:06:59.287Z,2026-09-29,2026-09-29
77cf6970-0b0e-4025-aada-79dd3f3ee6e8,Coreso,Internship – Data Analytics,recruitee,non_us,unstated,2026-07-31T07:21:00.000Z,2026-08-31T04:10:47.767Z,2026-09-29,2026-09-29
77cfdb68-4bb7-4e12-a979-5c563567bb72,Consigli Construction,Special Projects Intern (Summer 2027),workable,us,unstated,2026-08-27T00:00:00.000Z,2026-08-31T04:24:01.655Z,2026-09-29,2026-09-29
77d42b94-eb1f-48f9-b846-6c7de49dd4a9,Friday Recruitment,Onderzoeksstage Digital Style Guide,recruitee,non_us,unstated,2026-09-25T09:50:32.000Z,2026-09-26T23:14:24.997Z,2026-09-29,2026-09-29
77def6c4-6e08-4a6e-bc1e-e0a6551b1d02,DELFS & PARTNER,Referendar im Handels- und Gesellschaftsrecht (m/w/d),recruitee,non_us,unstated,2026-08-06T09:30:57.000Z,2026-08-31T04:13:34.103Z,2026-09-29,2026-09-29
77eb1ba6-b08e-4e09-b8c4-3c5883f6901a,Kaufman Rossin,International Tax Intern - Spring 2027,workable,us,unstated,2026-09-24T00:00:00.000Z,2026-09-26T06:37:21.527Z,2026-09-29,2026-09-29
77f29f10-d85c-4660-91b1-3373a179c71f,Zipline,Flight Test Engineer Intern (Summer 2027),greenhouse,us,unstated,2026-09-21T17:47:28.000Z,2026-09-22T12:45:52.152Z,2026-09-29,2026-09-29
77fcaebb-d42f-4df9-a0bb-2e84853101e4,CFO Insights,Management Graduate Program Intake (Scandinavian speaker) CFO Insights,greenhouse,non_us,unstated,2026-08-28T05:15:20.000Z,2026-09-17T14:33:08.074Z,2026-09-29,2026-09-29
7840d1b5-7a2e-4e97-926b-1504d76b6621,Q-Block Computing,Embedded Systems Developer Intern,breezy,non_us,unstated,2026-07-06T16:28:55.438Z,2026-08-31T04:36:45.607Z,2026-09-29,2026-09-29
784bdf28-dbe4-4d96-9b21-b22d479d52b5,Institut Mines-Télécom,Stage M2 : Recherche en optique non linéaire appliquée à la caractérisation de dispositifs électroniques neuromorphiques - 6 mois,recruitee,non_us,unstated,2026-09-17T08:38:50.000Z,2026-09-18T10:57:09.545Z,2026-09-29,2026-09-29
784c247f-5942-4d94-a208-c18753a99646,Astranis,CAD Engineer Intern (Summer 2027),greenhouse,us,refuses,2026-09-25T21:56:41.000Z,2026-08-15T06:01:19.580Z,2026-09-29,2026-09-29
78645ca8-50ed-4637-8175-c14e40fbe0fb,Interstates,"Apprentice Electrician Tech College Intern - Tulsa, OK",greenhouse,us,unstated,2026-09-16T19:58:35.000Z,2026-09-09T21:23:46.590Z,2026-09-29,2026-09-29
78857796-e4e5-4fd8-abfe-a58f65819f1a,Middlebury College,Civil Rights & Title IX Intern (AY 26-27 901792),workable,us,unstated,2026-09-17T00:00:00.000Z,2026-09-19T06:38:29.183Z,2026-09-29,2026-09-29
7887edf6-5f3e-4f3a-a0bf-b955b5fb509b,Neuralink,"Firmware Engineer Intern, Robotics and Surgery Engineering",greenhouse,us,unstated,2026-09-25T01:18:21.000Z,2026-09-08T00:24:09.614Z,2026-09-29,2026-09-29
7888f56a-f1d0-4cc9-90fa-96da885ce0ac,Exoticca,BtoB Group Travel Intern,workable,non_us,unstated,2026-06-04T00:00:00.000Z,2026-08-31T04:35:05.707Z,2026-09-29,2026-09-29
78ad0de3-69ed-4f0e-a849-9cb3596baa35,Innovative Beauty Group,Procurement & SRM Data Management intern,recruitee,non_us,unstated,2026-09-25T09:51:35.000Z,2026-09-27T00:38:36.459Z,2026-09-29,2026-09-29
78b717d0-64cd-4260-9da6-95219c7ffe88,Funding Societies | Modalku Group,Credit Intern,workable,non_us,unstated,2026-02-04T00:00:00.000Z,2026-08-31T04:38:02.474Z,2026-09-29,2026-09-29
78bbdecb-ad11-438e-9435-210c978bfeb0,Hydrite,Engineering Co-Op (Spring 2027),greenhouse,us,unstated,2026-09-09T15:55:12.000Z,2026-09-05T00:02:05.689Z,2026-09-29,2026-09-29
78dd5f06-f104-435d-9774-934f2aed0d45,Rush Street Interactive,Player Support Internship- Spring 2027,greenhouse,us,unstated,2026-09-21T14:45:59.000Z,2026-09-11T23:36:31.893Z,2026-09-29,2026-09-29
78fad992-c129-4b79-b352-b5badb5bcf80,Zipline,Hardware Test Intern (Summer 2027),greenhouse,us,unstated,2026-09-17T17:05:10.000Z,2026-09-19T08:08:31.082Z,2026-09-29,2026-09-29
7912871d-5661-466f-a8a9-1e8c909dc395,Knutson Construction,Equipment Operations Analyst Intern - Summer 2027,breezy,us,unstated,2026-09-22T11:43:02.197Z,2026-09-24T13:15:11.793Z,2026-09-29,2026-09-29
791e19ff-2b98-4902-88d8-3d1316b9c729,Jump Trading,Campus Systems Engineer (Intern),greenhouse,non_us,unstated,2026-08-18T22:42:21.000Z,2026-09-01T19:49:42.704Z,2026-09-29,2026-09-29
793aaf69-949c-4507-987b-061ffbaf2ea4,Force Factor,Summer 2027 Talent Acquisition Intern,greenhouse,us,unstated,2026-09-09T15:19:52.000Z,2026-09-19T08:06:15.741Z,2026-09-29,2026-09-29
7953ba20-e334-45c5-af82-f7500c390ef1,Teleport,"Intern, Finance",workable,non_us,unstated,2025-07-16T00:00:00.000Z,2026-08-31T21:06:08.989Z,2026-09-29,2026-09-29
79a9deda-2c46-4f82-936f-95213d7094be,General Matter,Summer 2027 Internship - Mechanical Engineering,greenhouse,us,unstated,2026-09-21T23:44:18.000Z,2026-09-19T13:54:56.300Z,2026-09-29,2026-09-29
79ab1ff1-72a8-41cd-83fd-510b43050e9d,AbCellera,Central Services and Logistics Support Intern (12-month Co-op/Internship),greenhouse,non_us,unstated,2026-09-28T05:49:01.000Z,2026-09-28T10:37:10.937Z,2026-09-29,2026-09-29
79cafe64-9adf-48f0-9050-ea2d442105a4,Interstates,Estimating Intern,greenhouse,us,unstated,2026-09-16T19:58:35.000Z,2026-09-17T15:37:18.194Z,2026-09-29,2026-09-29
79d16a30-2aed-4c3a-93cc-4d687e63df6b,2C2P,Compliance Intern,workable,non_us,unstated,2026-09-24T00:00:00.000Z,2026-09-24T20:41:22.005Z,2026-09-29,2026-09-29
7a0774de-bd2d-4222-b966-7fdaa1e823c3,Zipline,System Test Automation Intern (Summer 2027),greenhouse,us,unstated,2026-09-17T17:05:10.000Z,2026-09-19T08:08:31.082Z,2026-09-29,2026-09-29
7a09f14c-0bc1-44a4-8cdb-55109d804ab2,Shift Technology,Data Scientist Intern (English Speaker),greenhouse,non_us,unstated,2026-08-21T11:26:05.000Z,2026-08-31T20:11:59.678Z,2026-09-29,2026-09-29
7a0d214a-2de7-4f39-832d-b70b88895b1e,Eurostar International,Procurement & Transformation Intern,workable,non_us,unstated,2026-07-29T00:00:00.000Z,2026-08-31T04:31:29.226Z,2026-09-29,2026-09-29
7a3450d4-ff54-4da2-8b2d-192298072350,Spread Group,Praktikant Online Marketing & Content (w/m/d),recruitee,non_us,unstated,2026-06-10T09:27:23.000Z,2026-08-31T04:36:39.927Z,2026-09-29,2026-09-29
7a47bd06-f4a4-4279-97fc-d61ba96dbad2,M/I Homes,Accounting Intern,workable,us,unstated,2026-09-14T00:00:00.000Z,2026-09-17T13:11:19.018Z,2026-09-29,2026-09-29
7a532dbb-a0ed-44d5-a144-3b63138e6be3,Healthesystems,"Intern, Artificial Intelligence Engineer - Part Time - Remote",greenhouse,us,unstated,2026-09-18T18:50:36.000Z,2026-09-19T06:53:08.621Z,2026-09-29,2026-09-29
7a5a7039-df71-4fc6-b46c-002e4f6e68a6,"Huawei Technologies Canada Co., Ltd.",Co-op Researcher – Computer Vision and Machine Learning,recruitee,non_us,unstated,2026-01-12T16:26:25.000Z,2026-08-31T04:21:36.768Z,2026-09-29,2026-09-29
7a7f7c4f-fb41-46bb-b864-8a3bca5e6d34,Zipline,Australia Community Engagement Internship,greenhouse,non_us,unstated,2026-09-24T04:17:45.000Z,2026-09-19T08:08:31.082Z,2026-09-29,2026-09-29
7a8119ae-edd1-42f4-9ffb-af6ac1d6c3c9,Perry Homes,2027 Summer Internship - Estimating Analyst,workable,us,unstated,2026-09-04T00:00:00.000Z,2026-09-04T17:21:23.474Z,2026-09-29,2026-09-29
7acba7aa-a506-444e-b18c-0ab21135128f,HEMERIA,Stage : Comptable (F/H),recruitee,non_us,unstated,2026-07-24T07:38:05.000Z,2026-08-31T04:18:28.254Z,2026-09-29,2026-09-29
7b009f9d-08c5-4ce1-b44a-8b4cf4070226,Odyssey Hotel Group,Housekeeping Supervisor Intern Jan./Feb 2027 (3),recruitee,non_us,unstated,2026-09-17T16:13:13.000Z,2026-09-18T13:03:11.988Z,2026-09-29,2026-09-29
7b28cea1-975f-4ea4-bdb2-266dc5f0b893,Brainsquare,Internship – Java or .NET Software Engineer,recruitee,non_us,unstated,2025-05-19T12:12:01.000Z,2026-08-31T04:09:42.791Z,2026-09-29,2026-09-29
7b53c1c5-ef67-4fba-b793-7ff7831aa1f2,Consigli Construction,Project Management Intern (Summer 2027),workable,us,unstated,2026-08-26T00:00:00.000Z,2026-08-31T04:24:01.655Z,2026-09-29,2026-09-29
7b5d632f-a2a2-438a-8b35-b23de2d491e6,Dev Technology,Talent Acquisition Intern (Summer 2027),greenhouse,us,refuses,2026-09-02T13:00:06.000Z,2026-09-01T19:20:41.896Z,2026-09-29,2026-09-29
7b806605-c26f-457e-b8b7-8aeb73447a06,Astranis,FPGA Intern (Summer 2027),greenhouse,us,refuses,2026-09-25T21:56:43.000Z,2026-09-25T07:27:18.212Z,2026-09-29,2026-09-29
7b8600c4-f386-4b65-890f-f6fcafe82131,LV Collective,Marketing & Partnerships Intern | Rambler Clemson,workable,us,unstated,2026-09-02T00:00:00.000Z,2026-09-02T14:58:13.984Z,2026-09-29,2026-09-29
7b90376a-0096-445d-9847-90cee06dad89,Univers,Werkstudent (m/w/d) Admin und HR,breezy,non_us,unstated,2026-08-28T06:57:46.642Z,2026-09-02T17:28:31.937Z,2026-09-29,2026-09-29
7bc19a24-952a-4269-a3d7-28e01af8d5c8,HealthCorps,Teen Health Education Internship,workable,us,unstated,2026-06-25T00:00:00.000Z,2026-08-31T13:39:42.527Z,2026-09-29,2026-09-29
7be0a26c-8f04-47d0-9b2c-6ef80214ca96,Stichting Sprank,Stage,recruitee,non_us,unstated,2026-02-16T09:30:31.000Z,2026-09-01T10:46:08.555Z,2026-09-29,2026-09-29
7c02482a-8779-4931-83d5-086fe62a4ac5,Rapsodo,R&D Intern - Hardware Engineering,workable,non_us,unstated,2026-06-19T00:00:00.000Z,2026-08-31T21:34:31.241Z,2026-09-29,2026-09-29
7c4d1be3-558f-442f-95cc-5bb801829236,Point72,2027 Point72 Academy Investment Analyst Summer Internship Program - Japan,greenhouse,non_us,unstated,2026-09-15T21:33:58.000Z,2026-09-01T19:49:27.998Z,2026-09-29,2026-09-29
7c68a0a9-b3f0-44de-a1fc-351e7b903bee,Levitate,Revenue Operations Leads Coordinator Intern,greenhouse,us,unstated,2026-09-24T15:00:27.000Z,2026-09-25T03:29:55.981Z,2026-09-29,2026-09-29
7c6c5206-dac7-4342-991d-8beba8a5490b,Skovik,Werkstudent Vertrieb und Marketing,recruitee,non_us,unstated,2026-02-27T14:54:46.000Z,2026-08-31T22:44:54.929Z,2026-09-29,2026-09-29
7c711afd-8213-421a-a25b-976a2e239128,Notion,"Software Engineer Intern, Mobile (Winter 2027)",ashby,us,unstated,2026-09-24T19:58:11.492Z,2026-09-26T07:05:04.000Z,2026-09-29,2026-09-29
7c76badc-aedf-4b3b-a6ed-97e98aa0919f,Street Child,German Fundraising Intern Street Child Germany,workable,non_us,unstated,2026-07-03T00:00:00.000Z,2026-08-03T20:14:29.459Z,2026-09-29,2026-09-29
7ca3afa0-78a1-4a2d-bd7a-6fe112175757,Interpath Advisory,Internship - Financial Restructuring I Consulting,workable,non_us,unstated,2026-09-23T00:00:00.000Z,2026-09-23T21:50:11.367Z,2026-09-29,2026-09-29
7ca8f37e-f12f-4004-9252-b6eed00c7d05,The Quality Group GmbH,Werkstudent (gn) Produktkennzeichnung,greenhouse,non_us,unstated,2026-09-14T14:21:39.000Z,2026-09-28T14:05:37.906Z,2026-09-29,2026-09-29
7cb3856d-0e2c-4ef8-8b4f-7f30b5d1e474,Bauer Entertainment Marketing,Spring 2027 Marketing Internship,breezy,us,unstated,2026-09-16T22:59:28.460Z,2026-09-02T16:45:08.383Z,2026-09-29,2026-09-29
7cbdb1e7-bbf7-4736-9516-8c2340cbbfd0,"Love, Bonito",Fashion Development Intern,workable,non_us,unstated,2026-09-08T00:00:00.000Z,2026-09-08T03:08:51.120Z,2026-09-29,2026-09-29
7cc71e89-f6da-4f6a-9df8-2a8dbc081510,Nuro,"Software Engineer, AI Platform - Intern",greenhouse,us,unstated,2026-08-26T23:07:27.000Z,2026-09-01T19:49:42.441Z,2026-09-29,2026-09-29
7d41b714-2c88-43f5-b64c-1bcfddb88bc2,IRIMED,STAGE PREPRO - Manipulateur d'électroradiologie médicale (H/F),recruitee,non_us,unstated,2026-01-15T12:43:09.000Z,2026-08-31T04:22:46.327Z,2026-09-29,2026-09-29
7d42afe0-65c0-4782-bf5c-cdb96133f093,Zipline,Material Planning Intern (Spring 2027),greenhouse,us,unstated,2026-09-17T17:05:10.000Z,2026-09-19T08:08:31.082Z,2026-09-29,2026-09-29
7d4a3f44-4495-4eac-9d0d-92a8a84391ed,pladis France,Stage Janvier 2027 - Assistant·e Chef·fe de Produits (F/H),recruitee,non_us,unstated,2026-09-16T14:52:28.000Z,2026-09-18T13:29:14.497Z,2026-09-29,2026-09-29
7d4f8ae0-d1ee-4638-a4c8-d2ce34c3ca67,CCM Europe,Werkstudent (gn) im Personalwesen / HR,recruitee,non_us,unstated,2026-09-14T06:48:00.000Z,2026-09-15T06:06:47.738Z,2026-09-29,2026-09-29
7d535291-527f-453c-8a11-71badc39fb70,Het Notarieel,Hbo Stagiaire Ondernemingsrecht,recruitee,non_us,unstated,2026-05-07T12:27:31.000Z,2026-09-02T17:29:04.969Z,2026-09-29,2026-09-29
7d5f2af6-a821-4988-aea8-a8342b636d54,Solarvest,Design Intern,workable,unknown,unstated,2025-06-26T00:00:00.000Z,2026-08-31T20:49:56.751Z,2026-09-29,2026-09-29
7d71d81c-f09f-46b9-97f8-c245c2fae04b,RentVision,Software Engineering Intern,workable,us,unstated,2026-09-21T00:00:00.000Z,2026-09-23T04:37:12.421Z,2026-09-29,2026-09-29
7d7fecc9-4d5c-40e6-82c7-18f89a4fbdb6,Brave,Software Engineering Intern - Waterloo University,greenhouse,non_us,unstated,2026-09-17T19:36:03.000Z,2026-09-04T17:52:49.051Z,2026-09-29,2026-09-29
7d9142a4-465c-41a9-a8be-a4c9c1e80331,Geneva Trading,C++ Developer (Intern),greenhouse,us,unstated,2026-09-24T17:25:39.000Z,2026-09-21T23:55:53.299Z,2026-09-29,2026-09-29
7d9e03b1-c2db-4095-b82c-680a88a5f82a,RF-SMART,Hardware Support Internship - Summer 2027,greenhouse,us,refuses,2026-09-22T18:51:34.000Z,2026-09-09T02:31:14.792Z,2026-09-29,2026-09-29
7daba10c-38ad-40d3-aedb-0b3477742525,LV Collective,Marketing & Partnerships Intern | Rambler Gainesville,workable,us,unstated,2026-09-02T00:00:00.000Z,2026-09-02T14:58:13.984Z,2026-09-29,2026-09-29
7db4cae6-b05d-48bd-bf1d-07f573adf0d8,Porsche Asia Pacific,Intern Marketing Analytics & Digital Enablement,workable,non_us,unstated,2026-09-22T00:00:00.000Z,2026-09-22T14:34:36.528Z,2026-09-29,2026-09-29
7dd555f6-27e3-4d1f-8983-630a89e933ab,Landor,Client Service Intern,greenhouse,non_us,unstated,2026-09-18T01:37:06.000Z,2026-09-07T21:40:55.595Z,2026-09-29,2026-09-29
7de814fc-8fd5-44a5-82fe-413d0bd0b5aa,Biggelaar Groep,Onderzoeksstage Civiele Techniek – Waterveiligheid en Dijkversterking,recruitee,non_us,unstated,2025-09-02T06:49:05.000Z,2026-08-31T04:06:57.572Z,2026-09-29,2026-09-29
7e102fbb-3790-464f-865e-2f52ed98e790,Interpath Advisory,Intern - Transaction Services,workable,unknown,unstated,2026-01-19T00:00:00.000Z,2026-08-31T20:18:41.903Z,2026-09-29,2026-09-29
7e42ad5f-7c2c-4cdf-8aae-2ca971c3c8d5,Normec Foodcare NL,Stagiair(e) Administratie,recruitee,non_us,unstated,2026-06-23T10:48:35.000Z,2026-08-31T22:34:42.824Z,2026-09-29,2026-09-29
7e4ecf14-74d5-4ba3-90dd-cdaca1e4b09c,LABEYRIE FINE FOODS,Stage - Assistant(e) Chef(fe) de Produit International H/F - Paris,recruitee,non_us,unstated,2026-09-22T09:49:27.000Z,2026-09-25T05:45:25.113Z,2026-09-29,2026-09-29
7e535069-b8ea-4389-8c53-abe1046ab1d8,Van Lanschot Kempen,Quant Developer Stage,recruitee,non_us,unstated,2026-04-28T18:23:15.000Z,2026-08-31T13:36:05.822Z,2026-09-29,2026-09-29
7e564a13-f055-44ff-b72e-72358aec2e87,DRW,FPGA Intern,greenhouse,non_us,unstated,2026-08-19T21:04:51.000Z,2026-08-03T20:13:54.595Z,2026-09-29,2026-09-29
7e6c19c5-4ae3-4254-9127-d9a721665161,Retail Insights,Management Graduate Program Intake (French speaker) Retail Insights,greenhouse,non_us,unstated,2026-08-28T05:15:19.000Z,2026-09-08T02:41:43.604Z,2026-09-29,2026-09-29
7e867c90-1786-4e62-b8ec-f248c075baec,Movares,MBO meewerkstage Geodesie,recruitee,non_us,unstated,2026-03-13T13:46:11.000Z,2026-08-31T04:28:33.818Z,2026-09-29,2026-09-29
7e942cea-4817-4cdf-a034-2cfcb2bcfa41,Aspria,Werkstudent Restaurant Service (m/w/d) Teilzeit Aspria Hannover Maschsee,breezy,us,unstated,2026-09-07T13:44:08.988Z,2026-09-01T09:13:57.886Z,2026-09-29,2026-09-29
7eb14aa5-483d-453f-85d0-e38a8e295a53,Vita Green Health Product Company Limited,Human Resources Intern (Part-Time) | Vita Green,workable,non_us,unstated,2026-02-25T00:00:00.000Z,2026-08-31T21:22:48.035Z,2026-09-29,2026-09-29
7eb49fc8-b535-4896-ae87-5b6f68bd3e62,Clay Hospitality,Event Manager Stage - Papa's Beach House,recruitee,non_us,unstated,2026-07-15T10:06:32.000Z,2026-08-31T04:09:36.796Z,2026-09-29,2026-09-29
7ec1b801-48e2-4720-a2fc-b8a5c7c63656,Walibi Holland,HBO stage Operations,recruitee,non_us,unstated,2026-03-12T15:00:28.000Z,2026-08-31T21:32:20.022Z,2026-09-29,2026-09-29
7ee08201-e354-459f-83f5-ee20608121b8,Stevens Capital Management LP - Full Time and Internships,Developer Internship,greenhouse,us,unstated,2026-05-24T05:00:18.000Z,2026-08-31T04:35:23.314Z,2026-09-29,2026-09-29
7f398059-cee4-49bf-acb5-439ce6763911,Exponent Energy,Graphic Design Intern,workable,non_us,unstated,2025-12-01T00:00:00.000Z,2026-08-31T04:34:58.076Z,2026-09-29,2026-09-29
7f75a193-8130-4406-ab52-7207cd112278,TELUS Agriculture & Consumer Goods,Cattle Research Intern (12 months),breezy,unknown,unstated,2026-08-18T21:35:59.886Z,2026-08-31T21:21:54.220Z,2026-09-29,2026-09-29
7f7e2a01-28d2-44fc-8618-084dba5e4534,everdrop GmbH,Praktikum Product Launch Management (m/w/d),recruitee,non_us,unstated,2026-09-14T08:29:02.000Z,2026-09-15T06:36:04.339Z,2026-09-29,2026-09-29
7f91c031-ee65-44cf-bfc9-e849b4d470c0,U-Need GmbH,Werkstudent (m/w/d) Recruiting,recruitee,non_us,unstated,2026-09-01T09:54:50.000Z,2026-09-01T10:47:42.001Z,2026-09-29,2026-09-29
7fa4791b-b2cc-42b7-aa27-b7ca294fe87c,Biggelaar Groep,Leerling Groenvoorziener,recruitee,non_us,unstated,2025-08-04T11:30:36.000Z,2026-08-31T04:06:57.572Z,2026-09-29,2026-09-29
7fb8af35-d789-4451-8c14-280d99868a59,Klant Contact Diensten,HBO Meewerkstage HRM,recruitee,non_us,unstated,2026-06-25T12:32:21.000Z,2026-08-31T04:24:16.009Z,2026-09-29,2026-09-29
7fe9965a-163a-49c4-ad40-24f1b6047be1,cbs Corporate Business Solutions GmbH,Werkstudent - SAP Berechtigungsmanagement (m/w/d),recruitee,non_us,unstated,2026-07-13T11:59:33.000Z,2026-08-31T04:09:44.416Z,2026-09-29,2026-09-29
800005c0-9c8e-4576-9ef2-c8269c0ae0b6,ASM,Intern - Computational Chemistry,greenhouse,non_us,unstated,2026-08-21T10:21:39.000Z,2026-09-16T00:00:02.271Z,2026-09-29,2026-09-29
800b3319-2823-4b85-9b78-8c580f131fe8,Huiskes Kokkeler,Stagiair(e) verhuur (Junior accountmanager),recruitee,non_us,unstated,2026-04-22T08:58:24.000Z,2026-08-31T13:37:20.852Z,2026-09-29,2026-09-29
801a997c-d9e8-4a5d-8bfa-406d66cb1942,PRET A MANGER FR,Assistant Food developer,recruitee,non_us,unstated,2026-09-21T14:52:10.000Z,2026-09-22T12:26:34.817Z,2026-09-29,2026-09-29
801cd834-0431-45bf-a57a-325ba3b81caa,Sage Home Loans Corporation,2027 Summer Intern | Sage Home Loans,greenhouse,us,refuses,2026-09-24T19:17:25.000Z,2026-09-25T03:46:39.867Z,2026-09-29,2026-09-29
802600c7-75ab-43b7-b106-741f030a92a2,Notion,Software Engineer Intern (Winter 2027),ashby,us,unstated,2026-08-14T19:05:18.297Z,2026-09-26T07:05:04.000Z,2026-09-29,2026-09-29
8065b5da-0a58-4353-bdd2-5d6580968680,"Love, Bonito",Supply Chain Intern (Business Operations),workable,non_us,unstated,2026-09-25T00:00:00.000Z,2026-09-26T06:40:00.097Z,2026-09-29,2026-09-29
80766d50-dd37-42fd-a9e6-80a31740ea02,SimplifyNext,Technology Analyst Intern,greenhouse,non_us,unstated,2026-09-23T07:33:53.000Z,2026-08-31T21:21:51.995Z,2026-09-29,2026-09-29
807cd66e-59e4-4ce6-b2fb-8da363c82afb,Arabic.AI,Marketing & Content Intern - Emirati National,workable,non_us,unstated,2026-09-09T00:00:00.000Z,2026-09-09T14:21:59.819Z,2026-09-29,2026-09-29
8086f968-4fbb-426d-9fc7-e055987adfc9,CMS Derks Star Busmann N.V.,Advocaat-stagiaire Corporate/M&A,recruitee,non_us,unstated,2026-06-12T12:16:06.000Z,2026-09-02T17:28:27.381Z,2026-09-29,2026-09-29
80a57f36-732a-4b01-bf8a-75965cf5c240,Boggi Milano,Stage curriculare - Production Engineer stageur,recruitee,non_us,unstated,2026-04-30T13:32:35.000Z,2026-08-31T04:06:57.252Z,2026-09-29,2026-09-29
80b404f5-c253-4f20-8e92-f94c1604436f,NV Advices for Technical Systems,ATS NV -  Internships - Duaal Studenten,recruitee,non_us,unstated,2025-09-16T09:30:43.000Z,2026-08-31T04:05:44.465Z,2026-09-29,2026-09-29
80bc53eb-060a-46f6-a141-a0f37fe2fafc,"Love, Bonito",Social Media & Community Intern (Global),workable,non_us,unstated,2024-08-27T00:00:00.000Z,2026-08-31T20:22:38.281Z,2026-09-29,2026-09-29
80beb4dd-ccc7-41dc-afac-097a81bec493,Observador,Jornalista Rádio - Estágio (m/f),breezy,unknown,unstated,2026-06-11T10:05:14.941Z,2026-08-31T04:32:46.102Z,2026-09-29,2026-09-29
80d530f5-1657-4987-8c8a-f74f91ad19e5,Street Child,Spanish Fundraising Intern - expenses paid,workable,non_us,unstated,2023-12-13T00:00:00.000Z,2026-08-31T04:39:25.414Z,2026-09-29,2026-09-29
80e007d4-e4c3-4282-bdb2-798dff3219c4,SpotLab,Artificial Intelligence Research Internship,recruitee,non_us,unstated,2025-02-04T08:56:13.000Z,2026-08-31T04:38:08.194Z,2026-09-29,2026-09-29
81059776-4a17-4843-9819-0b4fbe0e846d,Zipline,Aerodynamics Intern (Summer 2027),greenhouse,us,unstated,2026-09-17T17:05:10.000Z,2026-09-19T08:08:31.082Z,2026-09-29,2026-09-29
8155f144-420e-434e-9f1a-f11287ffecc3,Stichting Kwintes,Stagiair coördinerend begeleider maatschappelijke opvang,recruitee,non_us,unstated,2026-07-30T15:02:59.000Z,2026-08-31T04:36:39.830Z,2026-09-29,2026-09-29
816a318e-d168-4f87-9373-c0ef2323f038,SEO Sherpa,Search Engine Optimization (SEO) Internship,workable,non_us,unstated,2026-07-10T00:00:00.000Z,2026-08-31T20:13:14.742Z,2026-09-29,2026-09-29
8180f4a7-67a1-401c-9a59-eea413af8f0f,"Sandstone Care - Colorado Springs, Colorado (Outpatient)",Clinical Internship,greenhouse,us,unstated,2026-09-24T13:29:53.000Z,2026-09-02T16:46:56.561Z,2026-09-29,2026-09-29
8183eba3-e901-413f-9425-9fd9236239bd,Hydrite,Engineering Co-Op (Fall 2027),greenhouse,us,unstated,2026-09-08T15:15:11.000Z,2026-09-05T00:02:05.689Z,2026-09-29,2026-09-29
8193f746-c191-426b-8ec4-6240f91c8679,The Clean Fight,Fall/Winter 2026 Internship - Marketing and Outreach,workable,us,unstated,2026-07-31T00:00:00.000Z,2026-08-31T21:06:36.313Z,2026-09-29,2026-09-29
81aac515-f43a-4381-9b08-862fec3b8e32,Benesch,Bridge Design & Structural Engineering Internship,greenhouse,us,unstated,2026-09-15T17:21:57.000Z,2026-09-15T12:10:06.929Z,2026-09-29,2026-09-29
81bdad1a-3a37-4e87-b3fc-55d8869c1b23,Franz Ziel GmbH,Praktikum im Ausbildungsberuf Fachkraft für Lagerlogistik (m/w/d),recruitee,non_us,unstated,2025-10-10T07:55:00.000Z,2026-08-31T04:17:20.337Z,2026-09-29,2026-09-29
81d9d564-bd8e-4e49-9dec-1d95a9258fc6,Lincoln International,Intern M&A - Brussels (March 2027 - June 2027),greenhouse,non_us,unstated,2026-09-17T12:37:51.000Z,2026-09-18T21:05:13.844Z,2026-09-29,2026-09-29
824903f7-4261-46d6-96b3-5bd315362a6e,Epignosis,IT Intern,workable,non_us,unstated,2026-09-14T00:00:00.000Z,2026-09-15T22:26:35.139Z,2026-09-29,2026-09-29
825612ac-2237-4859-a17e-8be24b1abe13,AtriCure,Accounting Co-op,greenhouse,us,unstated,2026-09-27T00:13:18.000Z,2026-09-16T02:11:47.387Z,2026-09-29,2026-09-29
82660f0c-6b3e-47b0-8a23-fa03081c0dbb,Autohive,Product Design Intern,workable,non_us,unstated,2026-08-18T00:00:00.000Z,2026-08-31T04:12:49.642Z,2026-09-29,2026-09-29
8267e9f7-20cc-4935-950d-440f4c47e064,ETW Energietechnik GmbH,Werkstudent Qualitätssicherung (m/w/d),recruitee,non_us,unstated,2026-09-14T10:44:32.000Z,2026-09-15T06:37:36.377Z,2026-09-29,2026-09-29
826b2839-b0be-4d9b-acfb-7bb7acada2ad,"Huawei Technologies Canada Co., Ltd.",Co-op Researcher - LLMs & Computer Vision,recruitee,non_us,unstated,2026-08-21T16:59:17.000Z,2026-08-31T04:21:36.768Z,2026-09-29,2026-09-29
826be76c-0644-4eb8-b561-34e5b83dab65,everdrop GmbH,Stagiair(e) Influencer & Performance Marketing – Dutch Market (m/v/d),recruitee,non_us,unstated,2026-09-28T13:22:22.000Z,2026-09-28T21:13:20.476Z,2026-09-29,2026-09-29
82b27133-6d33-4f9a-b3fd-0e580c73eaed,Porsche Asia Pacific,Intern Sales and Digital Platforms Singapore,workable,non_us,unstated,2026-08-28T00:00:00.000Z,2026-08-31T16:32:22.172Z,2026-09-29,2026-09-29
82cd9040-1e0c-4b0a-9c6b-57797ffcc8c5,Funding Societies | Modalku Group,Account Relationship Intern (Sales Support),workable,non_us,unstated,2025-10-28T00:00:00.000Z,2026-08-31T04:38:02.474Z,2026-09-29,2026-09-29
82debed2-dc9a-48ae-85d4-ecbc0cf53583,DiMercurio Advisors LLC,Tax Intern,breezy,us,unstated,2026-09-12T21:12:46.943Z,2026-09-16T22:24:24.967Z,2026-09-29,2026-09-29
831ad503-91db-4463-b27a-b3e121a616b0,Solutions30 Field Services Süd GmbH,Werkstudent (m/w/d) Recruiting & HR,recruitee,non_us,unstated,2026-08-07T11:58:22.000Z,2026-08-31T04:38:09.573Z,2026-09-29,2026-09-29
83261b8f-53aa-4238-8d31-01f3ce71130e,Funding Societies | Modalku Group,People Advisory & Operations Intern,workable,non_us,unstated,2026-08-27T00:00:00.000Z,2026-08-31T04:38:02.474Z,2026-09-29,2026-09-29
83392282-fe48-4340-a02f-c116df37d3ae,Funding Societies | Modalku Group,Commercial Growth Intern,workable,non_us,unstated,2026-09-24T00:00:00.000Z,2026-09-25T11:52:16.047Z,2026-09-29,2026-09-29
834b376d-eb00-4940-be33-f84cd57a5d05,Isabella Glutenfreie Pâtisserie GmbH & Co. KG,Servicekraft / Barista (m/w/d) - in Hamburg auf VZ/TZ / Werkstudent,recruitee,non_us,unstated,2026-06-27T09:58:19.000Z,2026-08-31T04:24:10.775Z,2026-09-29,2026-09-29
834dd635-edde-4196-86ec-6f8eada8383d,PT Telkomsel Ekosistem Digital,Business Operations & Partnership Intern,workable,non_us,unstated,2026-09-18T00:00:00.000Z,2026-09-19T06:31:13.768Z,2026-09-29,2026-09-29
835e51dd-ce57-4e66-82eb-6ec89ddf07fb,Gérard Bertrand,STAGE - Assistant Trade Marketing (H/F),recruitee,non_us,unstated,2026-05-20T12:55:09.000Z,2026-08-31T04:17:19.032Z,2026-09-29,2026-09-29
83745cac-2740-4616-9893-f61c627e284c,Berenschot Groep B.V.,Stagiair Digital en data,recruitee,non_us,unstated,2026-06-18T12:54:22.000Z,2026-08-31T04:07:08.509Z,2026-09-29,2026-09-29
838139ab-0f08-4a73-bba1-12fdd58a8115,Zipline,Global Supply Management Intern (Summer 2027),greenhouse,us,unstated,2026-09-17T17:05:10.000Z,2026-09-19T08:08:31.082Z,2026-09-29,2026-09-29
83a62d3a-1623-4acc-992f-465cde394c78,Teleport,"Intern, Treasury",workable,non_us,unstated,2026-07-29T00:00:00.000Z,2026-08-31T21:06:08.989Z,2026-09-29,2026-09-29
83a9b47b-c45a-4f45-a98a-7dd8e8313392,The Vascular Care Group,Clinical Support Intern,greenhouse,us,unstated,2026-09-14T20:32:46.000Z,2026-09-15T16:10:32.722Z,2026-09-29,2026-09-29
83ada230-b3b7-4be2-8d8f-04871f2a7458,SpaceX,Spring 2027 Graduate Engineer Internship/Co-op,greenhouse,us,unstated,2026-09-01T23:48:33.000Z,2026-08-03T19:52:15.354Z,2026-09-29,2026-09-29
83b04704-ef7b-4aa6-8657-2b97065a6d1a,Astranis,Reliability Test Intern (Summer 2027),greenhouse,us,refuses,2026-09-25T21:56:45.000Z,2026-09-25T07:27:18.212Z,2026-09-29,2026-09-29
83c545f1-2b50-4ee7-b281-a06218ae4ad5,Street Child,Administration and Communications Intern,workable,unknown,unstated,2026-08-12T00:00:00.000Z,2026-08-13T06:02:14.385Z,2026-09-29,2026-09-29
83e808f4-7482-41e1-b995-f9ffbca214c2,KULT | OLYMP & HADES,Werkstudent (m/w/d) im Verkauf Mode und Bekleidung,recruitee,non_us,unstated,2026-08-10T08:28:31.000Z,2026-08-31T13:37:25.167Z,2026-09-29,2026-09-29
83efc119-537b-474a-973c-2dda78404558,HealthCorps,Teen Health Education Internship,workable,us,unstated,2026-06-25T00:00:00.000Z,2026-08-31T13:39:42.527Z,2026-09-29,2026-09-29
83eff8a6-ccc2-4770-baa1-a7df40855601,Specialisterne,Få besked om næste Specialisterne Academy (Forår 2027),recruitee,non_us,unstated,2026-03-23T10:07:19.000Z,2026-09-07T12:39:14.818Z,2026-09-29,2026-09-29
83fb7051-4d09-4a16-9ab1-276e3c954c16,DRW,Quantitative Research Intern,greenhouse,us,unstated,2026-09-23T16:47:00.000Z,2026-07-31T20:27:09.195Z,2026-09-29,2026-09-29
8425ffcd-b1eb-4f55-819f-dfdf20433b77,BRL Risk Consulting GmbH & Co. KG,Praktikant Data Science / Data Engineering im Bereich Risk Advisory Services,recruitee,non_us,unstated,2024-09-17T07:57:39.000Z,2026-08-31T04:09:35.753Z,2026-09-29,2026-09-29
842cdd40-55b9-451d-b4dd-279e3943f14e,Benesch,Civil Internship #1399,greenhouse,us,unstated,2026-09-21T03:00:04.000Z,2026-09-18T13:26:27.414Z,2026-09-29,2026-09-29
8438c3df-6a54-40be-b566-15c6adab8011,Consigli Construction,Field Operations Co-op (Spring 2027),workable,us,unstated,2026-09-28T00:00:00.000Z,2026-09-29T15:41:07.414Z,2026-09-29,2026-09-29
8440fd5b-ca77-47d2-a04a-d0d8c7f71ae3,Guidepoint,Business Development Intern (Class of 2028),greenhouse,us,unstated,2026-09-08T13:27:48.000Z,2026-09-19T21:55:23.664Z,2026-09-29,2026-09-29
845216d0-d685-496c-8a1b-1373425164b2,IK Partners,Off-Cycle Analyst Intern – Paris,recruitee,non_us,unstated,2026-07-30T08:40:34.000Z,2026-09-02T17:29:01.557Z,2026-09-29,2026-09-29
8458afc2-2e96-45d4-add5-436476cc4908,Liquin,Meewerkstage Maintenance Engineering,recruitee,non_us,unstated,2026-06-17T07:52:32.000Z,2026-09-02T17:29:40.089Z,2026-09-29,2026-09-29
845d6d27-3164-4e59-bf33-a7d2ce4610ca,Monzo,Associate Software Engineer - Intern,greenhouse,non_us,refuses,2026-09-28T10:36:17.000Z,2026-09-29T14:28:03.484Z,2026-09-29,2026-09-29
846e341b-8324-4cd9-a439-e7fd166ac657,Solarvest,Energy Engineer Intern,workable,unknown,unstated,2025-02-24T00:00:00.000Z,2026-08-31T20:49:56.751Z,2026-09-29,2026-09-29
8480499f-57e0-4ed4-b00f-42eb6a010d14,CAELISTIC Ulm GmbH,Werkstudent:in (m/w/d),recruitee,non_us,unstated,2025-10-03T09:56:26.000Z,2026-08-31T04:10:51.678Z,2026-09-29,2026-09-29
8480f6f3-67bd-4e6d-bca9-fc8b08008329,Die Grenze BV,Stage/BBL Amsterdam,recruitee,non_us,unstated,2026-03-16T08:08:08.000Z,2026-08-31T04:12:20.250Z,2026-09-29,2026-09-29
848ea9e6-41ed-48cf-b060-b1f41c5ab7fd,Biggelaar Groep,BBL-leerling beton- en industriebouw,recruitee,non_us,unstated,2025-08-04T09:37:58.000Z,2026-08-31T04:06:57.572Z,2026-09-29,2026-09-29
84a3c6b0-ecb4-409f-bd84-55d41571de90,Method Communications,"Graduate Associate, Public Relations (Paid Internship)",greenhouse,us,unstated,2026-09-22T12:49:39.000Z,2026-09-18T20:36:12.598Z,2026-09-29,2026-09-29
84cfd00b-ad14-4167-b380-a24bb4b75844,Porsche Asia Pacific,Intern Training Academy,workable,non_us,unstated,2026-07-07T00:00:00.000Z,2026-08-31T16:32:22.172Z,2026-09-29,2026-09-29
84d5d7a1-99e0-4be6-9310-2b61ecf0987b,Benesch,Structural Engineering Internship,greenhouse,us,unstated,2026-09-15T17:21:57.000Z,2026-09-15T12:10:06.929Z,2026-09-29,2026-09-29
84d681b3-5be8-42ce-8f06-4555a9ed28bb,Ferm,Stagiair Ferm Kinderopvang Oost-Vlaanderen,recruitee,non_us,unstated,2026-04-08T13:58:43.000Z,2026-09-22T02:17:06.105Z,2026-09-29,2026-09-29
84e6ae28-b291-4a0c-9ef6-5d1e78484176,Security Risk Advisors,Advisory Red Co-op (2027) (US),workable,us,unstated,2026-09-04T00:00:00.000Z,2026-09-04T17:42:57.089Z,2026-09-29,2026-09-29
84fd2e0d-3f09-4373-987e-168fc8e27d31,Miebach Consulting GmbH,Praktikant*in - Simulation,recruitee,non_us,unstated,2024-07-23T06:31:10.000Z,2026-08-31T04:28:32.094Z,2026-09-29,2026-09-29
852ad374-2b94-4ae3-82f8-8614d6dc520e,Appier,Data Analyst Intern,greenhouse,non_us,unstated,2026-09-15T08:52:24.000Z,2026-09-15T17:31:55.321Z,2026-09-29,2026-09-29
856d4ea8-4f43-4a14-899c-4be597bc2949,We Are Social,Intern - Designer,workable,non_us,unstated,2026-06-12T00:00:00.000Z,2026-08-31T20:15:23.618Z,2026-09-29,2026-09-29
857d5212-8f4b-4ebb-bf37-443a73e9f04f,DRW,Software Developer Intern (C++),greenhouse,non_us,unstated,2026-09-10T06:18:09.000Z,2026-07-31T20:27:09.195Z,2026-09-29,2026-09-29
85defd5b-9933-4b23-a3b3-ff26e5b000ac,Normec Foodcare NL,Stagiair(e) Entomologie,recruitee,non_us,unstated,2026-06-29T07:25:54.000Z,2026-08-31T22:34:42.824Z,2026-09-29,2026-09-29
85eb7b28-9f8c-45af-85e6-16f281d9be33,Astranis,Electrical Reliability Intern (Summer 2027),greenhouse,us,refuses,2026-09-25T21:56:42.000Z,2026-09-25T07:27:18.212Z,2026-09-29,2026-09-29
8604ff2d-9055-4aea-8bf5-3df5637aeb28,VirtuHire,Founders Associate Intern,workable,non_us,unstated,2026-03-19T00:00:00.000Z,2026-08-31T21:22:37.233Z,2026-09-29,2026-09-29
86444b2e-a073-41f0-8c86-07085ca1c28b,Middlebury College,Conflict Transformation Collaborative Intern (AY 26-27 901967),workable,us,unstated,2026-07-28T00:00:00.000Z,2026-08-31T20:24:17.480Z,2026-09-29,2026-09-29
86801129-6b35-45da-8cc3-be06b91f44f8,Gemiva,Stage communicatieafdeling Gemiva mbo/hbo,recruitee,non_us,unstated,2026-06-30T10:50:11.000Z,2026-09-02T17:28:43.206Z,2026-09-29,2026-09-29
868e42b6-9aa3-4f10-9f97-321b2f71490f,"Gravitics, Inc",Mechanical Engineering Intern (2027),greenhouse,us,refuses,2026-09-10T16:43:35.000Z,2026-09-04T23:56:42.542Z,2026-09-29,2026-09-29
8694c30f-b674-45bb-a015-38ea294cce8a,AlixPartners,Help Desk Intern,greenhouse,us,refuses,2026-09-16T13:05:37.000Z,2026-09-18T13:19:03.932Z,2026-09-29,2026-09-29
86b00515-5c39-4d12-90bf-cffb776ba8ea,enomyc GmbH,Praktikant Consulting (w/m/d) | Headquarter Hamburg und Stuttgart,recruitee,non_us,unstated,2026-08-06T09:55:18.000Z,2026-09-19T07:33:37.074Z,2026-09-29,2026-09-29
86b2e038-75d8-4c4a-a838-f54b77cb9608,Destinus,HR Reporting and Process Intern,workable,non_us,unstated,2026-07-22T00:00:00.000Z,2026-08-31T04:29:29.187Z,2026-09-29,2026-09-29
86d38eb6-a23e-4f98-9e02-a769300b567c,Gérard Bertrand,STAGE - Assistant(e) E-commerce et Acquisition Digitale,recruitee,non_us,unstated,2026-07-13T10:05:00.000Z,2026-08-31T04:17:19.032Z,2026-09-29,2026-09-29
871aeb57-e623-4fbe-b2a7-b28c8d9577e5,BarentsKrans,Gevorderd advocaat-stagiaire / beginnend medewerker EU & Competition,recruitee,non_us,unstated,2026-07-30T12:40:52.000Z,2026-08-31T04:06:59.287Z,2026-09-29,2026-09-29
87280e69-dc21-4509-a45a-c61c115d4240,Guess Europe Sagl,IT intern,workable,non_us,unstated,2026-08-25T00:00:00.000Z,2026-08-31T13:36:20.591Z,2026-09-29,2026-09-29
876349d2-816f-4d26-8bd4-de6255de6a05,Prijsvrij Vakanties,Stage Product & Supply,recruitee,non_us,unstated,2026-02-09T13:55:49.000Z,2026-08-31T04:32:38.894Z,2026-09-29,2026-09-29
877ab7ec-19e5-4b04-8e34-aee4b7f6eeab,FIRY,"Co-op, Workforce Analytics",greenhouse,us,unstated,2026-09-14T14:47:21.000Z,2026-09-03T17:10:56.848Z,2026-09-29,2026-09-29
87a571b2-7ff9-4c83-9455-04b08f0f3b51,CESI,Stage M 2 : Jumeau numérique de convoyeur industriel H/F,recruitee,non_us,unstated,2026-06-23T07:59:59.000Z,2026-08-31T04:09:41.734Z,2026-09-29,2026-09-29
87c4e1bf-e9bc-4247-8785-c856685019ac,AlixPartners,Strategy & Analysis - MBA Intern,greenhouse,us,refuses,2026-09-01T14:11:43.000Z,2026-09-15T11:09:16.408Z,2026-09-29,2026-09-29
87f15316-0723-43bc-adcc-40cf3d90ecf5,Rush Street Interactive,People Team Intern,greenhouse,non_us,unstated,2026-09-21T14:45:56.000Z,2026-09-08T02:41:43.578Z,2026-09-29,2026-09-29
87f3f71d-d888-4d23-8433-fa22a8583193,Consigli Construction,Project Management Intern (Summer 2027),workable,us,unstated,2026-08-26T00:00:00.000Z,2026-08-31T04:24:01.655Z,2026-09-29,2026-09-29
87f57065-2fdb-4d1f-b43e-a311cbb471df,Cello,"Stageplek Studentenbende  -  regio Vught, Rosmalen en Den Bosch (onderzoek/ project/vraagstukken)",recruitee,non_us,unstated,2026-06-25T07:32:36.000Z,2026-08-31T04:09:41.112Z,2026-09-29,2026-09-29
88092bdf-6384-4443-b0e6-1fdeda56df1c,ARCUS Planung + Beratung Bauplanungsgesellschaft mbH,"Werkstudent (w/m/d) - im Bereich Elektro-, Automations- und Leittechnik",recruitee,non_us,unstated,2026-01-21T11:50:34.000Z,2026-08-31T21:54:45.688Z,2026-09-29,2026-09-29
881df9ac-4c4f-45f3-a010-9b05a18294fc,Gallup,Product Design Intern — Summer 2027,greenhouse,unknown,refuses,2026-09-16T19:14:15.000Z,2026-09-19T10:26:35.376Z,2026-09-29,2026-09-29
88a8aee5-f0cf-4cfc-9ccc-ce06432576be,Consigli Construction,Estimating Intern (Summer 2027),workable,us,unstated,2026-08-26T00:00:00.000Z,2026-08-31T04:24:01.655Z,2026-09-29,2026-09-29
88aa8d33-7595-43ab-8817-c80143bc1809,Neuralink,"Embedded Software Engineer Intern, Implant Embedded Systems",greenhouse,us,unstated,2026-09-25T01:18:21.000Z,2026-09-08T00:24:09.614Z,2026-09-29,2026-09-29
88b5d452-de1d-4b43-9588-7e8f24e8dbf7,Bartiméus,Stage Accessibility (Expertise en Adviesbureau),recruitee,non_us,unstated,2026-06-15T11:18:00.000Z,2026-08-31T04:06:59.261Z,2026-09-29,2026-09-29
88d4cdf6-97c9-4aa1-8bbe-30aa4b4e391e,Retail Insights,Management Graduate Program Intake (German speaker) Retail Insights,greenhouse,non_us,unstated,2026-08-28T05:15:20.000Z,2026-09-08T02:41:43.604Z,2026-09-29,2026-09-29
8916688f-ba15-414a-8d7f-d989165c9b1c,Consigli Construction,Project Management Co-op (Spring 2027),workable,us,unstated,2026-07-06T00:00:00.000Z,2026-08-31T04:24:01.655Z,2026-09-29,2026-09-29
891c5755-b98d-4a00-96f9-23e9206f5242,Two95 International Inc.,Talent Acquisition Internship,workable,unknown,unstated,2026-04-16T00:00:00.000Z,2026-08-31T21:09:07.765Z,2026-09-29,2026-09-29
891cd77c-751c-4fd2-8352-0c466f77dedc,Curi Capital,Wealth Management Intern,greenhouse,us,unstated,2026-09-16T22:24:37.000Z,2026-09-18T01:27:51.705Z,2026-09-29,2026-09-29
892aeef4-a913-4cdc-b873-4b5d1cae9112,Retail Insights,Marketing Internship at Retail Insights,greenhouse,non_us,unstated,2026-08-28T05:17:04.000Z,2026-09-08T02:41:43.604Z,2026-09-29,2026-09-29
89335d16-a0f8-4e3e-a833-16b390719472,EQT Corporation,Environmental Intern,greenhouse,us,unstated,2026-09-21T18:27:30.000Z,2026-09-24T16:03:56.311Z,2026-09-29,2026-09-29
895e7997-7550-49f4-851d-dd1038abd475,ABRIO GmbH,Praktikum HR – Recruiting & Employer Branding (m/w/d),recruitee,non_us,unstated,2026-09-24T13:26:14.000Z,2026-09-25T14:35:50.210Z,2026-09-29,2026-09-29
89726f2b-ddba-42d9-93fa-60b01b9034df,Die Grenze BV,Stage/BBL Sneek,recruitee,non_us,unstated,2024-10-21T10:23:50.000Z,2026-08-31T04:12:20.250Z,2026-09-29,2026-09-29
89b1b1df-e277-4666-a943-fed4b43a14c1,Movares,Meewerkstage Stedenbouw,recruitee,non_us,unstated,2026-03-25T10:42:38.000Z,2026-08-31T04:28:33.818Z,2026-09-29,2026-09-29
89be35f1-c8de-491b-b5a4-e9a114ad9387,Bright Harbor Healthcare,Peer Recovery Coach Intern,workable,us,unstated,2026-07-24T00:00:00.000Z,2026-08-31T04:18:21.930Z,2026-09-29,2026-09-29
8a29b582-3150-4ec8-ab6f-2aa9f0352d7a,DiMercurio Advisors LLC,Accounting Intern,breezy,us,unstated,2026-09-12T17:22:33.903Z,2026-09-16T22:24:24.967Z,2026-09-29,2026-09-29
8ab2be1a-5b3c-46b2-9eab-a007e07958a8,ChargePoint,Power Systems Control Intern,greenhouse,us,unstated,2026-09-22T18:48:01.000Z,2026-09-09T23:13:28.133Z,2026-09-29,2026-09-29
8ae10e21-9ddf-4ff7-b987-e2abde2966e4,General Matter,Summer 2027 Internship - Supply Chain,greenhouse,us,unstated,2026-09-21T23:44:20.000Z,2026-09-19T13:54:56.300Z,2026-09-29,2026-09-29
8af617dd-f73c-4b05-a24c-55b99989d510,Hydrite,Part-Time QC Lab Intern (Winter - Summer 2027),greenhouse,us,unstated,2026-08-25T21:43:40.000Z,2026-08-31T13:35:59.387Z,2026-09-29,2026-09-29
8b0968f7-83e1-4c47-9a56-e7b04d99e2d6,CFO Insights,Global Internship Program (German speaker) CFO Insights,greenhouse,non_us,unstated,2026-08-28T05:15:21.000Z,2026-09-17T14:33:08.074Z,2026-09-29,2026-09-29
8b288cae-3f3d-433a-8561-c516417522a6,Third Bridge,"Associate Intern, Korean Speaker_Hong Kong",greenhouse,non_us,unstated,2026-07-08T13:00:51.000Z,2026-09-28T15:39:44.022Z,2026-09-29,2026-09-29
8b2a5a0c-5350-40e6-8923-3c9cbf30ebd7,My Jewellery,International Marketing/PR Internship (FR),recruitee,non_us,unstated,2025-05-28T15:18:23.000Z,2026-08-31T04:31:26.425Z,2026-09-29,2026-09-29
8b430e34-e326-4509-8129-789c67e8b1e8,AlphaSights,"Internship (m/w/d), Client Service, German Speaker, 2027",greenhouse,non_us,unstated,2026-08-25T14:46:43.000Z,2026-09-15T09:26:29.832Z,2026-09-29,2026-09-29
8b6dd89b-4d62-46d0-965a-2f550ea7eaee,F.H. Paschen,Construction Intern - Columbus Summer 2027,workable,us,unstated,2026-08-21T00:00:00.000Z,2026-08-31T04:34:43.688Z,2026-09-29,2026-09-29
8b7670ee-2d11-4318-b625-1e19624f638d,Biggelaar Groep,BBL-leerling Grondwerker,recruitee,non_us,unstated,2025-08-04T11:28:02.000Z,2026-08-31T04:06:57.572Z,2026-09-29,2026-09-29
8b8a5913-41a4-416a-94de-6aa5e58108a2,Consigli Construction,Estimating Intern (Summer 2027),workable,us,unstated,2026-08-26T00:00:00.000Z,2026-08-31T04:24:01.655Z,2026-09-29,2026-09-29
8b98aa6c-8af4-4ff1-ae93-f571acff8651,OTIV,Internship Engineering,workable,non_us,unstated,2024-10-02T00:00:00.000Z,2026-08-31T21:33:42.695Z,2026-09-29,2026-09-29
8bce26f3-4755-4939-ba8d-f8b029e4171a,Biggelaar Groep,Leerling Grondwerker,recruitee,non_us,unstated,2025-08-04T07:27:50.000Z,2026-08-31T04:06:57.572Z,2026-09-29,2026-09-29
8bed678e-4110-4a7c-9543-1facc7ae6bdd,Mission North,PR Intern,greenhouse,us,unstated,2026-08-20T18:56:16.000Z,2026-09-08T00:24:08.466Z,2026-09-29,2026-09-29
8bf54683-0445-4170-8472-4108b852597d,Townsquare Media,Part-Time Radio & Digital Media Internship – NYS Broadcaster,greenhouse,us,unstated,2026-09-25T14:47:35.000Z,2026-09-29T15:42:49.265Z,2026-09-29,2026-09-29
8c11e695-af9e-4b1e-a676-31096e3ca7fd,Televic Rail,"THESIS - Optimizing reliability, lifetime and power usage in LED displays",recruitee,non_us,unstated,2026-03-18T09:42:39.000Z,2026-09-02T19:48:40.321Z,2026-09-29,2026-09-29
8c12c44d-c4d9-4231-a8bd-3d35c18ad5d7,DRW,Software Developer Intern,greenhouse,us,unstated,2026-09-24T20:00:30.000Z,2026-07-31T20:27:09.195Z,2026-09-29,2026-09-29
8c2468b9-b47b-450a-8bd0-dace97c254fc,Costello Medical,Statistician Intern,workable,us,refuses,2026-05-27T00:00:00.000Z,2026-08-31T04:25:15.274Z,2026-09-29,2026-09-29
8c3969d8-498a-4727-bef1-d418d23b31ca,Friday Recruitment,Afstudeerstage Maintenance Processen en Data,recruitee,non_us,unstated,2026-09-26T10:11:35.000Z,2026-09-26T23:14:24.997Z,2026-09-29,2026-09-29
8c521200-2295-4d8c-9af6-c29fb3a7b7c8,Institut Mines-Télécom,Offre de stage : Electronique flexible pour interfaçage de capteur de gaz portable - 3 à 5 mois,recruitee,non_us,unstated,2026-07-10T08:31:38.000Z,2026-08-31T04:21:43.966Z,2026-09-29,2026-09-29
8c60acd6-8c02-4d71-a744-bfb3019b52e0,Audax Group,IT Operations Co-Op,greenhouse,us,unstated,2026-09-24T19:24:11.000Z,2026-09-16T02:48:00.083Z,2026-09-29,2026-09-29
8c79e7f1-726f-4df2-9b2a-c996c9eca249,Zipline,Maintenance Tool Engineering Intern (Spring 2027),greenhouse,us,refuses,2026-09-17T17:05:10.000Z,2026-09-19T08:08:31.082Z,2026-09-29,2026-09-29
8c99479b-ad1f-4852-a25b-f967b5f88cdf,Friday Recruitment,Meewerkstage Kennisdeling en Instructievideo,recruitee,non_us,unstated,2026-09-25T09:51:59.000Z,2026-09-26T23:14:24.997Z,2026-09-29,2026-09-29
8cab2390-f46b-4b82-a2c4-8ea58b355a23,Die Grenze BV,Stage/BBL Klazienaveen,recruitee,non_us,unstated,2024-10-21T10:22:10.000Z,2026-08-31T04:12:20.250Z,2026-09-29,2026-09-29
8cb192b2-3af9-43fa-abad-fc03a844533b,Studyportals,Finance Intern - February 2027 start,workable,non_us,unstated,2026-09-22T00:00:00.000Z,2026-09-24T12:10:56.428Z,2026-09-29,2026-09-29
8cb5cdbd-dc4d-4459-8929-86c0434a469c,Perry Homes,2027 Summer Internship - Options Analyst,workable,us,unstated,2026-09-04T00:00:00.000Z,2026-09-04T17:21:23.474Z,2026-09-29,2026-09-29
8cb8cbf0-3d92-4330-8a72-5333589f426d,Monsterscore,Stageplaats Projectmanagement & Events,recruitee,non_us,unstated,2025-06-27T10:04:38.000Z,2026-08-31T04:27:13.968Z,2026-09-29,2026-09-29
8cdef2cc-8739-4c6e-8e7a-2269e6369ceb,Solarvest,Internship - Legal & Licensing Department,workable,non_us,unstated,2025-07-14T00:00:00.000Z,2026-08-31T20:49:56.751Z,2026-09-29,2026-09-29
8ce953e1-9a39-43ec-857f-6cc9961dfa42,Nacre Capital,Operations Intern,workable,non_us,unstated,2026-09-14T00:00:00.000Z,2026-09-16T05:41:54.447Z,2026-09-29,2026-09-29
8cf1910f-9782-4ae4-a0c1-08b699d1677a,Consultport,Growth Marketing Intern (m/f/d),recruitee,non_us,unstated,2025-01-08T17:12:31.000Z,2026-08-31T04:10:52.694Z,2026-09-29,2026-09-29
8cf5ce4d-8bab-4a84-b3a8-371678850192,Solarvest,Project Management Intern (PG),workable,unknown,unstated,2025-01-13T00:00:00.000Z,2026-08-31T20:49:56.751Z,2026-09-29,2026-09-29
8d021242-9179-4783-aeb1-39845fdf6995,Ferm,Stagiair Ferm Kinderopvang West-Vlaanderen,recruitee,non_us,unstated,2026-04-08T13:46:47.000Z,2026-09-22T02:17:06.105Z,2026-09-29,2026-09-29
8d2ccb00-67cb-4084-97f9-c3aaf184ef68,xalution,Praktikum Consulting (m/w/d),recruitee,non_us,unstated,2024-06-04T07:15:18.000Z,2026-09-01T10:44:56.960Z,2026-09-29,2026-09-29
8d6b9be3-9860-421d-805e-ee63c557867f,Destinus,Intern - ML for Computational Fluid Dynamics,workable,non_us,unstated,2026-09-07T00:00:00.000Z,2026-09-07T21:20:08.608Z,2026-09-29,2026-09-29
8d7b20b5-1777-4db4-b811-8138d05b16a9,BERNARD Gruppe,Werkstudent (m/w/d) Verkehrstechnik,recruitee,non_us,unstated,2026-09-16T11:47:42.000Z,2026-09-18T03:48:29.236Z,2026-09-29,2026-09-29
8d959ffe-21f6-4b71-b0a5-c5e695d50b7c,EIGHT ADVISORY SAS,Strategy - Energy Infrastructure - Intern,recruitee,non_us,unstated,2026-08-11T07:48:23.000Z,2026-09-01T05:52:14.247Z,2026-09-29,2026-09-29
8d960cf5-dcd8-448e-a702-d4c4b3f0cd34,Retail Insights,Business Analyst Internship at Retail Insights,greenhouse,non_us,unstated,2026-08-28T05:17:02.000Z,2026-09-08T02:41:43.604Z,2026-09-29,2026-09-29
8da381d3-ba48-4264-a84f-fb36f7954edc,Zipline,Electrical Engineer Intern (Summer 2027),greenhouse,us,unstated,2026-09-17T17:05:10.000Z,2026-09-19T08:08:31.082Z,2026-09-29,2026-09-29
8daef0b4-8afe-4382-82c8-00dadcd8b209,Friday Recruitment,Onderzoeks- of Afstudeerstage Opleidingsplan Service Engineers,recruitee,non_us,unstated,2026-09-25T09:49:05.000Z,2026-09-26T23:14:24.997Z,2026-09-29,2026-09-29
8db95bf0-01f4-42f1-850f-406cdcab52db,Avant groep,Werkstudent Tax,recruitee,non_us,unstated,2025-07-11T10:08:21.000Z,2026-09-02T16:18:38.458Z,2026-09-29,2026-09-29
8dd03299-9d2c-4c6e-af02-c3ce3d1ff775,Hydrite,EHS Intern (Summer 2027),greenhouse,us,unstated,2026-09-09T20:24:35.000Z,2026-09-10T00:47:09.065Z,2026-09-29,2026-09-29
8ddbd031-ab89-4174-b37c-2aeadbeb0f28,2070Health,Intern - Knowledge Management,workable,non_us,unstated,2025-09-11T00:00:00.000Z,2026-08-31T04:04:47.909Z,2026-09-29,2026-09-29
8de371b4-cbd0-4f88-82d9-51936d5f8841,Normec Foodcare NL,Stagiair(e) Marketing - Voedselveiligheid en Labanalyses,recruitee,non_us,unstated,2026-06-09T13:48:11.000Z,2026-08-31T22:34:42.824Z,2026-09-29,2026-09-29
8de60c91-76e6-4904-9d0c-6198af86cb4b,HG International b.v.,Digital Content & E-commerce Intern,recruitee,non_us,unstated,2026-09-18T09:14:30.000Z,2026-09-18T09:27:08.380Z,2026-09-29,2026-09-29
8df1b8cb-3fb9-451c-861a-419abc4b477b,ALKU,Sales Internship Program,greenhouse,us,refuses,2026-09-25T15:25:55.000Z,2026-09-01T19:02:52.178Z,2026-09-29,2026-09-29
8df76a92-a8fb-4a14-ba02-9c7df387c1f3,AlphaSights,"Summer Associate, Client Service, Spanish Speaker (NY)",greenhouse,us,refuses,2026-08-13T09:26:38.000Z,2026-09-15T09:26:29.832Z,2026-09-29,2026-09-29
8e086779-8b11-4d6b-be0a-7d3430934a27,SA Destination Nancy,Candidature Spontanée Stage,recruitee,non_us,unstated,2025-04-04T08:47:00.000Z,2026-08-31T04:13:38.056Z,2026-09-29,2026-09-29
8e4e328d-40ce-49b2-821d-338b03f62470,Vivium,VA Verpleegkunde,recruitee,non_us,unstated,2024-03-05T16:06:00.000Z,2026-08-31T13:36:00.478Z,2026-09-29,2026-09-29
8e5a47f3-615a-4d17-88b5-5d76adf75520,Monday Merch,Content Marketing Internship 2027 | Fast growing scale-up,recruitee,non_us,unstated,2025-05-05T08:23:20.000Z,2026-08-31T04:28:35.756Z,2026-09-29,2026-09-29
8e71894c-e517-445a-80c6-6401645fb99c,talentpluto,Backend Engineering Intern,workable,us,unstated,2026-09-15T00:00:00.000Z,2026-09-18T00:04:43.583Z,2026-09-29,2026-09-29
8e88282f-728c-4820-8d07-3c602d0b5931,Zipline,Data Analytics Intern (Spring 2027),greenhouse,us,refuses,2026-09-17T17:05:10.000Z,2026-09-19T08:08:31.082Z,2026-09-29,2026-09-29
8ebe6c37-94ca-4a2f-a180-44cd09d19a6e,NetEase Games,SG Campus Recruitment - General Intern Opportunities,greenhouse,non_us,unstated,2026-09-15T07:01:37.000Z,2026-09-09T02:59:06.107Z,2026-09-29,2026-09-29
8ed94070-46bb-451a-a6ff-fccf424b32b1,Kevin Kehr,Studentisches Praktikum Finanzberatung & Vertrieb,recruitee,non_us,unstated,2026-09-28T05:45:44.000Z,2026-09-29T15:58:20.138Z,2026-09-29,2026-09-29
8ee76454-5d28-4dfd-af30-b62689f1ed9d,Viam,Software Engineering Intern (Summer 2027),greenhouse,us,unstated,2026-09-10T20:19:32.000Z,2026-09-09T01:02:16.107Z,2026-09-29,2026-09-29
8eefaceb-2c37-486d-a29c-34d8238e596f,Bayut | dubizzle,Machine Learning - Intern,workable,non_us,unstated,2026-05-04T00:00:00.000Z,2026-08-31T04:14:35.361Z,2026-09-29,2026-09-29
8f0834a8-7156-4d0c-8181-64f79021f04f,EBC Group,Receptionist / Administrative Assistant (Internship),workable,non_us,unstated,2026-06-25T00:00:00.000Z,2026-09-19T08:06:20.359Z,2026-09-29,2026-09-29
8f09c438-e880-4e78-89e7-32cfa521b44c,Retail Insights,Danish Speaker email marketing internship,greenhouse,non_us,unstated,2026-08-28T05:15:04.000Z,2026-09-08T02:41:43.604Z,2026-09-29,2026-09-29
8f0f13f1-1388-4c05-b375-d49b185b9738,Motodynamics,E-commerce Intern,workable,non_us,unstated,2026-04-02T00:00:00.000Z,2026-08-31T20:25:20.203Z,2026-09-29,2026-09-29
8f1a261e-04a5-4e26-b25b-29db2476afde,Zipline,Technical Program Manager Intern (Spring 2027),greenhouse,us,unstated,2026-09-17T17:05:10.000Z,2026-09-19T08:08:31.082Z,2026-09-29,2026-09-29
8f732477-8bf7-4f5e-94df-728d5207c502,Spotawheel,Accounting Intern,workable,non_us,unstated,2026-09-23T00:00:00.000Z,2026-09-24T11:52:51.770Z,2026-09-29,2026-09-29
8f7445c7-44f0-42a6-bdb6-3ab34089d1cd,Lippe Personal GmbH,Werkstudent KI & Automatisierung (m/w/d),recruitee,non_us,unstated,2026-08-12T09:33:26.000Z,2026-08-31T04:25:34.245Z,2026-09-29,2026-09-29
8fa2f4f4-fce9-411b-9f75-889f7a554126,Odyssey Hotel Group,Front Office Intern - Jan 2027,recruitee,non_us,unstated,2026-09-21T08:17:25.000Z,2026-09-22T04:47:24.010Z,2026-09-29,2026-09-29
8fc601d0-2058-4bca-8077-b3c282fe4983,Nord-Ostsee Automobile,Praktikum im Center Heide (m/w/d),recruitee,non_us,unstated,2026-07-10T12:33:12.000Z,2026-09-02T17:29:57.069Z,2026-09-29,2026-09-29
8fd1a8e7-06d7-4d12-ba04-b4bba5ecbbbd,Consigli Construction,Project Management Intern (Summer 2027),workable,us,unstated,2026-08-26T00:00:00.000Z,2026-08-31T04:24:01.655Z,2026-09-29,2026-09-29
8fffd5dc-2a77-4b5b-aa25-acf9de83b07d,Stoke Space,Summer 2027 Internship - Engineering,greenhouse,us,refuses,2026-09-10T15:33:33.000Z,2026-09-08T04:27:45.030Z,2026-09-29,2026-09-29
90262498-6a73-4cd4-b90f-52e22b6ae42d,Die Grenze BV,Stage/BBL Emmen de Baander,recruitee,non_us,unstated,2024-10-21T10:18:17.000Z,2026-08-31T04:12:20.250Z,2026-09-29,2026-09-29
903405ac-d173-4e19-983a-9a58f419bf2a,Kaufman Rossin,Accounting Intern - Spring 2027,workable,us,unstated,2026-09-01T00:00:00.000Z,2026-09-01T20:11:41.280Z,2026-09-29,2026-09-29
90386a2f-9fe3-4ea7-9cb7-e04b89b3422f,CURRENTA GRUPPE,Werkstudent im Asset Management Energy (m/w/d),recruitee,non_us,unstated,2026-09-18T14:15:23.000Z,2026-09-19T07:28:18.359Z,2026-09-29,2026-09-29
9039cd0e-92ab-4719-8856-eaed14ea8c0c,EIGHT ADVISORY SAS,Transaction Services & Restructuring - Stagiaire de fin d'études,recruitee,non_us,unstated,2026-02-16T10:11:06.000Z,2026-09-01T05:52:14.247Z,2026-09-29,2026-09-29
90466e63-33df-4a10-9bad-e5f6a4cda535,Focus Global Inc.,Finance Intern,breezy,unknown,unstated,2026-09-09T01:14:11.588Z,2026-09-09T03:09:16.238Z,2026-09-29,2026-09-29
905412a6-c20e-414e-8a0b-03f69aec9299,Zipline,Maps Intern (Summer 2027),greenhouse,us,unstated,2026-09-17T17:05:10.000Z,2026-09-19T08:08:31.082Z,2026-09-29,2026-09-29
906a7c36-8e73-4bdc-adcf-272dfb25e76d,VEAXO Unternehmensgruppe,"Werksstudent:in Wirtschaftsingenieurwesen / Wirtschaftsinformatik (m/w/d) - Minijob, Praktikum oder Abschlussarbeit",recruitee,non_us,unstated,2026-03-13T10:06:47.000Z,2026-08-31T22:49:41.228Z,2026-09-29,2026-09-29
906f46cb-511a-4169-aecb-bf58e7b3ec98,StepStone Group,2027 Private Equity Summer Analyst,greenhouse,unknown,unstated,2026-08-25T19:58:53.000Z,2026-09-01T19:59:22.656Z,2026-09-29,2026-09-29
907387d3-87eb-411b-9672-726e7aa05901,Zipline,Community Engagement Intern (Spring 2027),greenhouse,us,refuses,2026-09-17T17:05:10.000Z,2026-09-19T08:08:31.082Z,2026-09-29,2026-09-29
90981995-55ad-4e33-8260-4dc09c54b50e,SingleStore,MIT- Software Engineer Intern | Engine,greenhouse,us,offers,2026-09-22T22:40:55.000Z,2026-09-22T01:09:59.893Z,2026-09-29,2026-09-29
90d1468f-6b3c-4854-8b32-01e56dd44f81,BarentsKrans,Werkstudent Notariaat Vastgoed,recruitee,non_us,unstated,2026-06-22T15:50:33.000Z,2026-08-31T04:06:59.287Z,2026-09-29,2026-09-29
90d97a61-8473-45bf-a381-fce0851adb7c,Rentokil Initial,Business Admin Intern - Glenmarie,workable,unknown,unstated,2026-09-07T00:00:00.000Z,2026-09-07T07:58:52.144Z,2026-09-29,2026-09-29
910afdcf-97e2-4bb4-8b24-aa8c3c5bb4ee,Houthoff,Student-stagiaire Rotterdam,recruitee,non_us,unstated,2025-04-24T07:44:41.000Z,2026-08-31T04:21:36.778Z,2026-09-29,2026-09-29
9145e3ff-7782-429f-9670-c3d8edb06494,Nord-Ostsee Automobile,Praktikum im Center Hamburg-Alstertal (m/w/d),recruitee,non_us,unstated,2026-07-14T13:36:09.000Z,2026-09-02T17:29:57.069Z,2026-09-29,2026-09-29
9156211f-03c7-4086-8483-c0f98222c376,Funding Societies | Modalku Group,Marketing Communications Intern,workable,non_us,unstated,2026-07-08T00:00:00.000Z,2026-08-31T04:38:02.474Z,2026-09-29,2026-09-29
91719bd2-e240-4c20-9072-df15449ed2ff,"Huawei Technologies Canada Co., Ltd.",Intern Researcher - AI,recruitee,non_us,unstated,2026-06-22T18:46:32.000Z,2026-08-31T04:21:36.768Z,2026-09-29,2026-09-29
9180ada8-3e33-4d20-8a4e-3d21b7eae85d,Camen Behavioral Services,RBT - Registered Behavior Technician Internship Program,workable,us,unstated,2026-01-22T00:00:00.000Z,2026-08-31T04:18:04.242Z,2026-09-29,2026-09-29
91a78f8d-cec7-4fea-8992-5e787d201e21,DRW,Leadership Rotation Network Intern,greenhouse,us,refuses,2026-09-22T21:21:43.000Z,2026-08-03T20:13:54.595Z,2026-09-29,2026-09-29
91b77c7c-fa68-4c58-858a-acd3e04e622f,Genetec,Applications pour les stages d'hiver / Applications for winter internship,workable,non_us,unstated,2026-09-17T00:00:00.000Z,2026-09-18T19:50:51.781Z,2026-09-29,2026-09-29
91cc9165-6f64-4443-91b1-3c76b763600b,Neuralink,IT Systems Administrator Intern,greenhouse,us,unstated,2026-09-25T01:18:21.000Z,2026-09-08T00:24:09.614Z,2026-09-29,2026-09-29
91d224f2-94d7-44e8-ad5b-02d5c656e398,AMODA,Junior Structural Engineer (Internship),workable,non_us,unstated,2026-08-14T00:00:00.000Z,2026-08-31T04:08:43.557Z,2026-09-29,2026-09-29
91e652d0-4e9e-4e8f-972a-2b33b1e38466,Astranis,RF Validation Intern (Winter 2027),greenhouse,us,refuses,2026-09-25T22:43:17.000Z,2026-09-25T07:27:18.212Z,2026-09-29,2026-09-29
91ec1e2c-e525-4f06-9a13-6a4de346d2a1,Kevin Kehr,"Werkstudent (m/w/d) – Finance & Beratung (unternehmerisch, leistungsbasiert)",recruitee,non_us,unstated,2026-09-28T05:41:22.000Z,2026-09-29T15:58:20.138Z,2026-09-29,2026-09-29
91f9ec18-938d-499d-a110-5363b1ba9279,Cornelissen Aannemingsbedrijf B.V.,Stage,recruitee,non_us,unstated,2024-08-16T09:17:29.000Z,2026-08-31T04:10:55.805Z,2026-09-29,2026-09-29
920c653a-e07c-4a89-ab3f-52d677e8cd28,CoVar,Machine Learning Internship Summer 2027,greenhouse,us,unstated,2026-09-16T21:48:23.000Z,2026-09-18T01:27:53.715Z,2026-09-29,2026-09-29
9233511a-40f9-480f-8eec-9f792a5afb8a,The Borgen Project,Political Affairs Internship,breezy,unknown,unstated,2025-09-24T07:10:00.239Z,2026-08-31T21:21:53.110Z,2026-09-29,2026-09-29
924e658d-2e5a-4416-9cad-f633e7372b5c,Consigli Construction,Field Operations Intern (Summer 2027),workable,us,unstated,2026-08-26T00:00:00.000Z,2026-08-31T04:24:01.655Z,2026-09-29,2026-09-29
926a1722-f0fe-431d-b691-0e4be3b86188,EQT Corporation,Geology Intern,greenhouse,us,unstated,2026-09-17T18:39:28.000Z,2026-09-15T01:04:57.437Z,2026-09-29,2026-09-29
9273617a-5baa-4a27-b411-63b710510308,Astranis,Software Defined Radio Hardware Intern (Summer 2027),greenhouse,us,refuses,2026-09-25T21:56:51.000Z,2026-09-25T07:27:18.212Z,2026-09-29,2026-09-29
9289bbb7-4d00-494c-885c-cb1805cf2f26,Elve Inc,Internship: General Application,workable,us,unstated,2026-06-02T00:00:00.000Z,2026-08-31T04:31:05.955Z,2026-09-29,2026-09-29
92bb9e75-9367-46e0-b9e3-df76926016b0,OTIV,Internship Customer Success (French-speaking),workable,non_us,unstated,2026-09-10T00:00:00.000Z,2026-09-10T19:25:32.993Z,2026-09-29,2026-09-29
92bd70b5-25eb-404d-aad0-c4653568b4ee,Shift Technology,Data Scientist Intern (English Speaker),greenhouse,non_us,unstated,2026-09-22T13:50:51.000Z,2026-09-25T03:11:19.316Z,2026-09-29,2026-09-29
92c0b98f-b51f-4b51-ae8d-ad952bf5d221,Funding Societies | Modalku Group,Financial Products Intern (May-Aug/Dec 2027),workable,non_us,unstated,2026-09-15T00:00:00.000Z,2026-09-16T01:51:50.887Z,2026-09-29,2026-09-29
92e8f27b-45e6-4226-a89e-06322888c92b,Astranis,Environmental Test Engineer Intern (Winter 2027),greenhouse,us,refuses,2026-09-25T21:56:46.000Z,2026-09-19T07:49:16.402Z,2026-09-29,2026-09-29
92ec8210-5dfd-4e60-b1db-e9ed1ec2aad9,OnlineDialog GmbH,Werkstudent:in (m/w/d) Video-Contentproduktion,recruitee,non_us,unstated,2025-01-22T12:40:57.000Z,2026-08-31T22:36:11.525Z,2026-09-29,2026-09-29
93009f4f-f3f2-4fb0-85a9-7c4e17c2d5b8,Consigli Construction,Self-Perform Intern (Summer 2027),workable,us,unstated,2026-08-26T00:00:00.000Z,2026-08-31T04:24:01.655Z,2026-09-29,2026-09-29
93157cc7-3445-4e78-8719-299fd50a9b86,CHR HAUTE SENNE,Stagiaire en Ressources Humaines - Développement des ressources humaines (soft RH),recruitee,non_us,unstated,2026-06-12T10:54:48.000Z,2026-08-31T04:09:35.640Z,2026-09-29,2026-09-29
9316d0bb-b9ad-4208-aa8d-70cd1264922a,Antea Group,Werkstudent techniek en energiebesparing (EML),recruitee,non_us,unstated,2026-09-10T14:35:39.000Z,2026-09-10T19:32:46.942Z,2026-09-29,2026-09-29
931db149-758c-4e99-ad28-e3f892546e3a,CFO Insights,Global Internship Program (Danish speaker) CFO Insights,greenhouse,non_us,unstated,2026-08-28T05:15:20.000Z,2026-09-17T14:33:08.074Z,2026-09-29,2026-09-29
933ae048-08ab-4d47-8cac-2be1477e096f,Force Factor,Summer 2027 Science & Innovation Intern,greenhouse,us,unstated,2026-09-09T17:12:55.000Z,2026-09-19T08:06:15.741Z,2026-09-29,2026-09-29
9343dfd7-e4a0-46dd-8ad2-2c27a819a15e,Gallup,Workplace Advisory Consulting Intern — Summer 2027,greenhouse,us,refuses,2026-09-08T23:39:00.000Z,2026-09-19T10:26:35.376Z,2026-09-29,2026-09-29
935abfc3-4527-4daa-bbac-7aa7a380ec90,Funding Societies | Modalku Group,Sales Intern,workable,non_us,unstated,2026-01-19T00:00:00.000Z,2026-08-31T04:38:02.474Z,2026-09-29,2026-09-29
937d1b3c-ed7b-48ef-b28c-b0f8817311ea,DOF,Estágio Técnico - Niterói/RJ,workable,non_us,unstated,2026-09-16T00:00:00.000Z,2026-09-18T12:29:25.618Z,2026-09-29,2026-09-29
939bbfb3-9282-4c13-81b9-82f8955ba8e7,Brunswick Group,Intern,greenhouse,non_us,unstated,2026-07-28T14:57:12.000Z,2026-09-16T23:00:54.336Z,2026-09-29,2026-09-29
939d5768-c27c-49b6-a399-9abb5eefa9b5,Origin,Supply Chain Planning Intern,workable,non_us,unstated,2026-08-24T00:00:00.000Z,2026-08-31T13:38:40.842Z,2026-09-29,2026-09-29
93b910e7-6344-4cd8-8dff-32abdeb94b70,Security Risk Advisors,Marketing & Alliances Co-op (US),workable,us,unstated,2026-09-08T00:00:00.000Z,2026-09-08T15:22:20.776Z,2026-09-29,2026-09-29
93caedc4-509a-4712-a79a-e25a3b299f80,TYTAN Technologies GmbH,Internship - Counterintelligence Support (m/f/d),recruitee,non_us,unstated,2026-06-30T11:50:32.000Z,2026-08-31T13:37:25.107Z,2026-09-29,2026-09-29
93cd5ffd-5ef0-472e-9820-cf667820f057,UNS,INTERNSHIP | Architectural Trainee - Shanghai,recruitee,non_us,unstated,2025-04-02T14:11:18.000Z,2026-08-31T13:36:06.043Z,2026-09-29,2026-09-29
93d10779-e2d9-4592-a8e0-8598a57bf5ee,Northmarq,"Software Engineering Intern, Summer 2027",greenhouse,us,refuses,2026-09-09T15:12:12.000Z,2026-09-02T22:30:16.273Z,2026-09-29,2026-09-29
940a2ef0-5af4-4886-9846-3ed040586f97,BERNARD Gruppe,Werkstudent (m/w/d) Verkehrsplanung,recruitee,non_us,unstated,2026-07-01T13:53:25.000Z,2026-08-31T04:08:22.233Z,2026-09-29,2026-09-29
940e195d-a3cf-4725-b31f-892c8d802dba,Jump Trading,"Campus Quantitative Researcher, UG/MS (Intern)",greenhouse,us,unstated,2026-08-08T05:01:43.000Z,2026-09-01T19:49:42.704Z,2026-09-29,2026-09-29
941773c2-c55e-4660-80a5-2b750e20586f,Jump Trading,Campus Quantitative Trader (Intern),greenhouse,non_us,unstated,2026-08-18T22:43:28.000Z,2026-09-01T19:49:42.704Z,2026-09-29,2026-09-29
941b7235-e21d-47b0-a310-995e104a0215,Solarvest,Operation & Maintenance Intern (JB),workable,unknown,unstated,2025-03-13T00:00:00.000Z,2026-08-31T20:49:56.751Z,2026-09-29,2026-09-29
94382326-1d9f-4b50-96c2-5e214b00a53a,IK Partners,Off-Cycle Analyst Intern - Munich,recruitee,non_us,unstated,2026-09-03T08:59:44.000Z,2026-09-03T10:54:55.136Z,2026-09-29,2026-09-29
943f67c5-fdbe-41c8-834f-84ab05e37dfb,Hudson River Trading,Software Engineering Internship (C++ or Python) – Summer 2027,greenhouse,us,unstated,2026-09-19T00:02:16.000Z,2026-09-01T19:49:42.271Z,2026-09-29,2026-09-29
944e7525-9b91-4ec9-bb74-514789bcaa8e,Egeria,Stagiair Private Equity June/July 2027,recruitee,non_us,unstated,2026-05-04T10:33:10.000Z,2026-08-31T04:13:42.376Z,2026-09-29,2026-09-29
944f3e02-6828-4260-aa1d-69a02c8befcf,Ballast Nedam,Stage Communicatie,recruitee,non_us,unstated,2026-06-30T13:43:02.000Z,2026-08-31T04:07:03.836Z,2026-09-29,2026-09-29
946228d8-ae03-4c41-8bb5-f9982ae829d4,KBRA,2027 Summer Intern - Structured Finance Ratings,greenhouse,us,refuses,2026-09-10T17:53:33.000Z,2026-09-10T00:42:23.717Z,2026-09-29,2026-09-29
9470e1e2-c8fe-4fb8-b9aa-970a1383930e,Genetec,Stagiaire ingénieur logiciel F/H/X,workable,non_us,unstated,2026-06-10T00:00:00.000Z,2026-08-31T04:37:02.044Z,2026-09-29,2026-09-29
948e93cd-09b1-4254-a813-673ddc0e7174,Innovadis B.V.,Meewerkstage,recruitee,non_us,unstated,2025-02-20T13:22:13.000Z,2026-08-31T04:22:51.236Z,2026-09-29,2026-09-29
949ec09b-9700-4587-b337-5e091f6ffe12,Schonfeld,2027 Systematic COO Intern,greenhouse,us,unstated,2026-09-22T13:15:59.000Z,2026-09-04T18:36:16.265Z,2026-09-29,2026-09-29
94ab3629-be12-4610-a781-84f86815c1be,Consigli Construction,Estimating Intern (Summer 2027),workable,us,unstated,2026-08-26T00:00:00.000Z,2026-08-31T04:24:01.655Z,2026-09-29,2026-09-29
94ee92da-2131-403f-b284-9ec71c02d496,Keune Haircosmetics Manufacturing B.V.,Stagiair Packaging Testing & Innovation (februari 2027),recruitee,non_us,unstated,2026-09-17T08:49:56.000Z,2026-09-18T12:01:59.472Z,2026-09-29,2026-09-29
9520b6d0-3f43-40dd-b46e-cb02210d25f3,LV Collective,Interior Design Intern,workable,us,unstated,2026-09-02T00:00:00.000Z,2026-09-02T17:10:23.210Z,2026-09-29,2026-09-29
95229101-db16-4b55-9ce1-fc1f37fb6ef6,Pon,HR-Stagiair(e) - meewerkstage 32-40u @ Leusden,recruitee,non_us,unstated,2026-08-27T12:07:30.000Z,2026-09-02T17:30:18.108Z,2026-09-29,2026-09-29
952ae139-aeed-40f5-b602-1df8f212545a,Force Factor,Summer 2027 MBA Internship,greenhouse,us,unstated,2026-09-17T21:50:50.000Z,2026-09-19T08:06:15.741Z,2026-09-29,2026-09-29
955b1b19-b747-466e-bfe5-66546a935ed7,Jump Trading,Campus Quantitative Trader (Intern),greenhouse,non_us,unstated,2026-08-28T11:28:09.000Z,2026-09-01T19:49:42.704Z,2026-09-29,2026-09-29
955ea3bc-61b1-4907-9357-052d5f89f231,Middlebury College,Student Marketing Intern (AY 26-27 902321),workable,us,unstated,2026-09-08T00:00:00.000Z,2026-09-08T14:29:43.795Z,2026-09-29,2026-09-29
9573c856-9dde-4d6e-b9a3-4099cb2667ac,Interstates,"Apprentice Electrician Tech College Intern - Aberdeen, SD",greenhouse,us,unstated,2026-09-16T19:58:35.000Z,2026-09-17T15:37:18.194Z,2026-09-29,2026-09-29
9575451f-67b8-417b-9a5b-d4c75c5a7f72,Seven Research,Deep Learning Researcher - Intern,greenhouse,us,unstated,2026-09-11T05:00:29.000Z,2026-09-01T09:13:50.571Z,2026-09-29,2026-09-29
9579833a-5404-439c-9174-73d2bbda4606,Billink,Meewerkstage of Afstudeerstage (HBO/WO),recruitee,non_us,unstated,2023-11-16T13:25:14.000Z,2026-08-31T04:08:24.805Z,2026-09-29,2026-09-29
959b5a9f-87a2-4f02-8db9-47eaef81c946,Bussola Groep,Stagiair Civiele Techniek,recruitee,non_us,unstated,2023-06-07T08:47:45.000Z,2026-08-31T04:09:38.138Z,2026-09-29,2026-09-29
95a228f3-d70b-4ce1-8b7b-c162e7c1b73d,Smart Technology Solutions,Accounting Intern | COOP Training,workable,non_us,unstated,2026-08-11T00:00:00.000Z,2026-08-31T20:49:34.535Z,2026-09-29,2026-09-29
95b229f4-de63-467f-84ed-c1ef9ba5505c,Jump Trading,Campus Python Software Engineer (Intern),greenhouse,non_us,unstated,2026-09-04T03:08:32.000Z,2026-09-04T04:11:03.621Z,2026-09-29,2026-09-29
95c69f0e-1256-410f-992c-030c9a1be17a,AJ Walter Aviation,"Stage, Approvisionnement - Internship, Procurement",recruitee,non_us,unstated,2026-09-10T19:10:05.000Z,2026-09-10T20:56:40.911Z,2026-09-29,2026-09-29
95d659ad-25b7-4059-acde-795901adcd94,Texas AirSystems,HVAC Sales/Project Engineer Internship - Summer 2027 - Dallas,greenhouse,us,unstated,2026-09-21T22:36:00.000Z,2026-09-01T09:13:51.008Z,2026-09-29,2026-09-29
95f7589d-533b-42e2-aec1-97c6024b4ae7,Hydrite,QC Lab Intern (Summer 2027),greenhouse,us,unstated,2026-09-09T20:30:33.000Z,2026-09-10T00:47:09.065Z,2026-09-29,2026-09-29
95fd1ec6-d294-42a4-93f2-94a569f2ab82,AMI PARIS,Stage - Assistant.e Buying / Retail Merchandising H/F,recruitee,non_us,unstated,2026-09-14T13:35:22.000Z,2026-09-15T02:09:17.069Z,2026-09-29,2026-09-29
95ffd58e-c4de-498b-ae9d-1422500188ea,AJ Walter Aviation,"Stage, Génie mécanique - Internship, Mechanical engineering",recruitee,non_us,unstated,2026-09-10T16:21:39.000Z,2026-09-10T20:56:40.911Z,2026-09-29,2026-09-29
962638d3-7a07-40c7-b6fd-e9aa4083475a,RIFT Development B.V.,Stage: OpenFOAM Transition,recruitee,non_us,unstated,2026-05-08T14:12:24.000Z,2026-08-31T04:35:20.579Z,2026-09-29,2026-09-29
962ad42d-7bb9-4f8d-8bf5-5b10cef03a1d,Premier Automation LLC,Summer 2027 Internship Opportunities,greenhouse,us,refuses,2026-09-24T17:43:46.000Z,2026-09-16T02:34:41.090Z,2026-09-29,2026-09-29
96374947-aafd-4653-af41-e0f7ec5d962b,Zentrum Aktiver Prävention GmbH & Co KG,Projektpraktikant im Sport- und Eventmanagement (m/w/d),recruitee,non_us,unstated,2022-10-07T09:58:39.000Z,2026-08-31T13:37:22.062Z,2026-09-29,2026-09-29
964c02fc-b8b8-4c00-8f51-320566cecc08,Nous Group,Expression of interest - Intern,greenhouse,non_us,unstated,2026-09-21T04:20:39.000Z,2026-09-08T00:24:09.629Z,2026-09-29,2026-09-29
967233b5-5daa-4e56-948f-d488d0b6cf8f,Rentokil Initial,1 X Sales Intern - KuGompo City: EC (12 Months Fixed Term Contract),workable,non_us,unstated,2026-09-25T00:00:00.000Z,2026-08-31T20:46:02.511Z,2026-09-29,2026-09-29
9681b4b7-4804-4ce8-8a40-5e718b7d7738,Ancient Crunch Inc.,Human Resources - RUTGERS Fall Career & Internship Mega Fair,breezy,us,unstated,2026-09-23T18:45:57.329Z,2026-09-17T15:37:38.617Z,2026-09-29,2026-09-29
969aeef8-20f3-4a24-85c2-e5ba51860fcb,Sächsisch-Bayerische Starkstrom-Gerätebau GmbH,Initiativbewerbung für Studierende (m/w/d),recruitee,non_us,unstated,2026-05-22T10:16:43.000Z,2026-09-02T17:30:32.366Z,2026-09-29,2026-09-29
96b082f8-8560-4292-a792-902d60a4f2d9,BarentsKrans,Student-stagiaire Advocatuur,recruitee,non_us,unstated,2021-06-03T12:48:06.000Z,2026-08-31T04:06:59.287Z,2026-09-29,2026-09-29
96b431ce-d682-4d5e-970a-707e7b6c5502,Ferm,Stagiair Ferm Kinderopvang Limburg,recruitee,non_us,unstated,2026-04-09T07:01:55.000Z,2026-09-22T02:17:06.105Z,2026-09-29,2026-09-29
96b59505-5860-4945-91b8-2880f0d941f3,Easy Recruit,"Stagiair Social Media Evenementen (o.a. Ziggo Dome, AFAS Live, Arena, Lowlands, etc)",recruitee,non_us,unstated,2026-01-22T13:07:40.000Z,2026-08-31T04:21:42.406Z,2026-09-29,2026-09-29
96cde8ba-807e-46b1-a01b-10e8e9d24dbd,VirtuHire,Product Engineer Intern,workable,non_us,unstated,2026-03-19T00:00:00.000Z,2026-08-31T21:22:37.233Z,2026-09-29,2026-09-29
96d51fa1-0017-4abb-a29f-f208fd8da0d2,Stoss,Internship--Landscape Architecture + Urbanism,breezy,us,unstated,2022-07-12T16:31:04.005Z,2026-08-31T05:18:29.866Z,2026-09-29,2026-09-29
96e24bef-6096-42c9-a1ad-5856d47984d6,Flatiron Health,Werkstudent,greenhouse,non_us,unstated,2026-09-04T16:18:05.000Z,2026-09-01T19:44:40.662Z,2026-09-29,2026-09-29
96f10258-8286-4e8b-b980-40dfd462a895,Teads,Software Engineer Assistant - Internship,greenhouse,unknown,unstated,2026-07-07T12:31:14.000Z,2026-09-28T06:35:27.731Z,2026-09-29,2026-09-29
972241e7-9db5-41c8-b8ba-c612ba9390c1,Vanboxtel,MBO-stage,recruitee,non_us,unstated,2026-06-09T06:46:18.000Z,2026-08-31T13:35:54.291Z,2026-09-29,2026-09-29
972b3229-39c8-40ce-8668-0769abb90e2c,Schlösser GmbH & Co. KG,Schülerpraktikum,recruitee,non_us,unstated,2022-11-24T14:20:08.000Z,2026-09-01T10:47:28.821Z,2026-09-29,2026-09-29
972b3b55-ecff-49fa-8ff2-a98ac1dab195,Valmark Financial Group,Marketing Data Management Intern,crelate,us,refuses,2026-09-04T14:12:07.000Z,2026-09-05T18:45:13.370Z,2026-09-29,2026-09-29
973717a7-7b3f-46ad-91f2-c01f22ee1af3,Gridmatic Inc,Energy Systems Research Engineer Intern,greenhouse,us,unstated,2026-08-05T20:57:38.000Z,2026-09-19T21:55:23.495Z,2026-09-29,2026-09-29
97a2e7dc-5748-4dc2-9c83-4974358899be,CFO Insights,Global Business Operations Internship at CFO Insights,greenhouse,non_us,unstated,2026-08-28T05:17:03.000Z,2026-09-17T14:33:08.074Z,2026-09-29,2026-09-29
97ba0178-6175-445c-a516-e3373cea121c,Neuralink,Machine Learning Engineer Intern,greenhouse,us,unstated,2026-09-25T01:18:21.000Z,2026-09-08T00:24:09.614Z,2026-09-29,2026-09-29
97dc107d-d82d-49be-b33f-188717cc3eb2,EQT Corporation,Data Engineering Intern,greenhouse,us,unstated,2026-09-17T18:39:28.000Z,2026-09-18T02:02:09.719Z,2026-09-29,2026-09-29
98028708-ed30-4c48-809d-231600c724a4,HP IQ,"Software Engineering Intern, Device Experiences (Summer 2027)",greenhouse,us,unstated,2026-08-31T19:21:36.000Z,2026-09-01T09:13:55.963Z,2026-09-29,2026-09-29
980d770e-d470-4529-bba0-876334ca11f5,i-profile GmbH,Praktikant M&A/ Mergers & Acquisitions (m/w/d),recruitee,non_us,unstated,2025-02-17T17:19:48.000Z,2026-08-31T04:25:31.178Z,2026-09-29,2026-09-29
9814a76d-0135-40f1-bf35-cbd27d1b13fc,EQT Corporation,Process Safety Intern,greenhouse,us,unstated,2026-09-17T18:39:28.000Z,2026-09-15T01:04:57.437Z,2026-09-29,2026-09-29
9832dbaa-6b23-45c8-9fe7-3b2310f3036c,Benesch,Transportation Engineering - Roadway/Highway Design Internship,greenhouse,us,unstated,2026-09-15T17:21:57.000Z,2026-09-15T12:10:06.929Z,2026-09-29,2026-09-29
9836dbca-6a2a-4c2e-9b1d-f150b8e61be1,Forensisch centrum Teylingereind,Stagiair Social Work - Pedagogiek - SPH,recruitee,non_us,unstated,2026-09-21T11:13:10.000Z,2026-09-22T02:33:11.490Z,2026-09-29,2026-09-29
9848d6bd-694e-4bfd-9b04-91087528fc6f,"Mercari, inc.","Class of 2028, 28卒対象 / Software Engineer Internship - Mercari Group",workable,non_us,unstated,2026-02-20T00:00:00.000Z,2026-08-31T16:30:19.700Z,2026-09-29,2026-09-29
9849d0d6-ce13-46f1-88e3-97679cbe0305,Texas AirSystems,HVAC Sales/Project Engineer Internship - Summer 2027 - Austin,greenhouse,us,unstated,2026-09-21T22:36:00.000Z,2026-09-08T13:25:54.241Z,2026-09-29,2026-09-29
986d8181-17e6-4feb-ae60-edacd555866e,CHR HAUTE SENNE,Demande de Job Étudiant / Stage / Volontariat,recruitee,non_us,unstated,2024-11-08T15:44:51.000Z,2026-08-31T04:09:35.640Z,2026-09-29,2026-09-29
988015e7-734a-4a18-a539-ff2bb4ef9de6,General Matter,Summer 2027 Internship - Business Development,greenhouse,us,unstated,2026-09-21T23:44:19.000Z,2026-09-19T13:54:56.300Z,2026-09-29,2026-09-29
98951c91-4e13-4107-adf2-5385abc5dadb,i-profile GmbH,Praktikant Strategieberatung & Unternehmensfinanzierung (m/w/d),recruitee,non_us,unstated,2025-02-17T17:27:51.000Z,2026-08-31T04:25:31.178Z,2026-09-29,2026-09-29
98a525bd-9eaa-4d59-97ad-c04d17b56720,ATLAS SP,Summer 2027 ASPire Treasury Internship,greenhouse,us,unstated,2026-09-22T18:35:54.000Z,2026-09-24T05:00:31.024Z,2026-09-29,2026-09-29
98de132e-a9e1-4807-8a2c-3e04ca23859f,"Huawei Technologies Canada Co., Ltd.",Co-op Researcher - Video Generation & 3D Computer Vision,recruitee,non_us,unstated,2026-08-21T17:05:55.000Z,2026-08-31T04:21:36.768Z,2026-09-29,2026-09-29
99001d7c-a415-44b6-807a-8d298e5f625f,EMERTON GROUP,Strategy Consultant Intern - Paris Office,recruitee,non_us,unstated,2026-05-27T08:33:53.000Z,2026-08-31T04:16:06.215Z,2026-09-29,2026-09-29
9909da4d-c614-4091-9eec-1b124d205ec9,SCM,Quantitative Research Analyst Internship,greenhouse,us,unstated,2026-05-24T05:00:17.000Z,2026-08-31T21:21:52.079Z,2026-09-29,2026-09-29
990af357-be51-4cb5-81b3-263bdd9c50d5,ABRIO GmbH,Praktikum - Digital Marketing & E-Commerce (m/w/d),recruitee,non_us,unstated,2026-09-04T15:09:56.000Z,2026-09-04T17:30:21.445Z,2026-09-29,2026-09-29
990c1d7f-4a16-4287-adfa-a84c915c37f2,Nord-Ostsee Automobile,Praktikum im Center Hamburg-Bergedorf (m/w/d),recruitee,non_us,unstated,2026-07-15T06:07:33.000Z,2026-09-02T17:29:57.069Z,2026-09-29,2026-09-29
990da444-34ab-4ee5-bc6a-5f653e168e8a,Bönders GmbH,"Praktikum (m/w/d) - Finde heraus, was zu dir passt!",recruitee,non_us,unstated,2026-06-29T09:44:11.000Z,2026-09-02T16:49:30.319Z,2026-09-29,2026-09-29
992074c4-e320-465f-b739-c1db81be5fbe,RedLion Mobile,Wireless Retail Sales Representative- Bronx - (Co-Op City),workable,us,unstated,2026-09-27T00:00:00.000Z,2026-09-28T10:50:47.876Z,2026-09-29,2026-09-29
993455aa-2f49-4383-a2b0-89b0ffcfa5c1,Interbrand,Intern- Analyst,greenhouse,non_us,unstated,2025-04-01T16:58:07.000Z,2026-08-31T13:35:57.070Z,2026-09-29,2026-09-29
9952599b-4cdb-4e07-b856-c9b22d52b8b5,Rush Street Interactive,"Player Support Analyst, Intern",greenhouse,non_us,unstated,2026-09-21T14:45:56.000Z,2026-09-08T02:41:43.578Z,2026-09-29,2026-09-29
997dad4a-3ce0-4118-aa37-d0c638d549a4,Hudson River Trading,Women in Trading and Technology Internship (WiTTI) – Winter 2027,greenhouse,us,unstated,2026-09-19T00:02:16.000Z,2026-09-15T05:59:28.435Z,2026-09-29,2026-09-29
9985ab77-fcef-4e4a-b45a-e975d83af3b9,WorldQuant,Software Engineer Intern,greenhouse,non_us,unstated,2026-07-28T10:02:33.000Z,2026-08-03T19:50:08.664Z,2026-09-29,2026-09-29
99964454-6bf3-413f-9866-15a1edef79f6,German American Chambers of Commerce,[RÖDL USA] Praktikant - German Intern,breezy,us,unstated,2026-01-22T14:56:55.900Z,2026-08-31T04:22:58.984Z,2026-09-29,2026-09-29
99a8d23c-e1b3-4bec-bcc0-7dc7edd4672c,Biggelaar Groep,BBL-leerling Vakman GWW,recruitee,non_us,unstated,2025-08-21T11:08:39.000Z,2026-08-31T04:06:57.572Z,2026-09-29,2026-09-29
99af3cea-43b6-40b5-8821-ac21e914494e,Solarvest,Sustainability Intern,workable,unknown,unstated,2025-04-23T00:00:00.000Z,2026-08-31T20:49:56.751Z,2026-09-29,2026-09-29
99c41059-a1d2-4db0-bcad-95baa2eedf26,"Mercari, inc.",【28卒対象】 Product Manager / プロダクトマネージャー - Mercari Group (Internship),workable,non_us,unstated,2026-03-23T00:00:00.000Z,2026-08-31T16:30:19.700Z,2026-09-29,2026-09-29
99eccd50-dbf1-4f38-bf97-f758174f6533,TMGM,Financial Product Sales Intern | Mandarin Speaking,workable,non_us,unstated,2026-02-01T00:00:00.000Z,2026-08-31T21:07:56.736Z,2026-09-29,2026-09-29
99f1a951-d86b-42c4-8b6f-1e4bdafc6e5a,Nord-Ostsee Automobile,Praktikum im Center Bad Belzig (m/w/d),recruitee,non_us,unstated,2026-07-15T06:22:49.000Z,2026-09-02T17:29:57.069Z,2026-09-29,2026-09-29
99ff8a2e-996b-4e64-8163-6a2f02c9336e,ImmoScout24,Werkstudent Kundenservice (m/w/d) bei immoverkauf24 - für Österreichische Kund:innen,greenhouse,non_us,unstated,2026-08-07T09:57:22.000Z,2026-09-02T17:28:31.558Z,2026-09-29,2026-09-29
99ffb783-a394-4071-ac84-6f721845ea56,Zipline,Applications Engineer Intern (Summer 2027),greenhouse,us,unstated,2026-09-17T17:05:10.000Z,2026-09-19T08:08:31.082Z,2026-09-29,2026-09-29
9a179e65-b7be-493c-8f84-fd97663bcdbf,Lincoln International,"2027 Summer Analyst Intern, Valuations & Opinions Group",greenhouse,us,unstated,2026-09-09T20:35:11.000Z,2026-09-08T00:24:05.747Z,2026-09-29,2026-09-29
9a4eb29c-943a-40c0-add9-efcbf93eb704,Antea Group,Onderzoeksstage: Modelontwikkeling warmtetransitie,recruitee,non_us,unstated,2025-05-28T12:34:09.000Z,2026-08-31T04:05:43.270Z,2026-09-29,2026-09-29
9a636e38-7765-48bb-a654-8a119a28d0ad,CoverGo,"Thai - English Translator, Intern (Immediate Hire) - Fully Remote",workable,non_us,unstated,2026-09-14T00:00:00.000Z,2026-09-15T08:20:08.410Z,2026-09-29,2026-09-29
9a78917f-5838-48d6-b11a-62a00214b731,ALKU,Sales Internship Program,greenhouse,us,refuses,2026-09-25T15:25:55.000Z,2026-09-01T19:02:52.178Z,2026-09-29,2026-09-29
9a7da02f-33b0-41aa-8776-f3d5d44f0815,Anders,Audit and Assurance Intern - Summer 2028,greenhouse,us,unstated,2026-08-26T19:30:07.000Z,2026-09-15T12:30:18.881Z,2026-09-29,2026-09-29
9a905882-2674-4dd5-bcb5-5c7c5b96f6f7,RebelsAI,Open Sollicitatie | Stage & afstuderen bij RebelsAI,recruitee,non_us,unstated,2026-06-18T07:50:32.000Z,2026-09-02T17:30:35.659Z,2026-09-29,2026-09-29
9aa12cf9-bb3c-45c7-af58-53b2567e2e42,Hudson Manpower,Marketing Intern,recruitee,non_us,unstated,2026-07-24T12:19:09.000Z,2026-09-14T13:29:24.131Z,2026-09-29,2026-09-29
9aa39239-771e-49f3-8aca-82a6bf0a2b3c,CFO Insights,Sales Internship at CFO Insights,greenhouse,non_us,unstated,2026-08-28T05:17:05.000Z,2026-09-17T14:33:08.074Z,2026-09-29,2026-09-29
9ab63ac7-57e4-4f8a-8519-566d91e6bec3,Zipline,Marketing Intern (Spring 2027),greenhouse,us,refuses,2026-09-17T17:05:10.000Z,2026-09-19T08:08:31.082Z,2026-09-29,2026-09-29
9abe7e53-5146-4f62-bbcd-1a32baf08cd1,Cryptonext Security,Internship - FPGA Hardware Design - PQ Cryptography Hardware Accelerator,workable,non_us,unstated,2026-08-23T00:00:00.000Z,2026-08-31T04:27:58.790Z,2026-09-29,2026-09-29
9af00630-41f0-46a6-9645-400e0f9bdd0a,Mach Industries,"Summer 2027 Engineering Internship, Aerospace",greenhouse,us,unstated,2026-09-25T18:12:21.000Z,2026-09-26T06:45:00.072Z,2026-09-29,2026-09-29
9b189cc5-39ad-4f5c-ab79-a2241354e3d0,LABEYRIE FINE FOODS,Stage - Excellence opérationnelle,recruitee,non_us,unstated,2026-09-21T08:37:37.000Z,2026-09-22T03:53:57.718Z,2026-09-29,2026-09-29
9b2379e0-a080-4492-a05c-d6ffd923e894,"Huawei Technologies Canada Co., Ltd.",Co-op Researcher - Machine Learning and Computer Vision,recruitee,non_us,unstated,2025-09-04T14:19:37.000Z,2026-08-31T04:21:36.768Z,2026-09-29,2026-09-29
9b4957b3-5102-4c27-828e-cd156e0ec05e,Lightmatter,Silicon Packaging Engineer - Intern & New Grad,greenhouse,us,unstated,2026-09-25T19:34:21.000Z,2026-09-26T22:58:53.508Z,2026-09-29,2026-09-29
9b4c4ddb-c0da-44cb-ac3b-6d19d40f2206,Quantis,HR & Operations Intern,workable,non_us,unstated,2026-08-26T00:00:00.000Z,2026-08-31T16:30:44.379Z,2026-09-29,2026-09-29
9b4f5345-55ae-4b26-bafe-9c7bccdb789b,Observador,Estágio Técnico Sonoplasta,breezy,unknown,unstated,2026-06-11T10:05:21.068Z,2026-08-31T04:32:46.102Z,2026-09-29,2026-09-29
9b63046a-d5af-491d-b450-0150b6cd7cd4,Iza Noodle Production GmbH,Spüler (m/w/d)  – Vollzeit / Teilzeit / Minijob / Werkstudent,recruitee,non_us,unstated,2026-09-23T09:23:08.000Z,2026-09-25T13:42:03.572Z,2026-09-29,2026-09-29
9b632e8b-0d58-41c3-8838-19d21ce0287e,Kaufman Rossin,Tax Intern - Spring 2027,workable,us,unstated,2026-09-01T00:00:00.000Z,2026-09-01T20:11:41.280Z,2026-09-29,2026-09-29
9baf6956-1359-4c41-9048-b1ab91546d36,DTE Consult GmbH,Werkstudent (m/w/d) Brand Marketing & Business Development,recruitee,non_us,unstated,2026-09-03T15:40:34.000Z,2026-09-03T16:05:06.271Z,2026-09-29,2026-09-29
9bd9cfeb-0730-4b43-884a-7fc9be8d7fc0,Retail Insights,Entrepreneur in Residence Intern (Scandinavian speaker) Retail Insights,greenhouse,non_us,unstated,2026-08-28T05:15:24.000Z,2026-09-08T02:41:43.604Z,2026-09-29,2026-09-29
9c032f95-d948-46c5-bdeb-ee4b7e89e836,KPMG in Ukraine,"Intern, Business Valuation, Corporate Finance",workable,non_us,unstated,2025-02-17T00:00:00.000Z,2026-08-31T16:32:55.825Z,2026-09-29,2026-09-29
9c066878-2e0f-4681-8f9c-301ff7594b79,ATUM Ventures,Business Development & Strategic Outreach Intern,workable,non_us,refuses,2026-07-14T00:00:00.000Z,2026-08-31T04:11:25.188Z,2026-09-29,2026-09-29
9c4764c9-708c-406c-a15e-21e01c8800ff,"Huawei Technologies Canada Co., Ltd.",Intern Researcher - Physical AI,recruitee,non_us,unstated,2026-05-08T19:14:39.000Z,2026-08-31T04:21:36.768Z,2026-09-29,2026-09-29
9c8863af-9ee1-4ab0-a2f9-5076d056d81f,Keywords Studios,SSC Payment Intern,workable,non_us,unstated,2026-04-30T00:00:00.000Z,2026-08-31T20:20:23.487Z,2026-09-29,2026-09-29
9c89d6f7-a5dd-4b2d-bf96-8e0df4d1e8ef,SW Digital Tax GmbH,Werkstudent im Steuerrecht,recruitee,non_us,unstated,2024-09-19T16:18:20.000Z,2026-08-31T04:38:08.180Z,2026-09-29,2026-09-29
9c96fcd2-ad05-4587-894f-011e8912568e,mylo,Talent Acquisition Intern,workable,non_us,unstated,2026-09-20T00:00:00.000Z,2026-09-21T02:08:06.679Z,2026-09-29,2026-09-29
9c9a1c3a-2d97-4b07-b024-73602ba7b6b0,German American Chambers of Commerce,Marketing & Communications Internship (Start Date: November/December 2026),breezy,us,unstated,2026-09-25T19:10:23.771Z,2026-09-26T15:06:37.913Z,2026-09-29,2026-09-29
9c9c5e32-3acf-4da5-b263-0049334a2818,Moloco,Machine Learning Engineer Intern (3-month internship),greenhouse,non_us,unstated,2026-08-12T18:35:22.000Z,2026-09-08T00:24:09.012Z,2026-09-29,2026-09-29
9cbd6f87-649f-4127-9958-e7d912aa2a81,fairlife,Project Engineering Intern (Summer 2027),greenhouse,us,unstated,2026-09-04T19:15:37.000Z,2026-09-19T08:04:45.019Z,2026-09-29,2026-09-29
9cd21830-4d0d-4202-928c-6f9906585662,NTS,Internships / Graduation | NTS Hengelo,recruitee,non_us,unstated,2026-07-16T12:52:02.000Z,2026-08-31T22:34:43.143Z,2026-09-29,2026-09-29
9cef80e7-31d4-4027-9e7a-44769b284738,Tamatem,Tamatem Internship Program,workable,unknown,unstated,2026-06-18T00:00:00.000Z,2026-08-31T21:05:32.438Z,2026-09-29,2026-09-29
9cfe5fd4-a4e4-4dca-abe2-2c88c2c29ddc,Noord-Veluws Archief,Stagiair Behoud Noord-Veluws Archief,recruitee,non_us,unstated,2025-12-08T10:35:24.000Z,2026-08-31T04:31:24.148Z,2026-09-29,2026-09-29
9d2f9e3e-6759-464b-a05f-4d84d41a3d41,Hotel TwentySeven,Stagiair(e) General Manager,recruitee,non_us,unstated,2026-09-28T14:43:51.000Z,2026-09-29T15:28:04.177Z,2026-09-29,2026-09-29
9d4efec8-cdb3-4469-93ca-4cb4475f8359,Muon Space,Junior Help Desk Intern (Summer 2027),greenhouse,us,unstated,2026-09-23T21:59:55.000Z,2026-09-25T14:05:49.037Z,2026-09-29,2026-09-29
9d869ace-a0f1-41e4-a8d3-24b5b6ca557a,Celsius,Internal Communications Internship,workable,us,unstated,2026-09-08T00:00:00.000Z,2026-09-09T03:11:49.163Z,2026-09-29,2026-09-29
9d9c1465-781d-498c-8736-28d6bf6471c5,Normec Foodcare NL,Stagiair(e) Sales Support,recruitee,non_us,unstated,2025-09-05T08:24:03.000Z,2026-08-31T22:34:42.824Z,2026-09-29,2026-09-29
9dc8d4f9-f80e-4049-b334-8cdd58e9f27b,Scout24,Werkstudent Kundenservice (m/w/d) bei immoverkauf24 - für Österreichische Kund:innen,greenhouse,non_us,unstated,2026-08-10T08:28:15.000Z,2026-09-01T20:25:38.738Z,2026-09-29,2026-09-29
9e02f097-2db2-42ad-901c-62a2491d8eba,Manometric,Orthopedisch Technoloog Stagiair,recruitee,non_us,unstated,2026-03-09T13:34:05.000Z,2026-08-31T04:25:28.345Z,2026-09-29,2026-09-29
9e0af6e4-3d9e-433d-9219-7fc585bf05fa,Jump Trading,Campus Crypto Researcher (Intern),greenhouse,non_us,unstated,2026-08-08T05:01:28.000Z,2026-09-01T19:49:42.704Z,2026-09-29,2026-09-29
9e133ef3-c356-4b19-a887-4f0edf76b685,Mon Marché,Contrôleur de gestion commercial (H/F) Stage 6 mois 🥭,recruitee,non_us,unstated,2026-05-26T15:53:33.000Z,2026-09-02T17:29:48.886Z,2026-09-29,2026-09-29
9e58ddf1-1baa-499f-b7eb-10da251ffa00,Benesch,Civil Internship,greenhouse,us,unstated,2026-09-21T03:51:21.000Z,2026-09-22T04:59:16.221Z,2026-09-29,2026-09-29
9e59299a-5642-4508-b5e9-337bfef062ac,"Huawei Technologies Canada Co., Ltd.",Intern Researcher – Multimodal AI & Interaction,recruitee,non_us,unstated,2026-09-04T19:32:07.000Z,2026-09-04T23:56:08.107Z,2026-09-29,2026-09-29
9e5e9c5a-6336-4824-a4ef-0721bb77241d,Tatu City,Electrical BIM Intern,workable,non_us,unstated,2026-02-16T00:00:00.000Z,2026-08-31T21:05:42.561Z,2026-09-29,2026-09-29
9e8a0a8b-d5af-48e3-a8d1-7cdd5206ccf7,AlphaSights,"Summer Associate, Client Service, Portuguese Speaker 2027",greenhouse,us,refuses,2026-08-13T09:26:38.000Z,2026-09-15T09:26:29.832Z,2026-09-29,2026-09-29
9e8d1329-3da9-4b82-a947-98841aad1b36,Aquablu B.V,Brand Design Intern,recruitee,non_us,unstated,2026-06-24T13:46:55.000Z,2026-09-01T05:52:12.042Z,2026-09-29,2026-09-29
9e93effc-4ded-4f0c-9c8a-199ae6e45539,Third Bridge,"2027 Summer Intern, Client Services",greenhouse,us,unstated,2026-09-14T15:23:01.000Z,2026-09-28T15:39:44.022Z,2026-09-29,2026-09-29
9ead4c31-c73c-460b-a1cb-0ce7f09c0599,Geneva Trading,Python Developer Intern,greenhouse,us,unstated,2026-09-24T17:25:39.000Z,2026-09-25T01:09:35.983Z,2026-09-29,2026-09-29
9eb54d8b-52d6-4fb7-ad71-02887ea87910,Angkas,Organizational Development Intern,workable,non_us,unstated,2026-09-08T00:00:00.000Z,2026-09-08T06:07:28.405Z,2026-09-29,2026-09-29
9ee08e8b-a88a-43ff-8747-72859bc99860,SkyGig,RFIC Design Intern,workable,us,unstated,2026-06-29T00:00:00.000Z,2026-08-31T20:49:19.043Z,2026-09-29,2026-09-29
9eebb5ca-5b05-4999-997f-525e66ecc0e9,Defense Unicorns,SkillBridge Intern - Technical Product Marketing Manager (SMM192),greenhouse,unknown,unstated,2026-08-12T16:42:42.000Z,2026-09-18T14:17:44.157Z,2026-09-29,2026-09-29
9f0f7874-972d-4405-ae1c-be6fd6f4af21,Direct Result DE,Werkstudent in Sales (m/w/d),recruitee,non_us,unstated,2025-02-07T14:07:27.000Z,2026-09-02T17:28:35.162Z,2026-09-29,2026-09-29
9f302663-0ff5-4702-9f5c-8043254460b7,"Huawei Technologies Canada Co., Ltd.",Co-op Researcher – LLM Post-Training & Agentic Coding,recruitee,non_us,unstated,2026-08-21T17:00:45.000Z,2026-08-31T04:21:36.768Z,2026-09-29,2026-09-29
9f7c3175-4150-4124-9685-71cc1f6fb4a6,Jump Trading,Campus ASIC Engineer (Intern),greenhouse,non_us,unstated,2026-08-18T22:11:32.000Z,2026-09-01T19:49:42.704Z,2026-09-29,2026-09-29
9fa7f986-1025-4ade-8f3d-ba7b86e792d2,KULT | OLYMP & HADES,Werkstudent (m/w/d) im Verkauf Mode und Bekleidung,recruitee,non_us,unstated,2026-09-21T12:10:48.000Z,2026-09-22T11:48:35.709Z,2026-09-29,2026-09-29
9fb0c5e5-4be5-4f3c-9556-d21cbc0e749e,Institut Mines-Télécom,Stage Master 2 : Elaboration de panneaux biosourcés à base de pailles,recruitee,non_us,unstated,2026-09-09T06:49:25.000Z,2026-09-09T06:51:33.848Z,2026-09-29,2026-09-29
9fb626b4-d28a-43b8-a1e9-a2090fceee40,Goedhart Patisserie,Stagiair(e) Veiligheid,recruitee,non_us,unstated,2026-08-17T11:45:44.000Z,2026-08-31T04:08:22.480Z,2026-09-29,2026-09-29
9ff92357-bd96-4b2d-9902-5107763362d7,Interstates,Engineering intern,greenhouse,us,unstated,2026-09-16T19:58:35.000Z,2026-09-09T21:23:46.590Z,2026-09-29,2026-09-29
9ffa9dc4-a258-4dfd-91a7-e1586d5ff698,Tenstreet,Sales Internship,greenhouse,us,unstated,2026-08-26T17:46:46.000Z,2026-08-31T20:12:00.338Z,2026-09-29,2026-09-29
a0256c60-1451-4634-b710-ae5c7ad9085a,ARCUS Planung + Beratung Bauplanungsgesellschaft mbH,Werkstudent (m/w/d) in der Anwendungsforschung,recruitee,non_us,unstated,2025-12-10T14:37:46.000Z,2026-08-31T21:54:45.688Z,2026-09-29,2026-09-29
a04cef5f-8626-45de-a98d-0f9946352d51,CMS Derks Star Busmann N.V.,Advocaat-stagiair Construction & Infrastructure Projects,recruitee,non_us,unstated,2026-09-23T13:22:32.000Z,2026-09-25T13:26:23.533Z,2026-09-29,2026-09-29
a0bc5a51-8124-46d7-93b4-bb58f09e0c27,The Quality Group,Werkstudent (gn) Qualitätsmanagement,greenhouse,non_us,unstated,2026-08-06T08:02:54.000Z,2026-09-28T15:59:12.753Z,2026-09-29,2026-09-29
a0c29cf6-1cca-42e3-b982-336e459c2526,BarentsKrans,Werkstudent Arbeidsrecht,recruitee,non_us,unstated,2026-01-16T15:01:16.000Z,2026-08-31T04:06:59.287Z,2026-09-29,2026-09-29
a0f86a20-97eb-4e85-ab28-2cb5f3ec3145,"Love, Bonito",Legal Intern,workable,non_us,unstated,2026-08-24T00:00:00.000Z,2026-08-31T20:22:38.281Z,2026-09-29,2026-09-29
a1145f35-4958-4323-acf1-917f81a8ca22,Teads,Campaign Management Intern,greenhouse,non_us,unstated,2026-09-08T19:08:27.000Z,2026-09-28T06:35:27.731Z,2026-09-29,2026-09-29
a169398c-661e-4fbb-bb33-b85998df4f33,Audax Group,Financial Planning & Analysis Co-Op,greenhouse,us,unstated,2026-09-23T21:00:29.000Z,2026-09-25T14:14:22.046Z,2026-09-29,2026-09-29
a18bd638-b3bc-4907-be0a-56493a25b04f,Televic Rail,THESIS - Energy-Efficient on-sensor  Signal Processing for Wireless Bearing  Monitoring in Railway Applications,recruitee,non_us,unstated,2026-03-18T09:33:21.000Z,2026-09-02T19:48:40.321Z,2026-09-29,2026-09-29
a19f83c3-0bd4-4f18-88db-870c1c9b77e4,WorldQuant,Data Science Intern,greenhouse,non_us,unstated,2026-05-04T17:20:10.000Z,2026-08-26T20:42:05.027Z,2026-09-29,2026-09-29
a1ab644f-fa2a-4085-b689-0c276136d2b3,Nord-Ostsee Automobile,Praktikum im Center Northeim (m/w/d),recruitee,non_us,unstated,2026-07-15T06:40:23.000Z,2026-09-02T17:29:57.069Z,2026-09-29,2026-09-29
a1ae60d6-1aaf-43ae-97ad-4c1e84ac69ad,Benesch,Survey Intern,greenhouse,us,unstated,2026-09-22T21:14:29.000Z,2026-09-22T04:59:16.221Z,2026-09-29,2026-09-29
a1fb61d8-1163-43a4-b7fd-8e3ce88f61d7,Bybit,Transaction Monitoring Analyst Intern,greenhouse,non_us,unstated,2026-09-10T14:16:58.000Z,2026-09-17T04:25:43.717Z,2026-09-29,2026-09-29
a20cbd27-d4a1-461e-a407-9d906cf58365,BigDataCorp,Pessoa Estagiária de Customer Success,workable,non_us,unstated,2026-09-28T00:00:00.000Z,2026-09-28T20:59:24.482Z,2026-09-29,2026-09-29
a238769a-5ff7-493c-8924-dddf802a6386,Paardekooper Private Insurance,Werkstudent,recruitee,non_us,unstated,2026-09-14T13:43:13.000Z,2026-09-16T04:29:35.257Z,2026-09-29,2026-09-29
a2406614-f2d3-4964-ac8f-8227d29aad4b,Bright Harbor Healthcare,Video Production Intern,workable,us,unstated,2026-04-07T00:00:00.000Z,2026-08-31T04:18:21.930Z,2026-09-29,2026-09-29
a28ae5ae-e5ef-44e7-b7ba-db832e22fbd7,Zipline,Sales Operations Analyst Intern (Summer 2027),greenhouse,us,refuses,2026-09-17T17:05:10.000Z,2026-09-19T08:08:31.082Z,2026-09-29,2026-09-29
a2986065-a9bb-4249-90ca-a1afc147eb8a,Benesch,Municipal Engineering Internship,greenhouse,us,unstated,2026-09-21T02:32:20.000Z,2026-09-15T12:10:06.929Z,2026-09-29,2026-09-29
a2b09bf7-a12e-4655-bc57-5b136d27dabf,EQT Corporation,Midstream Pipeline Engineer Intern,greenhouse,us,unstated,2026-09-17T18:39:28.000Z,2026-09-18T02:02:09.719Z,2026-09-29,2026-09-29
a2b8ea1a-485d-465f-90f5-c6e8466d8506,Mach Industries,"Summer 2027 Engineering Internship, Electrical",greenhouse,us,unstated,2026-09-25T18:12:40.000Z,2026-09-26T06:45:00.072Z,2026-09-29,2026-09-29
a2dbe739-61eb-4299-bb48-0b9fdee7e88a,Solarvest,Finance Intern,workable,unknown,unstated,2025-12-04T00:00:00.000Z,2026-08-31T20:49:56.751Z,2026-09-29,2026-09-29
a2e98cf8-b713-4440-8a31-4efd6cfec3fa,cbs Corporate Business Solutions GmbH,Werkstudent - Contract Management (m/w/d),recruitee,non_us,unstated,2026-09-21T08:37:36.000Z,2026-09-22T00:12:31.936Z,2026-09-29,2026-09-29
a32deaf7-f9a4-42d0-9bbf-2d77a37e5dbe,HireHawk,"Marketing Intern (On-Site)| Beverly Hills, CA",workable,us,unstated,2026-09-21T00:00:00.000Z,2026-09-22T13:16:02.479Z,2026-09-29,2026-09-29
a3329cdf-edf4-4470-a57d-22287262442a,Friday Recruitment,Eindstage ICT System Engineer,recruitee,non_us,unstated,2026-09-03T09:56:41.000Z,2026-09-03T10:02:34.716Z,2026-09-29,2026-09-29
a33de7e0-ce12-4b6b-a97d-2ce7bc6daef7,CloudCommerce,Video Editor Intern,breezy,non_us,unstated,2026-09-08T04:51:09.517Z,2026-08-31T04:13:39.029Z,2026-09-29,2026-09-29
a3601a81-5e92-45d5-848c-ea57f74e7d92,OOSHOT,STAGE — ASSISTANT(E) CHEF DE PROJET MARKETING & RSE,recruitee,non_us,unstated,2026-09-22T08:16:57.000Z,2026-09-22T12:18:52.934Z,2026-09-29,2026-09-29
a36bec7e-8254-4b9e-a390-57f23e3df68f,Whello B.V.,Video & creativie productie stagiair,recruitee,non_us,unstated,2026-06-18T11:02:19.000Z,2026-08-31T21:32:21.555Z,2026-09-29,2026-09-29
a3c479b2-2a0e-4cb6-b36a-1a25e3d091eb,Odyssey Hotel Group,Marketing Intern,recruitee,non_us,unstated,2026-06-09T07:18:24.000Z,2026-08-31T04:30:09.965Z,2026-09-29,2026-09-29
a3f9b015-ed11-4500-8368-23a38172917b,Vivium,VA HBO Verpleegkunde,recruitee,non_us,unstated,2024-03-05T16:02:40.000Z,2026-08-31T13:36:00.478Z,2026-09-29,2026-09-29
a4020a52-3d79-4c4c-9cb9-74adc6450935,SalesCaptain,Event Management Intern,workable,non_us,unstated,2026-08-25T00:00:00.000Z,2026-08-31T20:47:05.854Z,2026-09-29,2026-09-29
a40301fb-4e01-4d87-a517-19c7ebe3639b,FleishmanHillard,"Graduate Intern, Reputation and Policy Communications Public Affairs, 6-months paid internship, Brussels",greenhouse,non_us,unstated,2026-08-31T17:58:29.000Z,2026-09-01T10:43:07.842Z,2026-09-29,2026-09-29
a403d933-9622-465a-8102-32e5d95e031e,Wight & Company,Construction Management Intern - Summer 2027,greenhouse,us,unstated,2026-09-01T13:23:41.000Z,2026-09-01T20:25:38.787Z,2026-09-29,2026-09-29
a40f1c46-0cff-4a72-a3c0-512875acef29,M/I Homes,Sales Intern - Cincinnati,workable,us,unstated,2026-08-12T00:00:00.000Z,2026-08-31T20:24:13.007Z,2026-09-29,2026-09-29
a417eb0e-3e8c-4cd5-adc5-3c7e9e0306d8,Zenchef,People & Culture Intern (Hospitality & Events),recruitee,non_us,unstated,2026-07-17T10:55:37.000Z,2026-09-01T10:45:39.839Z,2026-09-29,2026-09-29
a418cc6f-0828-4b9b-be44-f0f0219254ae,Heritage Holdings,Legal Internship,greenhouse,non_us,unstated,2026-09-23T10:33:02.000Z,2026-09-23T21:52:36.298Z,2026-09-29,2026-09-29
a4413128-640f-4f9c-a379-8dd642d727d3,Knutson Construction,Safety Intern - Summer 2027,breezy,us,unstated,2026-09-01T18:45:05.465Z,2026-09-19T06:55:28.080Z,2026-09-29,2026-09-29
a480098f-bf7d-40df-9925-42319e5d26cc,United Nations Watch,Volunteer Internship,recruitee,non_us,unstated,2018-11-12T18:03:51.000Z,2026-08-31T13:35:57.899Z,2026-09-29,2026-09-29
a484240a-4bcb-4420-89d8-8bab3560c38d,Seven Research,Quantitative Researcher - Intern,greenhouse,us,unstated,2026-09-11T05:00:29.000Z,2026-09-01T09:13:50.571Z,2026-09-29,2026-09-29
a4c741cc-0dda-486c-bbcd-d20842e41ad6,Aspria,Servicemitarbeiter / Chef de Rang (m/w/d) Werkstudent Aspria Hannover Maschsee,breezy,us,unstated,2026-08-04T12:45:20.753Z,2026-09-01T09:13:57.886Z,2026-09-29,2026-09-29
a4db0500-79b1-40fc-9072-0f583cc696a1,CFO Insights,Entrepreneur in Residence Intern (Scandinavian speaker) CFO Insights,greenhouse,non_us,unstated,2026-08-28T05:15:24.000Z,2026-09-17T14:33:08.074Z,2026-09-29,2026-09-29
a4f98280-b016-480a-8ff6-728468126fa2,Plugged Group,Internship productie,recruitee,non_us,unstated,2023-06-19T10:38:37.000Z,2026-09-02T17:30:24.667Z,2026-09-29,2026-09-29
a501e222-0f7a-4b7a-b6f2-ae2d1448ad93,General Matter,Summer 2027 Internship - Chemical Engineering,greenhouse,us,unstated,2026-09-21T23:44:18.000Z,2026-09-19T13:54:56.300Z,2026-09-29,2026-09-29
a516dd04-da88-4e20-96df-94a8652cad26,Stichting Kwintes,Open sollicitatie stage,recruitee,non_us,unstated,2026-07-30T13:53:05.000Z,2026-08-31T04:36:39.830Z,2026-09-29,2026-09-29
a52464d3-afe9-4c25-8452-1c4d7183d90f,Capco,Capco Summer Internship Program - Dallas Summer 2027,greenhouse,us,unstated,2026-09-11T19:20:22.000Z,2026-09-17T05:56:12.755Z,2026-09-29,2026-09-29
a5282c4e-ec93-45eb-9c97-b4f95d397821,Porsche Asia Pacific,Intern Business Development,workable,non_us,unstated,2026-09-08T00:00:00.000Z,2026-09-08T02:22:13.695Z,2026-09-29,2026-09-29
a55871e8-f99c-4d83-8175-8903c13fc422,AlixPartners,Praktikum im Consulting - Turnaround & Restructuring (m/w/d),greenhouse,non_us,unstated,2026-09-03T08:13:36.000Z,2026-09-15T11:09:16.408Z,2026-09-29,2026-09-29
a56a3fd6-6d90-427f-a05b-9a0ab097b8f3,Shopfully,Junior Sales & Marketing Analyst - intern (stage),greenhouse,non_us,unstated,2026-09-14T09:42:05.000Z,2026-09-15T06:23:33.836Z,2026-09-29,2026-09-29
a58618a2-85d0-47b9-84e9-2785bb17db69,Benesch,Civil Construction Engineering Internship,greenhouse,us,unstated,2026-09-15T17:21:57.000Z,2026-09-15T12:10:06.929Z,2026-09-29,2026-09-29
a5cef9ab-720a-4359-abc3-2af57b501c83,Interstates,Software Developer Intern,greenhouse,us,unstated,2026-09-21T02:52:39.000Z,2026-09-24T07:10:14.417Z,2026-09-29,2026-09-29
a5f36ee6-7175-427c-ac12-18565461b874,Kruger NearShore LLC - Rekluti,PRACTICANTE LEGAL,recruitee,non_us,unstated,2026-01-16T16:20:08.000Z,2026-08-31T22:11:41.517Z,2026-09-29,2026-09-29
a62cffc6-dec2-4c8b-890c-d5a3fd8e20fd,Hex Trust,"Intern, Sales Support (6 months)",workable,non_us,unstated,2026-05-29T00:00:00.000Z,2026-08-31T13:40:37.536Z,2026-09-29,2026-09-29
a6308a90-0fe7-400c-8848-e5ca54b73137,Zipline,Supply Chain Business Operations Intern (Summer 2027),greenhouse,us,unstated,2026-09-17T17:05:10.000Z,2026-09-19T08:08:31.082Z,2026-09-29,2026-09-29
a637806e-bce3-4e8a-8b67-edcad3017075,Franz Ziel GmbH,Praktikum im Ausbildungsberuf Fachinformatiker (m/w/d),recruitee,non_us,unstated,2025-09-01T10:09:59.000Z,2026-08-31T04:17:20.337Z,2026-09-29,2026-09-29
a65d999d-0a34-436e-8966-a3c91b984541,Neuralink,Neuroengineer Intern,greenhouse,us,unstated,2026-09-25T01:18:21.000Z,2026-09-08T00:24:09.614Z,2026-09-29,2026-09-29
a6659649-a5e1-4e16-b25a-9e805eace508,DESFO,Estágios | One Step Closer,breezy,unknown,unstated,2026-02-04T10:40:16.809Z,2026-09-16T23:09:50.190Z,2026-09-29,2026-09-29
a6752f53-238e-4fae-bc25-9d61ec5da7c5,SAP Fioneer,Cloud-Native Frontend Developer Intern (f/m/d),workable,non_us,unstated,2026-07-13T00:00:00.000Z,2026-08-03T20:09:55.908Z,2026-09-29,2026-09-29
a681fbcd-78ea-4891-8934-ac25476d6bfb,My Jewellery,Stage Visual Merchandising B2B België,recruitee,non_us,unstated,2024-04-11T11:56:28.000Z,2026-08-31T04:31:26.425Z,2026-09-29,2026-09-29
a6a7f0b3-3753-4788-9851-ca90bc6c78f7,Rosenblum Law,Legal Intern-Estate Planning,breezy,us,unstated,2026-09-04T21:42:19.891Z,2026-09-05T00:20:36.754Z,2026-09-29,2026-09-29
a6c03b74-25b0-4ef9-bc78-8c97e9bd1195,"Peak Retirement Planning, Inc.",Financial Planning Intern,recruitee,us,unstated,2026-09-04T18:30:25.000Z,2026-09-04T20:26:20.884Z,2026-09-29,2026-09-29
a6dddb18-b9b5-4dfc-97b7-3dbd4cc710e2,Parfumado,Operations & Supply Chain Intern,recruitee,non_us,unstated,2026-09-14T07:55:38.000Z,2026-09-15T14:37:56.489Z,2026-09-29,2026-09-29
a701f91e-c0c4-480a-875e-ce39b7efb97b,Meadows Urquhart,2027 Summer Accounting Internship,workable,us,unstated,2026-09-10T00:00:00.000Z,2026-09-11T08:19:22.221Z,2026-09-29,2026-09-29
a71b1e00-7011-45fd-8568-e7cc2fb1aa82,Stichting Kwintes,Stagiair hbo persoonlijk begeleider- jaarstage,recruitee,non_us,unstated,2026-07-28T14:44:34.000Z,2026-08-31T04:36:39.830Z,2026-09-29,2026-09-29
a71dc1ef-6e8b-4c89-bb93-03f8e5227367,Avi Medical,Operations Intern (all genders),greenhouse,non_us,unstated,2026-07-23T11:46:14.000Z,2026-08-31T04:14:57.177Z,2026-09-29,2026-09-29
a743b074-6045-4c61-832d-7552f1d81115,OOCA,Influencer Marketing Internship,workable,non_us,unstated,2026-08-17T00:00:00.000Z,2026-08-31T13:40:26.509Z,2026-09-29,2026-09-29
a750df0b-a0a5-429a-87ec-0b9ba59c1fb4,Pacific Fusion,Summer 2027 Internship- Supply Chain,greenhouse,us,unstated,2026-09-10T22:38:31.000Z,2026-09-10T00:51:50.242Z,2026-09-29,2026-09-29
a756d72a-9e38-4607-87e3-a5809cd983a0,CESI,Stage M2 : Création d’une application de veille automatisée des appels d’offres en santé H/F,recruitee,non_us,unstated,2026-09-24T09:30:07.000Z,2026-09-24T22:00:53.233Z,2026-09-29,2026-09-29
a75b5d52-b347-4906-86e0-fc08ddf414aa,Audax Group,IT Operations Co-Op NYC,greenhouse,us,unstated,2026-09-24T19:27:28.000Z,2026-09-25T14:14:22.046Z,2026-09-29,2026-09-29
a75e6305-fe1d-489d-913f-054ef8ca323a,Keystone,2027 Summer Associates and Consultants Interest,greenhouse,us,unstated,2026-09-14T18:36:42.000Z,2026-09-15T06:17:21.639Z,2026-09-29,2026-09-29
a770324d-0f78-4c57-9945-d8872290e832,DRW,FPGA Intern,greenhouse,us,unstated,2026-08-19T21:04:51.000Z,2026-07-31T20:27:09.195Z,2026-09-29,2026-09-29
a7861a6f-d46c-4b5c-85a2-abfaad132ac3,Benesch,Transportation Engineering - Highway/Roadway Internship,greenhouse,us,unstated,2026-09-15T17:21:57.000Z,2026-09-15T12:10:06.929Z,2026-09-29,2026-09-29
a79991fd-b7e8-48dc-aed2-df12af494e42,LABEYRIE FINE FOODS,Stage -Ingénieur(e) R&D Qualité Agroalimentaire,recruitee,non_us,unstated,2026-09-23T07:38:37.000Z,2026-09-25T05:45:25.113Z,2026-09-29,2026-09-29
a7abb894-b4fe-43c3-865d-39e8ebdb4440,Astranis,Thermal Intern (Winter 2027),greenhouse,us,refuses,2026-09-25T21:56:43.000Z,2026-09-25T07:27:18.212Z,2026-09-29,2026-09-29
a7b1abda-ca1e-4b9a-a319-5c029fcd9b82,cbs APAC,Internship Program 2026 (Marketing or Human Resource),recruitee,non_us,unstated,2026-09-24T08:02:08.000Z,2026-09-24T21:33:22.301Z,2026-09-29,2026-09-29
a7cd3a71-2045-49f6-981d-3fdd4426d2e0,Tereos Starch & Sweeteners Belgium NV,Stage / Schoolopdracht,recruitee,non_us,unstated,2023-08-31T14:12:06.000Z,2026-08-31T13:36:07.025Z,2026-09-29,2026-09-29
a7dc8805-fc93-4e4b-b309-af281577a11e,ETL Prüftechnik GmbH,Werkstudierende (w/m/d) für die Bereiche Elektrotechnik / Verwaltung / Weitere,recruitee,non_us,unstated,2023-01-26T15:04:29.000Z,2026-08-31T04:24:10.552Z,2026-09-29,2026-09-29
a7fcb602-8793-4dc9-a78d-dda479560f81,Kevin Kehr,Studentisches Praktikum Finanzberatung & Vertrieb,recruitee,non_us,unstated,2026-09-25T05:18:15.000Z,2026-09-25T05:36:03.226Z,2026-09-29,2026-09-29
a808dba2-ad81-4fcd-87be-06b211406ab5,"Huawei Technologies Canada Co., Ltd.",Co-op Engineer - Intelligent Real-Time Operating System,recruitee,non_us,unstated,2026-08-04T14:46:42.000Z,2026-09-02T13:40:25.851Z,2026-09-29,2026-09-29
a80f972a-bf6c-4e10-bb89-cbd00457d8e0,Two95 International Inc.,Talent Acquisition Internship,workable,unknown,unstated,2024-08-09T00:00:00.000Z,2026-08-31T21:09:07.765Z,2026-09-29,2026-09-29
a8133b9c-8dcb-4bbe-99f7-0c39dd981f38,CFO Insights,Management Graduate Program Intake (German speaker) CFO Insights,greenhouse,non_us,unstated,2026-08-28T05:15:19.000Z,2026-09-17T14:33:08.074Z,2026-09-29,2026-09-29
a82cf945-5503-4b61-8d76-2f461a88bf21,Bizzy,Internship,recruitee,non_us,unstated,2026-09-08T11:46:41.000Z,2026-09-08T12:32:46.998Z,2026-09-29,2026-09-29
a8467595-7cd5-4d81-a76a-c3bf1176bf28,Capco,Capco Summer Internship Program - Houston Summer 2027,greenhouse,us,unstated,2026-09-11T19:20:22.000Z,2026-09-17T05:56:12.755Z,2026-09-29,2026-09-29
a84c9054-7cb0-443b-92c5-a949aff805fd,EBC Group,Marketing Assistant (Internship),workable,non_us,unstated,2024-01-18T00:00:00.000Z,2026-09-19T08:06:20.359Z,2026-09-29,2026-09-29
a86c0c05-a665-48e6-a660-0d55254541f5,Stoke Space,Summer 2027 Internship - Software,greenhouse,us,refuses,2026-09-10T15:33:33.000Z,2026-09-08T04:27:45.030Z,2026-09-29,2026-09-29
a887f053-ba45-4a52-a5a3-3a367cb621fc,Notion,Data Science Intern (Winter 2027),ashby,us,unstated,2026-08-19T22:32:00.399Z,2026-09-26T07:05:04.000Z,2026-09-29,2026-09-29
a8897473-6c68-45a2-a968-ebbe782388f7,Tippmann Group,2027 Fall Co-Op - Construction Project Manager  (Traveling Position),breezy,us,unstated,2026-09-17T15:53:26.143Z,2026-09-18T07:43:50.187Z,2026-09-29,2026-09-29
a88f2ead-9337-4f32-b711-ebf771372668,Advancy Partners,Stagiaire Chargé(e) de projet ERP,recruitee,non_us,unstated,2026-07-10T09:00:11.000Z,2026-08-31T04:04:21.868Z,2026-09-29,2026-09-29
a8987e52-7754-4519-906b-29a53c87ce56,BCI Brands,Production Color Intern (Start ASAP),workable,us,unstated,2026-07-30T00:00:00.000Z,2026-08-31T04:14:27.523Z,2026-09-29,2026-09-29
a8b2daf3-5187-4c7c-b05f-e25f60152ef0,StepStone Group,2027 StepStone Tax Summer Analyst,greenhouse,unknown,unstated,2026-08-25T19:58:53.000Z,2026-09-01T19:59:22.656Z,2026-09-29,2026-09-29
a8c3ad03-b0f1-48f6-b5e2-bd1ef6bc806c,Slasify,"Global Marketing Intern, Taiwan",workable,non_us,unstated,2026-09-14T00:00:00.000Z,2026-09-14T22:36:29.258Z,2026-09-29,2026-09-29
a8cdfbbf-2121-4247-b5ad-2d5d4706af09,DOF,Internship Engineer,workable,non_us,unstated,2026-06-16T00:00:00.000Z,2026-08-31T04:28:21.012Z,2026-09-29,2026-09-29
a8de704b-7a98-41f5-8321-4bab4e035475,Salzburg Global Seminar Inc.,Hong Kong Universities Internship - 2027 Cohort,recruitee,non_us,unstated,2026-09-09T09:51:26.000Z,2026-09-11T11:35:21.895Z,2026-09-29,2026-09-29
a8f6c508-e326-4bb0-b35c-a26f73285612,Riverside Natural Foods Ltd.,R&D Co-Op (Jan- August Term),greenhouse,unknown,unstated,2026-09-23T13:21:12.000Z,2026-09-19T07:03:27.557Z,2026-09-29,2026-09-29
a9052e7d-3ad1-45a3-8336-a2c94f1dda46,Fachstelle Mobbing und Belästigung,Praktikum (Hochschulabsolvent:in) Fachstelle Mobbing und Belästigung  100%,recruitee,non_us,unstated,2026-09-23T13:38:16.000Z,2026-09-25T03:56:59.567Z,2026-09-29,2026-09-29
a9066838-eea3-458b-99bb-8b794d243a83,VitaForst International Management of Forest & Landscape e.K.,"Werkstudent: Strategie, Ausschreibungen & Projektorganisation (m/w/d)",recruitee,non_us,unstated,2026-03-13T17:39:06.000Z,2026-09-02T23:06:01.918Z,2026-09-29,2026-09-29
a951ad7d-d903-4c0f-b991-1e7857548c2a,HP IQ,"Software Engineering Intern, Product & Developer Productivity  (Summer 2027)",greenhouse,us,unstated,2026-08-31T19:24:03.000Z,2026-09-01T09:13:55.963Z,2026-09-29,2026-09-29
a954b461-57c7-4b35-b45d-adf15737744c,Shift Technology,"Data Scientist Internship (November, 6 months)",greenhouse,non_us,unstated,2026-09-28T07:47:07.000Z,2026-09-29T14:28:15.505Z,2026-09-29,2026-09-29
a957e078-bb9c-4d7c-8255-f16a9a9ec217,PRecious Communications Pte. Ltd.,"Intern, Public Relations & Media Intelligence (TH)",recruitee,non_us,unstated,2026-04-01T05:18:44.000Z,2026-08-31T04:31:23.351Z,2026-09-29,2026-09-29
a98afa6b-cf6c-4853-9b44-379944d1bd97,Calvary Hospital,Pharmacy Intern,workable,us,unstated,2026-07-20T00:00:00.000Z,2026-08-31T04:17:59.904Z,2026-09-29,2026-09-29
a99af8ee-db20-4954-b851-4ff3e473cf9a,Symphony Communication Services,"Intern, Software Developer",greenhouse,non_us,unstated,2026-09-04T14:38:16.000Z,2026-09-27T20:03:28.448Z,2026-09-29,2026-09-29
a9c3dd4e-4326-44bf-8d21-0dc353412c23,Zipline,Marketing Intern (Summer 2027),greenhouse,us,refuses,2026-09-17T17:05:10.000Z,2026-09-19T08:08:31.082Z,2026-09-29,2026-09-29
a9c9a66a-43e9-4828-92ea-07ddddeb3ec3,Benesch,Civil Construction Engineering Internship,greenhouse,us,unstated,2026-09-18T16:23:59.000Z,2026-09-15T12:10:06.929Z,2026-09-29,2026-09-29
a9d4925c-2183-41b2-8484-25c78ef9f357,Acklen Avenue,Internship,greenhouse,non_us,unstated,2026-02-04T15:13:09.000Z,2026-09-14T17:08:40.173Z,2026-09-29,2026-09-29
a9daa550-ad30-4a99-a228-fac8183b1700,EIGHT ADVISORY SAS,Real Estate - Stagiaire fin d'études,recruitee,non_us,unstated,2025-06-18T08:03:51.000Z,2026-09-01T05:52:14.247Z,2026-09-29,2026-09-29
a9dd1a95-aeb1-4d0e-9e08-7a531e5db786,Autoriteit Financiele Markten,Werkstudent Facilitair Bedrijf,recruitee,non_us,unstated,2026-09-10T11:31:48.000Z,2026-09-11T00:33:08.395Z,2026-09-29,2026-09-29
a9e6a7d5-010f-4e76-8366-d2cf16d8be14,CoverGo,HR & Culture Intern,workable,non_us,unstated,2025-07-10T00:00:00.000Z,2026-08-31T04:24:46.611Z,2026-09-29,2026-09-29
aa045170-ca46-429e-bbf0-46839c7ad512,FleishmanHillard,"Graduate Intern, Financial Services Public Affairs, 6-month paid internship, Brussels",greenhouse,non_us,unstated,2026-09-23T16:57:37.000Z,2026-09-25T07:27:16.697Z,2026-09-29,2026-09-29
aa0895ad-f06d-4afe-bd17-1f062aaf5e51,Consigli Construction,Project Management Intern (Summer 2027),workable,us,unstated,2026-08-26T00:00:00.000Z,2026-08-31T04:24:01.655Z,2026-09-29,2026-09-29
aa2acefb-0c57-4d77-a712-d9007381c183,Galoá (Chuva Inc.),Estágio em Comunicação e Relacionamento - Tecnologia 2026,workable,non_us,unstated,2026-07-30T00:00:00.000Z,2026-08-31T04:20:59.529Z,2026-09-29,2026-09-29
aa2c3d1d-056b-4e59-a40a-9a9bd8906c3d,Muon Space,Applied Science Intern (Summer 2027),greenhouse,us,unstated,2026-09-24T22:25:56.000Z,2026-09-25T14:05:49.037Z,2026-09-29,2026-09-29
aa2f40e9-0c24-471c-acc8-c37ea69e8ebb,Eintracht Frankfurt Fußball AG,Pflichtpraktikant After-Sales (m/w/d),recruitee,non_us,unstated,2026-09-11T06:36:05.000Z,2026-09-11T12:03:27.299Z,2026-09-29,2026-09-29
aa7ca7dc-a3ec-42a5-abaa-bc6a2c03f969,CTS Composite Technologie Systeme GmbH,Werkstudent (m/w/d) Bauingenieurwesen,recruitee,non_us,unstated,2026-07-31T07:35:00.000Z,2026-08-31T22:05:19.405Z,2026-09-29,2026-09-29
aaaa1be1-0761-4f3a-8103-c00c76ce12ae,Astranis,Software Engineer - Enterprise Systems Intern (Summer 2027),greenhouse,us,refuses,2026-09-25T21:56:45.000Z,2026-09-25T07:27:18.212Z,2026-09-29,2026-09-29
aaaa6378-a00c-405f-bfc7-737afe888a03,Zipline,Quality & Manufacturing Intern (Summer 2027),greenhouse,us,unstated,2026-09-17T17:05:10.000Z,2026-09-19T08:08:31.082Z,2026-09-29,2026-09-29
aaab14bf-b27b-463c-b1b4-68e3f7fb82c9,Interstates,Data Analyst Intern - (Spring 2027),greenhouse,us,unstated,2026-09-21T02:43:57.000Z,2026-09-14T13:36:55.349Z,2026-09-29,2026-09-29
aab01bac-2c80-4cc1-be46-da9cb79e5c87,Solarvest,Marketing Intern,workable,unknown,unstated,2026-05-25T00:00:00.000Z,2026-08-31T20:49:56.751Z,2026-09-29,2026-09-29
aab2106b-1451-4887-bddc-2fc212614be0,Simvia,Sales stage BENELUX (Nederlandstalig) - Growing Impact Scale Up,recruitee,non_us,unstated,2026-08-04T14:21:28.000Z,2026-09-01T10:46:07.345Z,2026-09-29,2026-09-29
aac00c86-5f32-455e-8d9d-534a5437b5a0,CFO Insights,Entrepreneur in Residence Intern (German speaker) CFO Insights,greenhouse,non_us,unstated,2026-08-28T05:15:23.000Z,2026-09-17T14:33:08.074Z,2026-09-29,2026-09-29
aac1c235-805a-4c34-a54c-aeb6b61a7b9a,HelloFresh,Legal & Compliance Intern (f/m/x),greenhouse,non_us,unstated,2026-09-24T15:26:12.000Z,2026-09-25T04:32:45.325Z,2026-09-29,2026-09-29
aadc0654-2665-425b-b387-65807ede7f2e,audibene / hear.com,Werkstudent Healthcare Logistics (m/w/d),greenhouse,non_us,unstated,2026-09-22T14:18:10.000Z,2026-09-14T11:57:05.432Z,2026-09-29,2026-09-29
aaf9ae6a-ea10-42a8-89d5-ea42eac08bff,Momentum,2027 MBA Summer Associate - Strategy & Operations,greenhouse,us,unstated,2026-08-03T13:40:40.000Z,2026-09-08T00:24:08.918Z,2026-09-29,2026-09-29
ab2e7244-f280-43ce-a300-0b4836d654ad,ASM,Mechanical Engineering Intern (Spring 2027),greenhouse,us,unstated,2026-08-21T10:10:55.000Z,2026-09-16T00:00:02.271Z,2026-09-29,2026-09-29
ab5358a8-b203-4f1a-b2cb-95407523ba56,Texas AirSystems,HVAC Sales/Project Engineer Internship - Summer 2027 - San Antonio,greenhouse,us,unstated,2026-09-21T22:36:00.000Z,2026-09-08T13:25:54.241Z,2026-09-29,2026-09-29
ab563e0b-da3d-4720-8e54-150ca0c5d0e6,AME Engineering,Mechanical Engineering Intern (Summer 2027),greenhouse,us,unstated,2026-09-23T16:20:02.000Z,2026-09-11T00:05:46.010Z,2026-09-29,2026-09-29
ab73a469-f7c1-40fa-b6a1-f9a87bbc76ca,Samsara,Electrical Engineering Co-Op,greenhouse,us,unstated,2026-09-25T20:07:56.000Z,2026-09-01T19:49:48.970Z,2026-09-29,2026-09-29
ab75c731-ab8b-4d76-8762-b78b9d6f5e42,BarentsKrans,Advocaat-stagiaire Commerciële Contracten,recruitee,non_us,unstated,2026-09-23T08:08:41.000Z,2026-09-24T16:26:09.280Z,2026-09-29,2026-09-29
ab7e2f77-4e47-4cf2-9c02-09596b272065,AME Engineering,Structural Engineering Intern (Summer 2027),greenhouse,us,unstated,2026-09-23T16:20:02.000Z,2026-09-09T16:34:22.603Z,2026-09-29,2026-09-29
ab8fa92a-6d31-45f7-ae5a-2bcba26843c4,Curi Capital,Wealth Management Intern,greenhouse,us,unstated,2026-09-16T22:19:47.000Z,2026-09-18T01:27:51.705Z,2026-09-29,2026-09-29
abb2d08e-7040-4b5c-bba0-8accbf619316,Jump Trading,Campus Data Engineer (Intern),greenhouse,us,unstated,2026-08-14T15:42:13.000Z,2026-09-01T19:49:42.704Z,2026-09-29,2026-09-29
abc56b42-4e61-4b24-9d24-91efe14cc546,Boggi Milano,Customer Service Support (STAGE),recruitee,non_us,unstated,2026-09-10T14:17:59.000Z,2026-09-10T19:35:35.954Z,2026-09-29,2026-09-29
ac09afcb-2b75-424b-ad5b-2286d40a64d5,Innovadis B.V.,Afstudeerstage,recruitee,non_us,unstated,2025-07-03T11:15:11.000Z,2026-08-31T04:22:51.236Z,2026-09-29,2026-09-29
ac312806-4066-4db0-85f0-8ac2272bf3bf,AlphaSights,"Summer Associate, Client Service, Portuguese Speaker 2027",greenhouse,us,refuses,2026-08-13T09:26:38.000Z,2026-09-15T09:26:29.832Z,2026-09-29,2026-09-29
ac3c09b1-627c-4686-901c-48ae40ac0d91,Whello B.V.,Stage Online Marketeer,recruitee,non_us,unstated,2026-09-17T07:57:42.000Z,2026-09-18T21:57:35.052Z,2026-09-29,2026-09-29
ac6b3a82-e709-4846-9faa-c58fc6e7137d,Blue Haven Initiative,BHI Civics Internship – Fall 2026 (Remote),greenhouse,unknown,unstated,2026-07-15T17:10:05.000Z,2026-09-09T17:40:32.726Z,2026-09-29,2026-09-29
ac9caeb3-aa9e-4c11-a31f-7b91497ed3ed,EquipmentShare,Intern: Fleet Corporate Sales,greenhouse,us,unstated,2026-09-21T23:28:30.000Z,2026-09-19T06:57:49.090Z,2026-09-29,2026-09-29
aca41756-64c5-4f39-9740-ed11270dba72,Defense Unicorns,SkillBridge Intern - Mission Manager,greenhouse,us,refuses,2026-08-04T21:05:50.000Z,2026-09-18T14:17:44.157Z,2026-09-29,2026-09-29
aca66c8f-90e5-493e-8ad1-220637dadb55,Lakshya Digital,3D Environment Internship,workable,non_us,unstated,2026-09-07T00:00:00.000Z,2026-09-07T05:31:53.039Z,2026-09-29,2026-09-29
acab7a28-d5bf-4c6b-a1bb-cb0cc3b1abe9,Vervoerregio Amsterdam,Open sollicitatie voor een stageplek,recruitee,non_us,unstated,2025-06-04T13:35:17.000Z,2026-08-31T22:49:41.596Z,2026-09-29,2026-09-29
acb216eb-8c74-440a-b8f5-24980a12f306,Dealer Totaal Concept B.V.,Werkstudent,recruitee,non_us,unstated,2025-01-23T16:44:14.000Z,2026-09-22T01:32:02.617Z,2026-09-29,2026-09-29
acb85243-db68-4240-8ff7-0b96ac27e897,Die Grenze BV,Stage/BBL Overdinkel,recruitee,non_us,unstated,2024-10-21T08:29:28.000Z,2026-08-31T04:12:20.250Z,2026-09-29,2026-09-29
acdf02da-dc53-4409-958a-3971729ae911,LABEYRIE FINE FOODS,Stage - Assistant.e chef.fe de produit snacking H/F – Paris,recruitee,non_us,unstated,2026-09-14T12:42:15.000Z,2026-09-15T08:46:01.713Z,2026-09-29,2026-09-29
ace8c2c7-5498-447a-9b7a-35d8b5cc64f4,ZADRA-Gruppe,UP+GO! Praktikum,recruitee,non_us,unstated,2023-10-24T19:53:56.000Z,2026-09-01T10:44:19.505Z,2026-09-29,2026-09-29
acea699b-a8ee-48d8-a642-95c82403f31d,Nord-Ostsee Automobile,Praktikum im Center Trittau (m/w/d),recruitee,non_us,unstated,2026-07-15T06:11:40.000Z,2026-09-02T17:29:57.069Z,2026-09-29,2026-09-29
aceb69ee-29f9-4cda-82a9-1a6e7068bf32,Roblox,[Summer 2027] Product Management Intern,greenhouse,us,unstated,2026-09-26T18:34:19.000Z,2026-09-02T20:25:27.403Z,2026-09-29,2026-09-29
acf2dead-33a2-49c5-b472-e4cbdc9a3706,OneEthos,Product Management Intern (Fall 2026),greenhouse,us,unstated,2026-09-10T18:47:46.000Z,2026-09-09T23:46:16.641Z,2026-09-29,2026-09-29
acf974f1-f8fe-4a9e-9fbe-c175a5a51dd3,Scalapay,Receptionist Intern (6months),greenhouse,non_us,unstated,2026-09-22T14:01:10.000Z,2026-09-25T14:14:19.119Z,2026-09-29,2026-09-29
ad24b1c0-70f1-401e-a96e-1d7944bd59b5,EquipmentShare,Intern: Learning Systems,greenhouse,us,unstated,2026-09-28T12:43:06.000Z,2026-09-28T14:02:54.919Z,2026-09-29,2026-09-29
ad2ddeb0-eb3e-49f5-816d-d6d4a280c56e,Friday Recruitment,Stage of Afstudeerstage Bouwkunde,recruitee,non_us,unstated,2026-09-03T09:35:21.000Z,2026-09-03T10:02:34.716Z,2026-09-29,2026-09-29
ad47ba2c-6048-4734-a0a1-8cce9bb80efc,OptiSigns Inc.,"""The Next Alpha"" Training Program For QC Intern",workable,non_us,unstated,2026-09-15T00:00:00.000Z,2026-09-17T20:17:52.290Z,2026-09-29,2026-09-29
ad89cabf-2832-4bd5-b10e-b71883831c28,Zipline,Controls Engineer Intern (Summer 2027),greenhouse,us,unstated,2026-09-17T17:05:10.000Z,2026-09-19T08:08:31.082Z,2026-09-29,2026-09-29
adb521e7-f2e5-4511-988c-7d5c40470531,PlanetHome Group GmbH,Werkstudent (m/w/d) Pre-Sales Investment,recruitee,non_us,unstated,2026-08-13T13:57:47.000Z,2026-08-31T04:32:39.993Z,2026-09-29,2026-09-29
adf3074e-45a8-4779-afa5-04c26ccaa44d,Miebach Consulting GmbH,Werkstudent*in Simulation,recruitee,non_us,unstated,2025-01-09T10:57:17.000Z,2026-08-31T04:28:32.094Z,2026-09-29,2026-09-29
ae0860ea-a7cf-4cf7-a253-fa04f5b2f725,Point72,2027 Point72 Academy Investment Analyst Summer Internship Program - Japan (BCF),greenhouse,non_us,unstated,2026-09-15T21:33:58.000Z,2026-09-01T19:49:27.998Z,2026-09-29,2026-09-29
ae1b0d4b-dda2-4177-9953-d4fc480cfe23,Institut Mines-Télécom,Internship in Stretchable Electronics & Optics for Artificial Skin Demonstrators - 4 to 6 months,recruitee,non_us,unstated,2026-09-18T07:48:21.000Z,2026-09-18T10:57:09.545Z,2026-09-29,2026-09-29
ae1c1496-d5b5-402f-bc3e-304e57bfa652,Pathstone,Summer Advisory Internship,greenhouse,us,refuses,2026-09-21T15:27:45.000Z,2026-09-22T11:59:00.881Z,2026-09-29,2026-09-29
ae1fd3b0-9792-4d0d-b5a2-0c12c638a199,Zipline,Maps Intern (Spring 2027),greenhouse,us,unstated,2026-09-17T17:05:10.000Z,2026-09-19T08:08:31.082Z,2026-09-29,2026-09-29
ae3632f5-30c2-4fa2-a093-c631126afa00,Friday Recruitment,Stage ICT Support,recruitee,non_us,unstated,2026-09-29T09:31:59.000Z,2026-09-29T14:03:14.139Z,2026-09-29,2026-09-29
ae551aa4-b9fb-45ff-afa1-d249b6fadb89,Gallup,Workplace Advisory Consulting Intern — Summer 2027,greenhouse,unknown,refuses,2026-09-08T23:39:07.000Z,2026-09-19T10:26:35.376Z,2026-09-29,2026-09-29
ae587fc0-7335-492a-9d2f-712f621ceae2,Control Risks,Project Operations Intern,workable,non_us,unstated,2026-09-24T00:00:00.000Z,2026-09-25T05:02:49.383Z,2026-09-29,2026-09-29
ae5945da-9be3-45ce-be93-b30e5d211d9f,Rush Street Interactive,Product Marketing Internship- Spring 2027,greenhouse,us,unstated,2026-09-21T14:45:59.000Z,2026-09-11T00:24:39.764Z,2026-09-29,2026-09-29
ae757f74-0089-4abc-85b2-cc7f74d837b0,BarentsKrans,Advocaat-stagiaire Corporate / M&A,recruitee,non_us,unstated,2025-01-17T15:14:47.000Z,2026-08-31T04:06:59.287Z,2026-09-29,2026-09-29
ae9e90ec-a9bd-44b3-879a-4b80533a613a,Schonfeld,2027 Data Science Intern,greenhouse,us,unstated,2026-09-22T13:15:59.000Z,2026-09-04T18:36:16.265Z,2026-09-29,2026-09-29
aeedec75-189a-483f-8154-a4bc73069031,Wight & Company,Building Structural Engineering Intern - Summer 2027,greenhouse,us,unstated,2026-09-01T13:33:42.000Z,2026-09-01T20:25:38.787Z,2026-09-29,2026-09-29
af417123-5708-44f0-9b6c-a92275be6db8,Prijsvrij Vakanties,Stage Marketing - Customer Journey,recruitee,non_us,unstated,2026-09-23T10:52:11.000Z,2026-09-25T07:04:18.406Z,2026-09-29,2026-09-29
af5bce99-0ba0-4b6c-9eee-a14563e64665,AltaLink,Co-Op Students (Operations and Projects),workable,non_us,unstated,2026-09-21T00:00:00.000Z,2026-09-24T22:02:30.889Z,2026-09-29,2026-09-29
af7ab23e-d046-4c87-9e29-785f867837bc,Benesch,Municipal Engineering Internship,greenhouse,us,unstated,2026-09-15T17:21:57.000Z,2026-09-15T12:10:06.929Z,2026-09-29,2026-09-29
af8de22d-eba0-4354-b1dc-c11288ecd84d,Curi Capital,Wealth Builder Intern,greenhouse,us,unstated,2026-09-16T22:30:27.000Z,2026-09-18T01:27:51.705Z,2026-09-29,2026-09-29
afaad2b9-dbe4-45d8-b1b2-a4ce33110811,GAEV Dental,Stagiair Tandartsassistent,recruitee,non_us,unstated,2023-11-23T14:09:24.000Z,2026-08-31T04:18:32.208Z,2026-09-29,2026-09-29
afb48b46-7eb8-4496-b99b-e2564216fa68,SpaceX,Spring 2027 Civil Engineering Internship,greenhouse,us,unstated,2026-09-01T23:48:33.000Z,2026-08-03T19:52:15.354Z,2026-09-29,2026-09-29
afcf9c7e-0289-42ec-aa8e-5be91108d632,StraitsX,Software Engineer Intern - Card Issuing Team,greenhouse,non_us,unstated,2026-08-03T14:38:40.000Z,2026-09-08T04:58:52.809Z,2026-09-29,2026-09-29
afd469b1-6fcb-4bfc-b285-de95515d425f,Scalapay,In-Store Operations intern - bilingual French/Italian (6-months),greenhouse,non_us,unstated,2026-07-29T13:11:29.000Z,2026-09-08T02:41:43.584Z,2026-09-29,2026-09-29
afda414f-f38e-40dc-a2fb-acf0d87cf221,Hotel TwentySeven,Stagiair(e) Butler,recruitee,non_us,unstated,2026-09-28T14:09:35.000Z,2026-09-29T15:28:04.177Z,2026-09-29,2026-09-29
afe9e54a-4446-4145-8d53-b0adac34a92e,My Jewellery,Stagiair Groningen,recruitee,non_us,unstated,2026-06-24T13:08:14.000Z,2026-08-31T04:31:26.425Z,2026-09-29,2026-09-29
affddf28-d66d-44de-8a70-02a1840fde81,Intrepid Asia,Performance Marketing Intern (Shopee/Tiktokshop),workable,non_us,unstated,2026-09-24T00:00:00.000Z,2026-09-26T06:35:47.236Z,2026-09-29,2026-09-29
b00f03e9-cb90-468b-9c92-27ead04a37d1,TYTAN Technologies GmbH,Governmental & Public Affairs Internship/Working Student -  (f/m/d),recruitee,non_us,unstated,2026-08-14T10:25:48.000Z,2026-08-31T13:37:25.107Z,2026-09-29,2026-09-29
b02546b8-cf6b-48ba-95ff-01bd7a9e0c28,ALKU,Sales Internship Program,greenhouse,unknown,refuses,2026-09-25T15:25:55.000Z,2026-09-01T19:02:52.178Z,2026-09-29,2026-09-29
b0259c2f-39e7-4e5f-9b0c-94e845805ab4,Jackson Thornton,Spring 2028 Tax Internship,greenhouse,us,unstated,2026-09-14T21:32:07.000Z,2026-09-20T22:21:05.546Z,2026-09-29,2026-09-29
b09635da-32d3-4918-a3f6-ff5c1d84caa5,Matera,Bras droit CEO / Chief of Staff  (Stage - Paris),recruitee,non_us,unstated,2026-09-25T14:57:29.000Z,2026-09-27T01:59:22.995Z,2026-09-29,2026-09-29
b0971221-4857-4f9a-a854-3f77808e26f8,Security Risk Advisors,CyberSOC Co-op - 2027 (US Green Shift),workable,us,unstated,2026-09-08T00:00:00.000Z,2026-09-09T02:29:14.484Z,2026-09-29,2026-09-29
b0c33b4e-f971-452d-a1a4-aa4d807cfb00,F.H. Paschen,Construction Intern - Raleigh Summer 2027,workable,us,unstated,2026-08-21T00:00:00.000Z,2026-08-31T04:34:43.688Z,2026-09-29,2026-09-29
b0db6fe7-c282-40fe-b425-e7d1a40c5ba8,Omroep Gelderland,Stagiair(e) redacteur/verslaggever bij jongerenplatform Kalm An,recruitee,non_us,unstated,2026-09-17T12:59:16.000Z,2026-09-18T13:16:55.547Z,2026-09-29,2026-09-29
b0eeb390-9b68-4a26-a012-84cabb96902e,atlantic.vc,Founder Associate - Portfolio Opportunities,recruitee,non_us,unstated,2026-01-28T13:14:12.000Z,2026-08-31T04:25:31.068Z,2026-09-29,2026-09-29
b0f2fa99-ca03-4afa-aced-1326c5cc4050,everdrop GmbH,Internship Online Marketing / Performance Marketing (m/f/d),recruitee,non_us,unstated,2026-07-09T06:18:36.000Z,2026-08-31T22:11:46.435Z,2026-09-29,2026-09-29
b0f38f87-cb26-4daf-9ae4-6671712c2b5a,Eintracht Frankfurt Fußball AG,Rechtsreferendar (m/w/d),recruitee,non_us,unstated,2026-09-22T07:22:06.000Z,2026-09-22T11:55:58.901Z,2026-09-29,2026-09-29
b0ff4364-e246-4396-9a18-83f0cd4ef3df,Vertigo,Game Developer - Intern,workable,non_us,unstated,2026-08-31T00:00:00.000Z,2026-08-31T21:22:12.734Z,2026-09-29,2026-09-29
b1019f4d-9561-49b6-b12e-e5a16b548422,Televic Rail,THESIS - Health status of embedded  devices installed on trains,recruitee,non_us,unstated,2026-03-18T09:37:08.000Z,2026-09-02T19:48:40.321Z,2026-09-29,2026-09-29
b11b9fb9-8e72-4602-9a8c-b3e9ff584e34,CoverManager,Social Media Intern,recruitee,non_us,unstated,2026-09-25T12:05:40.000Z,2026-09-25T13:26:31.787Z,2026-09-29,2026-09-29
b1494533-6e4b-48c9-b775-04b859162d0b,Intrinsic Development,Architectural Design Intern,greenhouse,us,unstated,2026-04-24T21:07:55.000Z,2026-09-20T16:05:18.339Z,2026-09-29,2026-09-29
b15f9026-e038-442d-a86c-520e6705112a,Intersnack Deutschland SE,Werkstudent (m/w/d) Controlling,recruitee,non_us,unstated,2026-09-24T08:20:18.000Z,2026-09-27T00:27:37.935Z,2026-09-29,2026-09-29
b1672f79-d58e-47b9-b97e-153d07b827a8,Consigli Construction,Field Operations Intern (Summer 2027),workable,us,unstated,2026-08-26T00:00:00.000Z,2026-08-31T04:24:01.655Z,2026-09-29,2026-09-29
b16c4990-df7c-44f9-9dea-de5e146db557,Somerce,Data Operations Intern,workable,non_us,unstated,2026-08-26T00:00:00.000Z,2026-08-31T20:50:06.354Z,2026-09-29,2026-09-29
b16c5d5a-781a-493e-8edb-9ab071882164,Hotel TwentySeven,Stagiair(e) Housekeeping Supervisor,recruitee,non_us,unstated,2026-09-11T13:32:45.000Z,2026-09-11T21:26:05.571Z,2026-09-29,2026-09-29
b171cc36-d38d-4cfe-b605-59c030c60a6d,Benesch,Structural Engineering Internship,greenhouse,us,unstated,2026-09-25T20:00:05.000Z,2026-09-27T03:13:58.605Z,2026-09-29,2026-09-29
b1c7fd9f-f23a-46b9-bdb9-917685f26484,D-reizen,Stage Reisadviseur,recruitee,non_us,unstated,2024-11-21T15:16:36.000Z,2026-08-31T04:13:37.359Z,2026-09-29,2026-09-29
b1cbd731-2df3-4de5-9cae-f6e20204e13e,Consigli Construction,Quality Intern (Summer 2027),workable,us,unstated,2026-08-26T00:00:00.000Z,2026-08-31T04:24:01.655Z,2026-09-29,2026-09-29
b1cc1984-2e92-41c5-be89-74a618ea4591,Die Grenze BV,Stage/BBL Almelo Galerij,recruitee,non_us,unstated,2024-10-21T08:31:47.000Z,2026-08-31T04:12:20.250Z,2026-09-29,2026-09-29
b1ce5c3f-baa3-450f-886e-01c961efb245,SimplifyNext,Human Resources Intern,greenhouse,non_us,unstated,2026-09-23T07:33:53.000Z,2026-08-31T21:21:51.995Z,2026-09-29,2026-09-29
b1d05ac0-bf14-422a-af44-a2ba6f24b5f2,Cloudlinux,C Developer Intern (remote work),workable,non_us,unstated,2026-09-24T00:00:00.000Z,2026-09-25T04:41:33.374Z,2026-09-29,2026-09-29
b1d07dff-8bdf-4d6c-84ff-b52cbec10bf1,EquipmentShare,Intern: Accounting,greenhouse,us,unstated,2026-09-21T23:28:30.000Z,2026-09-19T06:57:49.090Z,2026-09-29,2026-09-29
b1e61113-37eb-4ca8-a166-dcc624a5881a,"Huawei Technologies Canada Co., Ltd.","Co-op Researcher - Machine Learning, Speech & Audio AI",recruitee,non_us,unstated,2026-08-21T17:08:22.000Z,2026-08-31T04:21:36.768Z,2026-09-29,2026-09-29
b1eca835-ca76-4fde-ba54-ac4364d15f6c,Greenpeace Belgium,Internship Greenpeace Investigations,recruitee,non_us,unstated,2026-09-21T14:53:22.000Z,2026-09-22T02:45:39.760Z,2026-09-29,2026-09-29
b1fb12a0-0578-4da7-af0f-d20ead71bb9a,Geoprobe Systems®,Pre-Engineering Intern (Summer 2027),workable,us,unstated,2026-09-01T00:00:00.000Z,2026-09-01T19:51:07.818Z,2026-09-29,2026-09-29
b1ff3d9f-7304-4bd1-a7ef-1ccbc9ade897,Neuralink,"Electrical Engineer Intern, Implant Embedded Systems",greenhouse,us,unstated,2026-09-25T01:18:21.000Z,2026-09-08T00:24:09.614Z,2026-09-29,2026-09-29
b20ee45f-ada1-4a02-8b1a-e39b878c0c81,Friday Recruitment,Stage Finance,recruitee,non_us,unstated,2026-09-29T09:33:25.000Z,2026-09-29T14:03:14.139Z,2026-09-29,2026-09-29
b20ee8c1-5a87-45ab-a069-5f4c53a6f778,Nord-Ostsee Automobile,Praktikum im Center Hyundai Neumünster (m/w/d),recruitee,non_us,unstated,2026-07-15T06:29:20.000Z,2026-09-02T17:29:57.069Z,2026-09-29,2026-09-29
b21568f6-99bb-412c-b89d-728f2ce1d8ca,Astranis,Mechanical Engineer Intern (Summer 2027),greenhouse,us,refuses,2026-09-25T21:56:40.000Z,2026-08-15T06:01:19.580Z,2026-09-29,2026-09-29
b2281a3b-0c6c-47d0-89a2-f12ea4c0c7ae,VeriCon,Stage bouwkunde,recruitee,non_us,unstated,2026-06-24T09:05:58.000Z,2026-08-31T22:49:41.234Z,2026-09-29,2026-09-29
b26398d8-f62b-4be7-8e6b-1004bb2f2b8a,settels savenije group of companies,HBO Stage Marketing & Communicatie – Bouw mee aan de zichtbaarheid van STTLS,recruitee,non_us,unstated,2026-08-07T14:06:09.000Z,2026-08-31T04:38:11.247Z,2026-09-29,2026-09-29
b2839ab1-ffde-40ce-9af0-e820106565aa,General Assembly,Marketing Intern,greenhouse,non_us,unstated,2025-12-01T15:44:50.000Z,2026-08-31T04:35:20.450Z,2026-09-29,2026-09-29
b28d867b-5418-4240-b37d-e490fdee1331,Jump Trading,Campus Data Engineer (Intern),greenhouse,non_us,unstated,2026-08-18T22:15:30.000Z,2026-09-01T19:49:42.704Z,2026-09-29,2026-09-29
b29048d4-4346-46ec-9290-6c649a6cacf3,Retail Insights,Sales Internship at Retail Insights,greenhouse,non_us,unstated,2026-08-28T05:17:05.000Z,2026-09-08T02:41:43.604Z,2026-09-29,2026-09-29
b2b78cc3-2794-4987-8d8c-08819f68a837,BMAT Music Innovators,Operations Specialist Internship,workable,non_us,unstated,2026-09-21T00:00:00.000Z,2026-09-22T01:37:02.698Z,2026-09-29,2026-09-29
b2bdbe9a-b433-4022-a7b0-b4a63195a83c,Monday Merch,HR Intern 2027 | Fast growing scale-up,recruitee,non_us,unstated,2026-09-23T10:14:16.000Z,2026-09-25T06:27:47.187Z,2026-09-29,2026-09-29
b2db9b32-943c-46dd-ad82-2a77e4ebaffc,emnify,Marketing Internship,greenhouse,non_us,unstated,2026-09-09T09:10:54.000Z,2026-09-09T11:41:52.829Z,2026-09-29,2026-09-29
b2dc8409-b035-4928-a0ef-41164908bec3,Force Factor,Summer 2027 E-Commerce Intern,greenhouse,us,unstated,2026-09-09T14:52:35.000Z,2026-09-19T08:06:15.741Z,2026-09-29,2026-09-29
b2e07240-8eef-482e-b1ab-4f91c27a1615,Parfumado,Customer Happiness & Communication Intern,recruitee,non_us,unstated,2026-09-09T07:51:04.000Z,2026-09-09T17:31:14.122Z,2026-09-29,2026-09-29
b301d540-70b2-4ad9-81cc-faedc28b73f9,Nord-Ostsee Automobile,Praktikum im Center Hyundai Itzehoe (m/w/d),recruitee,non_us,unstated,2026-07-15T06:19:25.000Z,2026-09-02T17:29:57.069Z,2026-09-29,2026-09-29
b32e10fd-a8c5-4052-bd00-68098d410509,"Huawei Technologies Canada Co., Ltd.",Co-op Engineer - AI Software Engineering,recruitee,non_us,unstated,2026-06-17T20:42:02.000Z,2026-08-31T04:21:36.768Z,2026-09-29,2026-09-29
b3408226-8488-40c7-8230-120d416bc7ca,Houthoff,Student-stagiaire Amsterdam,recruitee,non_us,unstated,2025-04-24T08:00:02.000Z,2026-08-31T04:21:36.778Z,2026-09-29,2026-09-29
b373071e-73f4-4cdf-8bc9-a5c9a09c4393,MHIE-CPD,Treasury Intern at MHI International Investment B.V.,recruitee,non_us,unstated,2025-01-20T14:50:21.000Z,2026-08-31T04:27:11.768Z,2026-09-29,2026-09-29
b3bfea9c-520f-4364-9e50-d010e0e50bf7,Solarvest,Public Relations Intern,workable,unknown,unstated,2025-07-28T00:00:00.000Z,2026-08-31T20:49:56.751Z,2026-09-29,2026-09-29
b3f684e5-2b7e-4b96-97f5-b91f23207319,ConnectPrep,Data Analyst Internship,workable,us,refuses,2026-08-13T00:00:00.000Z,2026-08-31T04:25:18.392Z,2026-09-29,2026-09-29
b3fed9d3-41a7-4775-b73a-eefb02ad44f2,Astranis,Software Engineer Backend Intern (Summer 2027),greenhouse,us,refuses,2026-09-25T21:56:44.000Z,2026-09-25T07:27:18.212Z,2026-09-29,2026-09-29
b40d30ce-4a0e-4557-8ea8-0de774f85bf8,Zinnov,Intern - Employer Branding,greenhouse,non_us,unstated,2026-09-24T04:44:45.000Z,2026-09-24T03:44:30.667Z,2026-09-29,2026-09-29
b4109d5b-ae8c-4bdb-9fce-f67fa8443300,Vivaldi Group,Intern - Consulting,workable,non_us,unstated,2022-06-21T00:00:00.000Z,2026-08-31T21:22:54.556Z,2026-09-29,2026-09-29
b4146f30-e050-464f-ab72-3cb553f0e528,Jump Trading,Campus Software Engineer (Intern),greenhouse,us,unstated,2026-08-08T05:01:43.000Z,2026-09-01T19:49:42.704Z,2026-09-29,2026-09-29
b44b7a3f-4409-4d43-bc23-ce86c3fb9c0a,Landor,Chef de projet (stagiaire),greenhouse,non_us,unstated,2026-09-18T01:37:06.000Z,2026-09-08T10:52:21.137Z,2026-09-29,2026-09-29
b44dced4-ae3f-4d37-874e-e80d85d7f517,Xcellink Pte Ltd,Talent Sourcing Intern (3 to 4 months Internship),workable,non_us,unstated,2025-12-22T00:00:00.000Z,2026-08-31T21:24:55.947Z,2026-09-29,2026-09-29
b468077e-7c8a-48a2-a829-676ee5d94d02,Heritage Holdings,Client Operations Intern,greenhouse,non_us,unstated,2026-09-18T16:26:08.000Z,2026-09-20T11:52:51.057Z,2026-09-29,2026-09-29
b472180b-f50b-419f-be45-d19a078a28b6,HP IQ,"Software Engineering Intern, Product Security (Summer 2027)",greenhouse,us,unstated,2026-08-31T19:22:01.000Z,2026-09-01T09:13:55.963Z,2026-09-29,2026-09-29
b47a5f2a-a553-4747-9c6d-c46378419321,Interstates,Assistant Project Manager Intern (Summer 2027) - National Travel,greenhouse,us,unstated,2026-09-16T19:58:35.000Z,2026-09-09T21:23:46.590Z,2026-09-29,2026-09-29
b4a9cd8b-db72-4892-bfdd-82a66b84c7b6,Costello Medical,Analyst/Medical Writer Internship,workable,us,refuses,2026-01-29T00:00:00.000Z,2026-08-31T04:25:15.274Z,2026-09-29,2026-09-29
b4a9cde7-2edd-4f64-a7e2-74f4ee175c61,Remotebase,People Operations Intern,workable,unknown,unstated,2026-09-24T00:00:00.000Z,2026-09-26T07:44:19.044Z,2026-09-29,2026-09-29
b4aa4555-0286-4a8d-83f8-da19f7636939,CoverGo,Human Resources Intern (Immediate Hire) - Fully Remote,workable,non_us,unstated,2026-05-25T00:00:00.000Z,2026-08-31T04:24:46.611Z,2026-09-29,2026-09-29
b4aedf4b-1f4a-4a5b-860b-c2f7eacbf23a,Zero Motorcycles Inc.,Marketing & Communication Intern (HBO),recruitee,non_us,unstated,2026-07-02T13:48:53.000Z,2026-08-31T13:37:21.513Z,2026-09-29,2026-09-29
b4c1d564-f354-419d-b6cc-eaf5a5a3f495,Zipline,Supplier Industrialization Engineering Intern (Summer 2027),greenhouse,us,unstated,2026-09-17T17:05:10.000Z,2026-09-19T08:08:31.082Z,2026-09-29,2026-09-29
b4d2024e-6c24-42b2-be31-350549c9b3b1,AME Engineering,BIM Modeling Intern (Summer 2027),greenhouse,us,unstated,2026-09-23T16:20:02.000Z,2026-09-09T16:34:22.603Z,2026-09-29,2026-09-29
b4d5d3ae-4a3a-4e9a-ac31-741b2ee93a05,EquipmentShare,Intern: Engineering (Embedded),greenhouse,us,unstated,2026-09-21T23:28:30.000Z,2026-09-19T06:57:49.090Z,2026-09-29,2026-09-29
b4e4fbc4-68dd-48d7-9dce-25291723ff20,"Huawei Technologies Canada Co., Ltd.",Intern Researcher - Multimodal Learning,recruitee,non_us,unstated,2026-06-03T15:00:28.000Z,2026-08-31T04:21:36.768Z,2026-09-29,2026-09-29
b5320bbd-5b25-4140-b231-1d9c849542eb,Monday Merch,Internship Inbound & Outbound Sales at Fast Growing Startup in the centre of Rotterdam,recruitee,non_us,unstated,2026-06-05T20:34:49.000Z,2026-08-31T04:28:35.756Z,2026-09-29,2026-09-29
b55fc336-1594-412a-8238-f7f43b411477,Astranis,Power Electronics Intern (Summer 2027),greenhouse,us,refuses,2026-09-25T21:56:48.000Z,2026-09-25T07:27:18.212Z,2026-09-29,2026-09-29
b57eba01-8db0-4fb5-8237-4ffa66ec0aac,Middlebury College,New Perennials Summer Internship,workable,us,unstated,2026-03-17T00:00:00.000Z,2026-08-31T20:24:17.480Z,2026-09-29,2026-09-29
b6116aa1-508b-473d-a767-93acec5d8462,Neuralink,Robot Optics Intern,greenhouse,us,unstated,2026-09-25T01:18:21.000Z,2026-09-08T00:24:09.614Z,2026-09-29,2026-09-29
b61c89c4-c03f-46a9-98ce-1f7a561ac85a,Shift Technology,Data Science Internship,greenhouse,non_us,unstated,2026-09-10T09:22:07.000Z,2026-08-31T20:11:59.678Z,2026-09-29,2026-09-29
b6362381-5930-4ecd-af1b-727538f6ec2b,Astranis,Electrical Reliability Intern (Fall 2026),greenhouse,us,refuses,2026-09-25T21:56:37.000Z,2026-08-03T19:50:14.151Z,2026-09-29,2026-09-29
b6408740-6d98-4a28-8c4b-9e61b2f685e9,SuperStaff,Procurement & Admin Services Intern,workable,unknown,unstated,2026-09-01T00:00:00.000Z,2026-09-01T19:02:16.279Z,2026-09-29,2026-09-29
b6431150-93b0-4b4b-82e4-f6986d464205,cbs Corporate Business Solutions GmbH,Werkstudent - Master Data Management (MDM) (m/w/d),recruitee,non_us,unstated,2026-07-27T06:54:01.000Z,2026-08-31T04:09:44.416Z,2026-09-29,2026-09-29
b6793a4e-7c27-4c41-acfd-767b1c1730e4,Zipline,Commercial Strategy & Operations Intern (Summer 2027),greenhouse,us,refuses,2026-09-17T17:05:10.000Z,2026-09-19T08:08:31.082Z,2026-09-29,2026-09-29
b67b92e5-9648-4b88-a1c4-911c348ff811,We Are Social,Intern - Social Media Manager,workable,non_us,unstated,2026-08-14T00:00:00.000Z,2026-08-31T20:15:23.618Z,2026-09-29,2026-09-29
b68a7b14-90f5-421b-8eec-0e87966771d3,Ballast Nedam,Stage Infrastructuur Civiele Constructies,recruitee,non_us,unstated,2026-03-26T12:17:04.000Z,2026-08-31T04:07:03.836Z,2026-09-29,2026-09-29
b6907d10-0ba1-4706-b4cf-e00bab3a73f1,My Jewellery,Werkstudent Oberhausen Centro (m/w/d),recruitee,non_us,unstated,2026-08-27T12:43:20.000Z,2026-08-31T04:31:26.425Z,2026-09-29,2026-09-29
b69ed3f0-db87-4cdc-a849-7c95634a8f4f,Advancy Partners,Frankfurt - Internship Strategy Consultancy,recruitee,non_us,unstated,2024-04-24T20:58:44.000Z,2026-08-31T04:04:21.868Z,2026-09-29,2026-09-29
b6b1638d-782a-4c0b-a605-fa3d6da9de47,Orfium,"Business Intelligence Analyst Intern (Applications Only through ""Atlas"")",workable,non_us,unstated,2026-09-21T00:00:00.000Z,2026-09-24T08:09:12.805Z,2026-09-29,2026-09-29
b6be616a-816f-439a-88ff-efc3da2dee6a,Rush Street Interactive,Graphic Design Internship- Spring 2027,greenhouse,us,unstated,2026-09-21T14:45:59.000Z,2026-09-11T00:24:39.764Z,2026-09-29,2026-09-29
b724820b-0774-4388-813f-5a7337286165,Consigli Construction,Field Operations Co-op (Spring 2027),workable,us,unstated,2026-07-06T00:00:00.000Z,2026-08-31T04:24:01.655Z,2026-09-29,2026-09-29
b72ba3ba-0d6c-4b8a-bb81-d5bf6b9040fc,Nord-Ostsee Automobile,Praktikum im Center Reinbek (m/w/d),recruitee,non_us,unstated,2026-07-15T06:09:03.000Z,2026-09-02T17:29:57.069Z,2026-09-29,2026-09-29
b7376e13-ecd4-452f-9a38-7fbc93828cff,F.H. Paschen,Construction Intern - Atlanta Summer 2027,workable,us,unstated,2026-08-21T00:00:00.000Z,2026-08-31T04:34:43.688Z,2026-09-29,2026-09-29
b74a57c2-2135-42d5-afb6-bb219ab6b944,NetEase Games,SG Campus Recruitment - Localization QA (LQA) Intern,greenhouse,non_us,unstated,2026-09-15T07:01:37.000Z,2026-08-31T16:29:21.717Z,2026-09-29,2026-09-29
b765b533-06eb-42e6-96d4-5f5a34cfdf39,QuiX Quantum BV,Quantum Hardware Intern / Working Student,greenhouse,non_us,unstated,2026-03-24T13:26:15.000Z,2026-09-01T10:43:08.026Z,2026-09-29,2026-09-29
b76be96b-3518-4951-8d29-a8572168165b,Chesapeake Contracting Group,Edge Intern 2027,workable,us,unstated,2026-09-21T00:00:00.000Z,2026-09-22T02:32:58.605Z,2026-09-29,2026-09-29
b7843105-06ec-4fb2-84c9-c868055976a0,SpaceX,Summer 2027 Graduate Engineer Internship/Co-op,greenhouse,us,unstated,2026-09-01T23:48:33.000Z,2026-08-03T19:52:15.354Z,2026-09-29,2026-09-29
b78edf99-83fb-4d0d-8fba-e0cd905eb485,Stoke Space,Summer 2027 Internship - Operations,greenhouse,us,refuses,2026-09-10T15:33:33.000Z,2026-09-08T04:27:45.030Z,2026-09-29,2026-09-29
b7c168aa-2e3c-4907-870f-4abeda356261,Friday Recruitment,Afstudeerstage Predictive Maintenance,recruitee,non_us,unstated,2026-09-26T10:10:09.000Z,2026-09-26T23:14:24.997Z,2026-09-29,2026-09-29
b7ce3182-bd61-4230-a933-610f73389bf3,Solarvest,Human Resource Intern (Penang),workable,unknown,unstated,2026-02-06T00:00:00.000Z,2026-08-31T20:49:56.751Z,2026-09-29,2026-09-29
b7d7e6f0-69f5-46fc-84c3-45ce3207813d,threon NV,Internship I Project Management,recruitee,non_us,unstated,2026-05-29T06:01:03.000Z,2026-08-31T05:18:22.194Z,2026-09-29,2026-09-29
b7dae1f7-f4a1-4351-b564-b87bbd9d0e2b,MORROW & MORROW Medical,Commercial Team Internship,workable,non_us,unstated,2026-07-09T00:00:00.000Z,2026-08-31T20:25:15.887Z,2026-09-29,2026-09-29
b7f6e922-bd12-4293-a126-34c99d35b9e7,Flora Food Group,studentisches Praktikum (m/w/d) - Arbeitssicherheit,greenhouse,non_us,unstated,2026-09-22T15:12:43.000Z,2026-09-19T08:34:38.225Z,2026-09-29,2026-09-29
b823bdef-f526-4e28-9a2f-db067b172226,Mintel,Werkstudent (m/w/d) Sales & Office Management,greenhouse,non_us,unstated,2026-09-25T10:42:31.000Z,2026-09-01T19:53:24.151Z,2026-09-29,2026-09-29
b832e122-d9d6-485a-813f-5d0fb162fc26,Keywords Studios,Internship Video Game Tester - Gurgaon,workable,non_us,unstated,2026-09-10T00:00:00.000Z,2026-09-10T16:34:04.865Z,2026-09-29,2026-09-29
b8435057-fd7b-4019-a490-7656fc623e68,Athora Netherlands,Werkstudent - Customer Contact,recruitee,non_us,unstated,2026-08-21T11:26:31.000Z,2026-08-31T04:07:02.189Z,2026-09-29,2026-09-29
b86052c9-72c2-47e9-97e0-8630c02a89f2,Bauer Entertainment Marketing,Fall 2026 Marketing Intern,breezy,us,unstated,2026-09-16T22:49:21.693Z,2026-09-18T08:30:52.648Z,2026-09-29,2026-09-29
b86604a5-2a15-438c-a31a-28ef6b9cdbc8,Ackerherz,Werkstudent:in Business Operations (m/w/d),workable,non_us,unstated,2026-08-31T00:00:00.000Z,2026-08-31T21:54:53.239Z,2026-09-29,2026-09-29
b8ab1411-1ae7-4912-aad4-0f96431f2503,Landor,Strategy Intern,greenhouse,non_us,unstated,2026-09-18T01:37:06.000Z,2026-09-07T21:40:55.595Z,2026-09-29,2026-09-29
b8c8c789-09da-42d5-a192-2a017b29e4cd,Robust Open Online Safety Tools,Software Engineer — Coop Project,breezy,unknown,unstated,2026-08-24T19:16:14.948Z,2026-09-02T17:28:29.074Z,2026-09-29,2026-09-29
b8f47e4a-7291-42ba-bd82-0498f7fb67f8,Wurl,Data Science Intern,greenhouse,us,unstated,2026-09-24T12:26:35.000Z,2026-09-25T03:47:07.297Z,2026-09-29,2026-09-29
b8feaf12-70e8-4297-82d9-957a1eaa92cc,Pels Rijcken,Advocaat-stagiair Privacy Recht,recruitee,non_us,unstated,2026-08-03T10:18:22.000Z,2026-08-31T04:32:41.160Z,2026-09-29,2026-09-29
b9004ef8-7b53-40b1-9498-827b3adf6218,EquipmentShare,Intern: Software Engineer,greenhouse,us,unstated,2026-09-21T23:28:30.000Z,2026-09-19T06:57:49.090Z,2026-09-29,2026-09-29
b900cf2c-83c8-4b5c-8ef8-7b55cbd95214,Wight & Company,Building Mechanical Engineering Intern - Summer 2027,greenhouse,us,unstated,2026-09-01T13:30:23.000Z,2026-09-01T20:25:38.787Z,2026-09-29,2026-09-29
b9053869-5a00-4c82-81f2-df1d6d9c5b48,"Huawei Technologies Canada Co., Ltd.",Intern Engineer – IMDD Transmission Over Hollow-Core Fiber,recruitee,non_us,unstated,2026-08-26T17:16:40.000Z,2026-08-31T04:21:36.768Z,2026-09-29,2026-09-29
b907a52e-56c1-4add-9102-05f4be282f97,Astranis,Propulsion Manufacturing Intern (Winter 2027),greenhouse,us,refuses,2026-09-25T21:56:46.000Z,2026-09-19T07:49:16.402Z,2026-09-29,2026-09-29
b936fee5-16e7-4121-886c-6d27592104e4,Stevens Capital Management LP - Internships,Developer Internship,greenhouse,us,unstated,2026-05-24T05:00:17.000Z,2026-08-31T21:21:52.191Z,2026-09-29,2026-09-29
b93c5099-f0cd-4554-9829-1fc03eba63cf,Feedzai,Join our Internship Community,greenhouse,us,unstated,2026-07-17T12:06:54.000Z,2026-09-01T19:43:16.135Z,2026-09-29,2026-09-29
b9506a70-1122-46f0-9901-c47635a8723b,Die Grenze BV,Stage/BBL Dinxperlo,recruitee,non_us,unstated,2024-10-21T09:55:13.000Z,2026-08-31T04:12:20.250Z,2026-09-29,2026-09-29
b9697797-38d9-47b8-8942-10be0d76fa0d,"Mercari, inc.",【28卒対象】 Data Analyst / データアナリスト - Mercari Group (Internship),workable,non_us,unstated,2026-03-24T00:00:00.000Z,2026-08-31T16:30:19.700Z,2026-09-29,2026-09-29
b99f91ed-aa57-4765-bcd3-f34e70005d84,Interstates,"Apprentice Electrician Tech College Intern - Omaha, NE",greenhouse,us,unstated,2026-09-24T16:10:53.000Z,2026-09-26T06:44:49.317Z,2026-09-29,2026-09-29
b9f00dfc-d7e4-4302-a77e-9696ccdbbeec,Televic Rail,INTERNSHIP - Internal quality dashboard,recruitee,non_us,unstated,2026-03-11T16:22:08.000Z,2026-09-02T19:48:40.321Z,2026-09-29,2026-09-29
ba066f18-c814-4b55-a440-a5cf02c3b5ba,HEMERIA,Stage: Analyse et digitalisation de l'outil de chiffrage projet via IA (F/H),recruitee,non_us,unstated,2026-08-07T08:00:16.000Z,2026-08-31T22:14:58.433Z,2026-09-29,2026-09-29
ba0ce34d-aaa3-444a-8451-88a58dbbbb3d,Monsterscore,Stageplek Human Resources Management,recruitee,non_us,unstated,2025-09-30T07:47:06.000Z,2026-08-31T04:27:13.968Z,2026-09-29,2026-09-29
ba1402ff-0a1f-4747-a219-9c45812020ba,JeffreyGroup,JeffreyGroup | Venha Trabalhar Conosco - Banco de Talentos (Estágio em Comunicação),greenhouse,non_us,unstated,2026-06-09T13:33:42.000Z,2026-08-31T16:29:27.857Z,2026-09-29,2026-09-29
ba2d3656-1576-4699-bc18-01bf10fc97b0,EquipmentShare,Intern: Fleet Corporate Rentals,greenhouse,us,unstated,2026-09-21T23:28:30.000Z,2026-09-19T06:57:49.090Z,2026-09-29,2026-09-29
ba317747-f9cc-4cef-9712-1cec6a19a092,Point72,2027 Investment Services Internship,greenhouse,us,unstated,2026-09-25T20:20:24.000Z,2026-09-19T07:25:22.687Z,2026-09-29,2026-09-29
ba48c6e1-b1a4-4565-83a0-da42d6f42e10,Northmarq,"Portfolio and Asset Management Intern, Summer 2027",greenhouse,us,refuses,2026-09-15T19:56:55.000Z,2026-09-03T20:01:28.118Z,2026-09-29,2026-09-29
ba4e5652-1f4b-4a5e-abbe-944637074891,Guidepoint,Client Service Intern,greenhouse,non_us,unstated,2026-08-24T06:10:31.000Z,2026-09-19T21:55:23.664Z,2026-09-29,2026-09-29
ba4eed56-bad0-455c-9c7f-412260778ee9,INEOS Automotive,Praktikant/Werkstudent Human Resources Business Partnering & Operations (w/m/d),workable,non_us,unstated,2026-06-15T00:00:00.000Z,2026-08-31T20:18:11.968Z,2026-09-29,2026-09-29
ba51829b-31a4-4b86-b1de-94249f6d9bde,Landor,Graphic Designer Intern,greenhouse,non_us,unstated,2026-09-18T01:37:06.000Z,2026-09-07T21:40:55.595Z,2026-09-29,2026-09-29
ba631b14-698a-4919-96c9-e7db2887e991,StepStone Group,2027 Venture Capital Business Development Summer Associate,greenhouse,us,unstated,2026-08-25T19:58:53.000Z,2026-09-01T19:59:22.656Z,2026-09-29,2026-09-29
ba8d39ad-2add-4fe5-a8b6-706a80eabb1f,Odyssey Hotel Group,F&B Management Trainee,recruitee,non_us,unstated,2026-06-25T10:42:19.000Z,2026-08-31T04:30:09.965Z,2026-09-29,2026-09-29
baa2f7ab-2a46-40ae-992d-b422d16f2bac,Stichting Kwintes,Stagiair activiteitenbegeleider,recruitee,non_us,unstated,2026-04-30T10:24:51.000Z,2026-08-31T04:36:39.830Z,2026-09-29,2026-09-29
bab356a2-eae4-40e2-ac1f-8750a85db29b,Symphony Communication Services,"Intern, Customer Success",greenhouse,non_us,unstated,2026-09-04T14:34:22.000Z,2026-09-27T20:03:28.448Z,2026-09-29,2026-09-29
bac3aeb3-69d7-44e8-b50b-4965f674bd2e,Solarvest,Engineering Intern,workable,unknown,unstated,2025-07-11T00:00:00.000Z,2026-08-31T20:49:56.751Z,2026-09-29,2026-09-29
baca419e-cf21-48b9-a6e5-f9611a6a53c5,Geoprobe Systems®,Pre-Engineering Intern (Year-Round),workable,us,unstated,2026-09-01T00:00:00.000Z,2026-09-01T19:51:07.818Z,2026-09-29,2026-09-29
bacded6f-0631-4be1-b99d-667648d56a51,Die Grenze BV,Stage/BBL Vlaardingen,recruitee,non_us,unstated,2024-10-21T09:47:50.000Z,2026-08-31T04:12:20.250Z,2026-09-29,2026-09-29
badfb47c-cdf4-472a-9438-62efb352489e,TransMarket Group,Quantitative Trader Intern,greenhouse,us,unstated,2026-08-19T17:25:43.000Z,2026-09-01T19:49:28.998Z,2026-09-29,2026-09-29
bae450f0-a4d5-491e-bbaa-899a57509628,CFO Insights,Entrepreneur in Residence Intern (French speaker) CFO Insights,greenhouse,non_us,unstated,2026-08-28T05:15:23.000Z,2026-09-17T14:33:08.074Z,2026-09-29,2026-09-29
bb0dbba5-4d4c-4f7d-bfc7-365ecda17776,Symphony Communication Services,"Intern, Customer Success",greenhouse,us,unstated,2026-09-04T14:35:25.000Z,2026-09-27T20:03:28.448Z,2026-09-29,2026-09-29
bb33f76f-3983-4a50-910f-78c0f75d3e7c,HighKey Agency,Social Media Marketing Intern,breezy,us,unstated,2026-06-05T19:03:07.318Z,2026-08-31T04:25:27.414Z,2026-09-29,2026-09-29
bb3d4264-9ef9-4dc2-872d-5169f7d3c689,Samsara,Firmware Engineer Co-Op,greenhouse,us,unstated,2026-09-25T20:07:56.000Z,2026-09-25T03:38:47.606Z,2026-09-29,2026-09-29
bb62b336-985d-4f4d-bd5a-84b2a24486ea,SumUp,Brand & Marketing Design Intern,greenhouse,non_us,unstated,2026-09-22T12:18:21.000Z,2026-09-27T17:23:36.915Z,2026-09-29,2026-09-29
bb63f51d-4a6e-4ae3-bb40-53adf4193a8e,F.H. Paschen,Construction Intern - Charleston Summer 2027,workable,us,unstated,2026-09-04T00:00:00.000Z,2026-09-04T16:29:45.046Z,2026-09-29,2026-09-29
bb768ca0-3051-4b8b-810f-b99dcdaa51ee,Merford,Stage IT / Applicatiebeheer (HBO) starten in 2027,recruitee,non_us,unstated,2026-07-14T14:12:04.000Z,2026-08-31T04:28:35.171Z,2026-09-29,2026-09-29
bbab0c45-e6b8-46b0-926b-d9c2ace1824f,Bracebridge Capital,Summer 2027 Investment Operations Intern,greenhouse,us,unstated,2026-09-17T16:59:47.000Z,2026-09-15T05:05:54.832Z,2026-09-29,2026-09-29
bbb0db69-fe6e-41be-bfb8-010c9e43b727,CFO Insights,Global Consulting Internship at CFO Insights,greenhouse,non_us,unstated,2026-08-28T05:17:19.000Z,2026-09-17T14:33:08.074Z,2026-09-29,2026-09-29
bbb411a5-595b-4c1f-ab27-9451fc361907,"Peak Retirement Planning, Inc.",Marketing Intern,recruitee,us,unstated,2026-09-04T19:00:27.000Z,2026-09-04T20:26:20.884Z,2026-09-29,2026-09-29
bbb531dd-c5af-4981-9061-c517140d17ff,SciTec,SciTec Internship - Princeton 2027,workable,us,refuses,2026-09-14T00:00:00.000Z,2026-09-17T02:59:34.799Z,2026-09-29,2026-09-29
bbd8d1fc-d34e-403d-982d-0a43c0b4c368,Gérard Bertrand,STAGE - Assistant des Ventes EXPORT (H/F),recruitee,non_us,unstated,2026-07-02T14:53:33.000Z,2026-08-31T04:17:19.032Z,2026-09-29,2026-09-29
bbe14d29-5067-4822-815d-8f9d2b8e5b2a,Teads,Sales Marketing Intern,greenhouse,non_us,unstated,2026-07-27T09:30:14.000Z,2026-09-28T06:35:27.731Z,2026-09-29,2026-09-29
bbe77497-07e9-4538-9547-0263f768c23f,DRW,Strategy Intern,greenhouse,us,refuses,2026-08-19T21:04:51.000Z,2026-07-31T20:27:09.195Z,2026-09-29,2026-09-29
bc0962cf-5805-44a5-8be3-bf95a30da607,fairlife,Research & Development Intern (Summer 2027),greenhouse,us,unstated,2026-09-14T13:06:20.000Z,2026-09-19T08:04:45.019Z,2026-09-29,2026-09-29
bc2600ee-36ef-47d8-8229-6137efa2f0bb,Homa,Strategic Project Manager - Internship,workable,non_us,unstated,2026-09-22T00:00:00.000Z,2026-09-01T21:31:06.860Z,2026-09-29,2026-09-29
bc3a58a0-4132-4b9f-84e3-18ecb93c0f9b,Friday Recruitment,Afstudeeropdracht Software Engineering,recruitee,non_us,unstated,2026-09-23T10:07:48.000Z,2026-09-25T03:56:13.131Z,2026-09-29,2026-09-29
bc58d101-87a2-40a0-9991-1e4c203d16e8,Gemmo,AI Engineer - Internships and Full-time Positions,workable,non_us,unstated,2026-04-24T00:00:00.000Z,2026-08-31T04:38:46.817Z,2026-09-29,2026-09-29
bc640363-f6a3-4898-a8cd-c93a0b983a31,DRW,Leadership Rotation Network Intern,greenhouse,non_us,refuses,2026-08-19T21:04:51.000Z,2026-08-03T20:13:54.595Z,2026-09-29,2026-09-29
bc9ab413-17e0-431e-a1b0-f74db3ff9318,Astranis,Content Creator Intern (Fall 2026),greenhouse,us,refuses,2026-09-25T21:56:50.000Z,2026-09-22T05:25:34.032Z,2026-09-29,2026-09-29
bca29fd5-cd4f-4083-a568-f71cd80c74d6,Nord-Ostsee Automobile,Praktikum im Center Marne (m/w/d),recruitee,non_us,unstated,2026-07-15T05:59:30.000Z,2026-09-02T17:29:57.069Z,2026-09-29,2026-09-29
bcaccf8f-0519-4503-b8ac-26de19730262,Teleport,"Intern, Finance (GL)",workable,non_us,unstated,2026-08-10T00:00:00.000Z,2026-08-31T21:06:08.989Z,2026-09-29,2026-09-29
bcc1eb14-c1bc-4058-842f-4f671215ac68,LV Collective,Social Media Intern | Rambler Gainesville,workable,us,unstated,2026-09-15T00:00:00.000Z,2026-09-17T12:10:18.340Z,2026-09-29,2026-09-29
bcc21a0b-eddc-40f2-ac32-fbf6d78458d7,Zipline,Long Range Platform Hardware Engineering Intern (Summer 2027),greenhouse,us,unstated,2026-09-17T17:05:10.000Z,2026-09-19T08:08:31.082Z,2026-09-29,2026-09-29
bce21737-2ad3-484a-9d18-06b9ce715719,HES-SO Rectorat,Stagiaire affaires nationales et internationales (80-100%),breezy,unknown,unstated,2026-09-10T07:36:27.236Z,2026-09-10T19:29:29.956Z,2026-09-29,2026-09-29
bced8583-8814-49a1-b7bd-549e44c7dbdc,HealthCorps,Teen Health Education Internship,workable,us,unstated,2026-03-13T00:00:00.000Z,2026-08-31T13:39:42.527Z,2026-09-29,2026-09-29
bcfa481a-f8a7-434c-a6e4-2be65aa3e21a,Democracy Defenders Action,Paid Intern (Rolling/As Needed),greenhouse,us,unstated,2026-07-15T17:40:54.000Z,2026-09-18T15:25:57.579Z,2026-09-29,2026-09-29
bd24fec0-dc96-4515-9184-048a9f71c7be,Third Bridge,"Associate Intern, Korean Speaker (2026년 졸업 예정자)",greenhouse,non_us,unstated,2026-07-08T13:00:33.000Z,2026-09-28T15:39:44.022Z,2026-09-29,2026-09-29
bd3051b1-f0c4-400c-9a13-d48edccfcc73,EQT Corporation,Internal Audit Intern,greenhouse,us,refuses,2026-09-17T18:39:28.000Z,2026-09-10T00:19:02.626Z,2026-09-29,2026-09-29
bd4fa9b6-c4d6-4957-b0f8-bbe01aec2748,Nord-Ostsee Automobile,Praktikum im Center Pattensen (m/w/d),recruitee,non_us,unstated,2026-07-15T06:32:25.000Z,2026-09-02T17:29:57.069Z,2026-09-29,2026-09-29
bd5c30f3-531b-4c86-8bb0-eb0e3d5017a4,StepStone Group,1H 2027 Private Equity Intern,greenhouse,non_us,unstated,2026-09-23T15:25:07.000Z,2026-09-10T23:43:37.254Z,2026-09-29,2026-09-29
bd5cbcd5-86ed-4372-89f9-801c91d4dc1d,ARCUS Planung + Beratung Bauplanungsgesellschaft mbH,Werkstudent im Bereich Projektakquise und Vertragsmanagement,recruitee,non_us,unstated,2025-04-17T15:40:56.000Z,2026-08-31T21:54:45.688Z,2026-09-29,2026-09-29
bd690b69-a354-48d6-852c-e3ca646bb369,Schonfeld,Quantitative Research / Developer - Intern,greenhouse,non_us,unstated,2026-09-22T13:15:59.000Z,2026-08-03T19:50:08.701Z,2026-09-29,2026-09-29
bd751323-0942-4326-8f23-496d709683d3,Lightmatter,"Silicon, Hardware, & Photonics Engineering - Internship",greenhouse,us,unstated,2026-09-24T00:51:44.000Z,2026-09-25T03:10:52.244Z,2026-09-29,2026-09-29
bda1a74b-b826-4bf7-8ca0-75217bcf7391,Zipline,Video Production and Social Media Intern (Spring 2027),greenhouse,us,refuses,2026-09-17T17:05:10.000Z,2026-09-19T08:08:31.082Z,2026-09-29,2026-09-29
bdc7332d-31dc-441d-91b2-87f3e25ad5cb,Comnovo GmbH,Werkstudent:in (m/w/d) Inkubation - Mechatronische Systeme,recruitee,non_us,unstated,2026-07-23T07:56:48.000Z,2026-08-31T04:10:55.386Z,2026-09-29,2026-09-29
bdceadf6-0f02-4a46-ab8e-d3292c867525,i-profile GmbH,Praktikant internationale Strategieberatung (m/w/d),recruitee,non_us,unstated,2026-08-26T11:19:18.000Z,2026-08-31T04:25:31.178Z,2026-09-29,2026-09-29
bddd4615-0fe4-4a40-8883-25bee908ae4b,Gallup,AI/ML Research Intern — Summer 2027,greenhouse,us,refuses,2026-09-16T19:18:33.000Z,2026-09-19T10:26:35.376Z,2026-09-29,2026-09-29
bdf5d388-89bc-4634-a59e-7b3dce356d80,Zipline,Strategic Finance Intern (Summer 2027),greenhouse,us,refuses,2026-09-17T17:05:10.000Z,2026-09-19T08:08:31.082Z,2026-09-29,2026-09-29
be1bc274-4c67-4ba5-a7ae-f54e7f971142,Nord-Ostsee Automobile,Praktikum im Center Hyundai Hamburg-Bergedorf (m/w/d),recruitee,non_us,unstated,2026-07-15T06:15:22.000Z,2026-09-02T17:29:57.069Z,2026-09-29,2026-09-29
be1de1d0-113e-45b2-a9d1-50d6fc4a18f4,KULT | OLYMP & HADES,Werkstudent Einkauf (m/w/d),recruitee,non_us,unstated,2026-08-22T12:13:29.000Z,2026-08-31T13:37:25.167Z,2026-09-29,2026-09-29
be244fda-b89d-4472-888b-594af48f41e0,Funding Societies | Modalku Group,People Experience Operations Intern,workable,non_us,unstated,2026-08-24T00:00:00.000Z,2026-08-31T04:38:02.474Z,2026-09-29,2026-09-29
be302dd6-ade8-4fee-bb46-4270e8f7a92d,Cello,Stagiair gehandicaptenzorg (mbo),recruitee,non_us,unstated,2026-03-18T14:49:51.000Z,2026-08-31T04:09:41.112Z,2026-09-29,2026-09-29
be37345f-aa5e-49fd-a107-b89c06a088c6,LV Collective,Marketing & Partnerships Intern | Rambler Northgate,workable,us,unstated,2026-09-02T00:00:00.000Z,2026-09-02T14:58:13.984Z,2026-09-29,2026-09-29
be3deda8-90de-4320-822b-23ed6c00bf25,ALTEN MÉXICO,Becario de Reclutamiento y Selección de personal,workable,non_us,unstated,2025-12-15T00:00:00.000Z,2026-08-31T04:10:26.450Z,2026-09-29,2026-09-29
be426d3b-20d6-442e-a926-8e7e713a193f,Cabify,B2B Growth and Sales Ops Intern,greenhouse,non_us,unstated,2026-09-21T08:23:43.000Z,2026-09-22T05:25:32.112Z,2026-09-29,2026-09-29
be4faedb-2c62-45ef-a218-56441964e467,SingleStore,Software Engineer Intern- Engine-2027,greenhouse,us,offers,2026-09-22T22:33:57.000Z,2026-09-15T05:48:50.000Z,2026-09-29,2026-09-29
be514746-cc0e-4220-a11c-6556d6f546e0,Zipline,Commercial Marketplace Strategy and Operations Intern (Summer 2027),greenhouse,us,refuses,2026-09-17T17:05:10.000Z,2026-09-19T08:08:31.082Z,2026-09-29,2026-09-29
be716e6d-68bd-4807-868f-4efe2e11750c,Fasanara,Quant Trading Intern,workable,non_us,unstated,2026-09-09T00:00:00.000Z,2026-09-09T17:35:43.125Z,2026-09-29,2026-09-29
be773f99-73d3-4446-a634-876e8dce7122,ODK Media,Digital Content & Social Strategy Intern (Unpaid),workable,us,unstated,2026-08-27T00:00:00.000Z,2026-08-31T20:27:20.255Z,2026-09-29,2026-09-29
beaa1adc-4e30-4745-a93f-38548e284cbb,Vivium,VA Helpende,recruitee,non_us,unstated,2024-03-05T16:04:31.000Z,2026-08-31T13:36:00.478Z,2026-09-29,2026-09-29
bec0c4d1-4d9a-4e8b-9292-8da44da0d79a,Heritage Holdings,Reporting Internship,greenhouse,non_us,unstated,2026-09-18T16:26:07.000Z,2026-09-20T11:52:51.057Z,2026-09-29,2026-09-29
becf6d10-5732-4182-9f6c-7e4b86830ba7,QuiX Quantum BV,Internship/Thesis Production Processes,greenhouse,non_us,unstated,2025-11-20T08:07:18.000Z,2026-09-01T10:43:08.026Z,2026-09-29,2026-09-29
bf42b5e4-5c90-4c2e-8040-debed1057c96,Zipline,Embedded Software Engineer Intern (Spring 2027),greenhouse,us,unstated,2026-09-17T17:05:10.000Z,2026-09-19T08:08:31.082Z,2026-09-29,2026-09-29
bf697d4c-7762-4859-97b7-3a08ec5202c1,Brisbane Powerhouse,Internships EOI,breezy,unknown,unstated,2026-02-05T04:00:16.200Z,2026-08-31T04:09:42.804Z,2026-09-29,2026-09-29
bf9d1d58-0133-4b07-8e8d-e6ef8fbcbb5a,moomoo,KYC Intern,workable,non_us,unstated,2026-07-22T00:00:00.000Z,2026-08-31T20:25:01.743Z,2026-09-29,2026-09-29
bfa8f323-1f5a-4f0d-a42f-71d64645c478,Hydrite,Engineering Co-Op (Spring OR Fall 2027),greenhouse,us,unstated,2026-09-08T15:24:28.000Z,2026-09-08T16:47:10.839Z,2026-09-29,2026-09-29
bfd32932-da10-4ff9-82ef-e0ecc1d9bd21,Formic,2026 Internship,greenhouse,us,unstated,2026-09-01T16:05:23.000Z,2026-09-01T19:44:41.270Z,2026-09-29,2026-09-29
bfda0872-d760-42fe-8cf2-f2da7de5a1e1,everdrop GmbH,Praktikum im Bereich Online Marketing - Schwerpunkt E-Mail Marketing (m/w/d),recruitee,non_us,unstated,2026-09-14T07:44:49.000Z,2026-09-15T06:36:04.339Z,2026-09-29,2026-09-29
bff3c85f-be7b-4e90-8bc9-ccf630fdb8aa,Zipline,Operations Experience Intern (Spring 2027),greenhouse,us,refuses,2026-09-17T17:05:10.000Z,2026-09-19T08:08:31.082Z,2026-09-29,2026-09-29
c0219a4c-f8de-45da-bee4-c3cb54ab9f17,Teleport,Operations - Teleport Malaysia Internship Program 2026,workable,non_us,unstated,2026-06-14T00:00:00.000Z,2026-08-31T21:06:08.989Z,2026-09-29,2026-09-29
c02ced6b-7230-4ac8-8b08-d7536f84b361,CloudCommerce,Accounting Intern,breezy,non_us,unstated,2026-09-02T03:42:36.687Z,2026-08-31T04:13:39.029Z,2026-09-29,2026-09-29
c040d998-fcad-4226-8102-3f55776f676c,Fonteynenburg,Forensische stage GGZ,recruitee,non_us,unstated,2026-07-08T13:33:09.000Z,2026-08-31T04:18:31.171Z,2026-09-29,2026-09-29
c06945f8-4e5d-4668-991f-72cc9a4d7177,M/I Homes,Construction Intern - Detroit Metro,workable,us,unstated,2026-09-24T00:00:00.000Z,2026-09-26T06:41:45.113Z,2026-09-29,2026-09-29
c07556de-19f3-49c6-a5f9-473708905a93,DiDi Labs,"Motion Planning Engineer (PhD, Intern)",greenhouse,us,unstated,2026-09-12T00:46:41.000Z,2026-09-12T04:48:15.854Z,2026-09-29,2026-09-29
c0a771f7-ddd3-42e1-b703-8deda507e665,Decathlon Singapore,Human Resource Intern (Talent & Culture),workable,non_us,unstated,2026-09-18T00:00:00.000Z,2026-08-31T04:25:39.139Z,2026-09-29,2026-09-29
c0a90284-70be-4e5d-ab27-310c1bbc7e71,Centric,Stage: Marketing Retail en Logistiek,recruitee,non_us,unstated,2026-09-07T07:20:31.000Z,2026-08-31T04:09:43.538Z,2026-09-29,2026-09-29
c0b9ac1a-8c1a-4e68-91f0-64c77259e447,talentpluto,AI/ML Engineering Intern,workable,us,unstated,2026-09-15T00:00:00.000Z,2026-09-18T00:04:43.583Z,2026-09-29,2026-09-29
c0c061fd-f246-4f99-b7b6-9323fc47eb38,General Matter,Summer 2027 Internship - Electrical Engineering (Buildings),greenhouse,us,unstated,2026-09-21T23:44:18.000Z,2026-09-19T13:54:56.300Z,2026-09-29,2026-09-29
c0c9ed81-6018-4328-9a05-3ecb48d5eda7,WaterAid,Administrative Support Intern,workable,unknown,unstated,2026-09-04T00:00:00.000Z,2026-09-04T14:30:49.577Z,2026-09-29,2026-09-29
c0d7ff6c-25f9-4d00-b02c-0fee5544891e,Oceans of Energy B.V.,Internship - Offshore Solar Synergies,recruitee,non_us,unstated,2026-06-19T11:51:32.000Z,2026-08-31T04:31:24.191Z,2026-09-29,2026-09-29
c0e1f392-81c2-41ef-bde2-44ed3536dc16,Focus Global Inc.,Content Creator Intern,breezy,unknown,unstated,2026-09-02T08:39:16.252Z,2026-09-02T17:28:25.495Z,2026-09-29,2026-09-29
c0e787ea-b905-4bb4-8142-1deab0a3747b,Solarvest,Digital Marketing Intern,workable,unknown,unstated,2025-12-18T00:00:00.000Z,2026-08-31T20:49:56.751Z,2026-09-29,2026-09-29
c104b6dc-01e1-4b1e-9df8-13f54f548843,Funding Societies | Modalku Group,Collections Intern,workable,non_us,unstated,2026-09-18T00:00:00.000Z,2026-09-18T20:01:25.856Z,2026-09-29,2026-09-29
c11c4f74-2cd3-48f7-b84d-03267d9a5912,Inizio Ignite | Putnam,Summer Associate Consultant (UK) – 2027 Internship Program,greenhouse,non_us,unstated,2026-09-28T17:21:32.000Z,2026-09-29T14:38:19.706Z,2026-09-29,2026-09-29
c12c8f16-f7f4-43e1-b88d-57f8b1fef726,Omnyacc Accountants & Adviseurs,Stage controlepraktijk,recruitee,non_us,unstated,2026-05-13T11:55:15.000Z,2026-08-31T04:31:26.037Z,2026-09-29,2026-09-29
c17cdc7b-5478-472a-9dc1-fbeee3fce11d,Knutson Construction,VDC Intern - Summer 2027,breezy,us,unstated,2026-09-03T14:34:28.280Z,2026-09-19T06:55:28.080Z,2026-09-29,2026-09-29
c1862524-d21e-4a7b-af53-6f0c8a451b0c,COWMANAGER B.V.,Stagiaire Office Assistent (MBO),recruitee,non_us,unstated,2026-05-28T14:19:47.000Z,2026-08-31T04:10:55.418Z,2026-09-29,2026-09-29
c1910544-7daf-4efd-a37d-800d96b410ce,NV Advices for Technical Systems,ATS NV -  Internships - Master Studenten,recruitee,non_us,unstated,2025-09-16T09:31:03.000Z,2026-08-31T04:05:44.465Z,2026-09-29,2026-09-29
c226636f-6486-41e3-8f45-f6d82bbbb149,"Huawei Technologies Canada Co., Ltd.",Co-op Engineer - openJiuwen AI Agent Platform,recruitee,non_us,unstated,2026-08-05T12:27:13.000Z,2026-09-02T13:40:25.851Z,2026-09-29,2026-09-29
c259dd34-d721-43d2-b1d9-bb85b491710b,Kantox,Cash Management & Settlements Intern,workable,non_us,unstated,2026-09-25T00:00:00.000Z,2026-09-25T16:28:54.116Z,2026-09-29,2026-09-29
c2bc572f-7251-4245-85ed-93fd2dcf83b6,Benesch,Construction Intern,greenhouse,us,unstated,2026-09-22T21:13:46.000Z,2026-09-22T04:59:16.221Z,2026-09-29,2026-09-29
c2d78e5b-3715-4c97-bd5d-1ae7d4bd3f75,Stichting Kwintes,Stagiair informatiemanagement,recruitee,non_us,unstated,2026-09-24T10:39:20.000Z,2026-09-25T08:05:47.271Z,2026-09-29,2026-09-29
c2dcee15-950c-4928-93c5-a11f88d8353a,MultiMinds,"Open Application, Internship or Student Work",recruitee,non_us,unstated,2021-07-27T08:27:03.000Z,2026-08-31T04:28:34.271Z,2026-09-29,2026-09-29
c2eb9874-25a5-4a4c-ada5-fa0c37519117,Commerzbank AG – Poland,Application Specialist Intern - Customer Data Management - TalentBank 2026,breezy,unknown,unstated,2026-08-03T07:46:16.883Z,2026-08-31T04:14:59.992Z,2026-09-29,2026-09-29
c2f4521a-0974-43eb-94b0-1a3748b72eb2,RF-SMART,Operational Excellence Administrative Internship- Summer 2027,greenhouse,us,refuses,2026-09-28T13:26:51.000Z,2026-09-28T14:59:20.826Z,2026-09-29,2026-09-29
c3279244-43b5-4600-bbe3-79f7b11f44de,Security Risk Advisors,CyberSOC Co-op - 2027 (US),workable,us,unstated,2026-09-08T00:00:00.000Z,2026-09-08T15:22:20.776Z,2026-09-29,2026-09-29
c32b7033-a04d-4c30-a75f-edb325fd651e,AlixPartners,Risk Advisory Intern,greenhouse,non_us,unstated,2026-08-18T18:47:41.000Z,2026-09-15T11:09:16.408Z,2026-09-29,2026-09-29
c330f344-74e1-4538-b436-281664ee5cb0,Consigli Construction,IT Co-op (Spring 2027),workable,us,unstated,2026-07-13T00:00:00.000Z,2026-08-31T04:24:01.655Z,2026-09-29,2026-09-29
c34b73b8-c745-47e6-a70b-27067b5668d6,CH Media,Praktikum Social Media Tele 1 (a) 100 %,recruitee,non_us,unstated,2026-09-01T11:33:50.000Z,2026-09-01T19:02:02.910Z,2026-09-29,2026-09-29
c39bc695-95c8-47ae-b690-13865ddd6903,Zipline,Material Planning Intern (Summer 2027),greenhouse,us,unstated,2026-09-17T17:05:10.000Z,2026-09-19T08:08:31.082Z,2026-09-29,2026-09-29
c3a84f71-8a90-415f-8650-106a2e49e461,HelloFresh,Editorial Operations Intern (all genders),greenhouse,non_us,unstated,2026-09-22T08:43:52.000Z,2026-09-10T23:49:13.358Z,2026-09-29,2026-09-29
c3b70ee0-af5b-4d1a-9431-58919394ee06,Schonfeld,2027 Software Engineering Intern,greenhouse,us,unstated,2026-09-22T13:15:59.000Z,2026-09-04T18:36:16.265Z,2026-09-29,2026-09-29
c3baac50-d425-44c7-9286-24879946b53a,BSI Software,Werkstudent Software Engineering (all genders) DE,recruitee,non_us,unstated,2026-05-07T13:04:44.000Z,2026-09-02T16:45:07.397Z,2026-09-29,2026-09-29
c3c11c16-8f68-41ec-a035-17d580a84bcd,MARISTI CREATIVE,Social Media & Community Management Intern,breezy,us,unstated,2026-08-06T16:53:53.096Z,2026-09-02T17:28:26.210Z,2026-09-29,2026-09-29
c3d3e26f-665b-46e0-8634-7693a34b2076,Intrepid Asia,Logistic Operations Intern,workable,non_us,unstated,2026-09-21T00:00:00.000Z,2026-09-23T21:51:13.326Z,2026-09-29,2026-09-29
c3fa90c8-c681-4adf-b836-a31681c98ee2,Biggelaar Groep,ICT Stagiair,recruitee,non_us,unstated,2026-09-16T08:42:41.000Z,2026-09-18T02:48:26.133Z,2026-09-29,2026-09-29
c41af694-9f2a-4677-af2f-0a24813a3f4b,Infosys Singapore & Australia,Intern- TA Support,workable,non_us,unstated,2025-10-14T00:00:00.000Z,2026-08-31T21:32:21.277Z,2026-09-29,2026-09-29
c45563ed-ee32-4832-830c-69d5e1160a8a,Pacific Fusion,Summer 2027 Internship-Manufacturing Engineering,greenhouse,us,unstated,2026-09-10T22:38:31.000Z,2026-09-10T00:51:50.242Z,2026-09-29,2026-09-29
c466dd4d-27c5-4085-9195-7ba422519749,AMI PARIS,Stage - Assistant.e Performance Marketing H/F,recruitee,non_us,unstated,2026-09-18T12:43:19.000Z,2026-09-19T07:13:47.077Z,2026-09-29,2026-09-29
c46c3eae-d948-40dc-b79e-7cc28b2f7b1b,D2L,Knowledge Specialist - Winter 2027 Co-op,greenhouse,non_us,unstated,2026-09-09T14:41:50.000Z,2026-09-09T23:43:42.088Z,2026-09-29,2026-09-29
c46f8312-ff2f-428d-bca7-2428dca05dd7,Point72,2027 Point72 Academy Investment Analyst Summer Internship Program - Singapore,greenhouse,non_us,unstated,2026-09-15T21:33:58.000Z,2026-09-01T19:49:27.998Z,2026-09-29,2026-09-29
c49abc31-4b20-4eda-a881-b27fc61bb365,Astranis,"Assembly, Integration, and Test Intern (Summer 2027)",greenhouse,us,refuses,2026-09-25T21:56:41.000Z,2026-09-22T05:25:34.032Z,2026-09-29,2026-09-29
c4a10796-f087-48f1-be0e-fef43f47d0eb,Two95 International Inc.,Talent Acquisition Internship,workable,unknown,unstated,2025-11-03T00:00:00.000Z,2026-08-31T21:09:07.765Z,2026-09-29,2026-09-29
c4a873be-9b0f-4f50-b2ff-93bb92599487,Consigli Construction,Field Operations Intern (Summer 2027),workable,us,unstated,2026-08-26T00:00:00.000Z,2026-08-31T04:24:01.655Z,2026-09-29,2026-09-29
c4bb882f-cc3a-4638-96ea-912540b6ca56,Geoprobe Systems®,Welder-Fabricator Intern,workable,us,unstated,2026-09-17T00:00:00.000Z,2026-09-18T20:31:10.197Z,2026-09-29,2026-09-29
c4ecadfc-6880-417a-9d7d-0ccb9a5189ae,Appier,"Account Operations Intern, Taiwan",greenhouse,non_us,unstated,2026-09-15T06:22:53.000Z,2026-09-15T17:31:55.321Z,2026-09-29,2026-09-29
c4efd25f-1474-4b65-bbeb-a6eecf242b90,VIRO Group,Afstudeerder Constructie & Bouwkunde,recruitee,non_us,unstated,2024-01-22T15:21:10.000Z,2026-09-02T23:02:56.839Z,2026-09-29,2026-09-29
c4f6135d-6614-4485-8e14-cbb2d9bc6dd0,MST Groep,"Stageplek (MBO, HBO of WO)",recruitee,non_us,unstated,2024-11-05T09:22:26.000Z,2026-08-31T04:28:38.110Z,2026-09-29,2026-09-29
c4fd556f-6084-48be-9132-a797500e996a,Hudson River Trading,Algorithm Development (Quant Research & Trading) Internship – Summer 2027,greenhouse,us,unstated,2026-09-19T00:02:16.000Z,2026-09-01T19:49:42.271Z,2026-09-29,2026-09-29
c5226d24-6caf-43a2-aa42-7a8ab83e690f,Mach Industries,"Summer 2027 Engineering Internship, Mechanical",greenhouse,us,unstated,2026-09-25T18:12:55.000Z,2026-09-26T06:45:00.072Z,2026-09-29,2026-09-29
c53dde48-1a95-47f0-9cc1-119df2ed06e6,Hotel TwentySeven,Stagiair(e) Boekhouding,recruitee,non_us,unstated,2026-09-28T13:12:39.000Z,2026-09-29T15:28:04.177Z,2026-09-29,2026-09-29
c546b9dc-2f60-40d9-9023-eae09e05682c,CHR HAUTE SENNE,Stagiaire alternance IT H/F/X,recruitee,non_us,unstated,2026-09-25T10:26:52.000Z,2026-09-26T14:33:06.153Z,2026-09-29,2026-09-29
c54d6e12-5908-4a4c-9742-eff9a1315d7d,Tippmann Group,2027 Fall Co-Op - Project Design,breezy,us,unstated,2026-09-17T15:52:50.002Z,2026-09-18T07:43:50.187Z,2026-09-29,2026-09-29
c55d2c49-6fdb-47fc-a0ee-546319fcf6bc,Die Grenze BV,Stage/BBL Dedemsvaart,recruitee,non_us,unstated,2024-10-21T10:09:34.000Z,2026-08-31T04:12:20.250Z,2026-09-29,2026-09-29
c56ab302-ce60-4001-b3c5-b823aae4561a,Funding Societies | Modalku Group,Data Intern,workable,non_us,unstated,2026-09-22T00:00:00.000Z,2026-09-22T11:30:02.482Z,2026-09-29,2026-09-29
c5794834-b675-409a-a91a-d134aba0c449,Hotel TwentySeven,Stagiair(e) Duty Manager,recruitee,non_us,unstated,2026-09-28T14:09:03.000Z,2026-09-29T15:28:04.177Z,2026-09-29,2026-09-29
c57a4ede-c931-4c97-9bb2-a58fbac39901,Pixlr Group,Marketing Communications Intern,workable,unknown,unstated,2026-07-10T00:00:00.000Z,2026-08-31T21:34:01.539Z,2026-09-29,2026-09-29
c58d7d02-8690-4ae5-a334-77ac47a6d5fb,Symvaro GmbH,Pflichpraktikum und/oder Diplomarbeit,recruitee,non_us,unstated,2026-03-25T08:44:22.000Z,2026-08-31T04:38:07.586Z,2026-09-29,2026-09-29
c599c878-9c8c-433d-9d04-170cd2e35738,talentpluto,Design Engineering Intern,workable,us,unstated,2026-09-15T00:00:00.000Z,2026-09-18T00:04:43.583Z,2026-09-29,2026-09-29
c5a3fe5e-56a4-42f4-bf0b-ebcc8712beb3,EquipmentShare,Intern: Fleet Corporate Rentals,greenhouse,us,unstated,2026-09-28T12:49:00.000Z,2026-09-28T14:02:54.919Z,2026-09-29,2026-09-29
c5c420ad-6bb5-4aeb-a7fd-26e016351c81,Hotel TwentySeven,HR Stagiair(e),recruitee,non_us,unstated,2026-09-28T13:16:20.000Z,2026-09-29T15:28:04.177Z,2026-09-29,2026-09-29
c5e14915-feba-4851-ac40-28a3db9521b2,NextEnergy BV,CRM Intern,recruitee,non_us,unstated,2026-06-22T07:34:58.000Z,2026-08-31T22:34:41.962Z,2026-09-29,2026-09-29
c5e55028-8315-4261-9e7b-0a18fb650ac4,gemeente Meierijstad,Stage Human Resource Management,recruitee,non_us,unstated,2026-06-15T08:32:39.000Z,2026-09-02T17:28:41.757Z,2026-09-29,2026-09-29
c5eb2b3c-a151-4dc5-ade2-a05d4fdd0655,cbs Corporate Business Solutions GmbH,Werkstudent - Agiles Projektmanagement im Bereich E-Invoicing (m/w/d),recruitee,non_us,unstated,2026-07-20T11:36:41.000Z,2026-08-31T04:09:44.416Z,2026-09-29,2026-09-29
c5f5cf3b-49f0-4d29-9087-291c7b6652a2,GOLFTEC,GOLFTEC Coach Internship,workable,us,unstated,2024-04-26T00:00:00.000Z,2026-08-31T21:26:44.735Z,2026-09-29,2026-09-29
c60adead-66b7-4a34-a6f0-2dfd02eae984,Novo Nordisk Foundation,Internship - Core Partnerships,workable,non_us,unstated,2026-09-18T00:00:00.000Z,2026-09-19T06:42:01.203Z,2026-09-29,2026-09-29
c63327c7-ce47-4832-a59d-baaf3b713ac6,Ancient Crunch Inc.,Technology - RUTGERS Fall Career & Internship Mega Fair,breezy,us,unstated,2026-09-23T19:43:31.019Z,2026-09-17T15:37:38.617Z,2026-09-29,2026-09-29
c63d9662-4c66-4391-8d42-10a676170f88,EquipmentShare,Future Internships,greenhouse,us,unstated,2026-09-21T23:28:30.000Z,2026-09-19T06:57:49.090Z,2026-09-29,2026-09-29
c643c189-c406-4344-95d4-a0f54c4e468a,WPP Production,Production Coordinator Internship,greenhouse,non_us,unstated,2026-09-10T10:22:33.000Z,2026-09-10T23:49:01.608Z,2026-09-29,2026-09-29
c653308a-c475-4e7d-bd35-2d2c4c90bd63,2070Health,Social Media Intern at BabyMD,workable,non_us,unstated,2025-10-07T00:00:00.000Z,2026-08-31T04:04:47.909Z,2026-09-29,2026-09-29
c65d0627-d517-4e8d-8bcf-fe44520cfe9c,KBRA,"2027 Summer Intern - Corporate, Financial, and Government Ratings",greenhouse,us,refuses,2026-09-09T21:02:13.000Z,2026-09-10T00:42:23.717Z,2026-09-29,2026-09-29
c66917be-7d4c-4c74-b7d2-fe6ac07fe3f5,Direct Result DE,Werkstudent in Sales (m/w/d),recruitee,non_us,unstated,2025-08-20T17:36:43.000Z,2026-09-02T17:28:35.162Z,2026-09-29,2026-09-29
c69080a9-5226-427b-baf9-eea7260d7fe9,Astranis,Propulsion Manufacturing Intern (Summer 2027),greenhouse,us,refuses,2026-09-25T21:56:46.000Z,2026-09-19T07:49:16.402Z,2026-09-29,2026-09-29
c6c8e56a-333d-44e2-92f6-34a3c3d9c0fa,Solarvest,Project Development Intern,workable,unknown,unstated,2025-02-06T00:00:00.000Z,2026-08-31T20:49:56.751Z,2026-09-29,2026-09-29
c6c96a05-c32c-4768-b5da-794738fb2c6d,ASM,"Intern, Category Management Electronics",greenhouse,non_us,unstated,2026-08-12T09:42:07.000Z,2026-09-16T00:00:02.271Z,2026-09-29,2026-09-29
c6cfd950-60af-43f8-afb7-0cd386c587fd,German American Chambers of Commerce,3-Month Internship at Germany Trade & Invest,breezy,us,unstated,2024-04-10T15:31:08.785Z,2026-08-31T04:22:58.984Z,2026-09-29,2026-09-29
c6e9787d-d6dd-4ae7-aad4-bd027c369d20,Spectrum Vascular,IT Internship,greenhouse,us,unstated,2026-09-03T14:57:29.000Z,2026-09-08T13:00:31.354Z,2026-09-29,2026-09-29
c6f2aba7-eeea-4298-8842-9bba5e322be2,"WilkinGuttenplan, P.C.",Winter 2027 Audit Internship (Condominiums and Cooperations Practice) - Hybrid,workable,us,unstated,2026-08-17T00:00:00.000Z,2026-08-31T21:24:13.811Z,2026-09-29,2026-09-29
c70b9380-9942-45a9-9cea-000a2c2dceb7,Nysingh,Advocaat-stagiair Grondzaken & Gebiedsontwikkeling,recruitee,non_us,unstated,2026-04-22T09:37:37.000Z,2026-08-31T04:31:23.371Z,2026-09-29,2026-09-29
c732def2-e326-4f4d-9212-3e7d81aa794a,Hotel De L'Europe B.V.,Concierge stagiaire,recruitee,non_us,unstated,2026-04-23T13:30:57.000Z,2026-08-31T04:13:39.743Z,2026-09-29,2026-09-29
c740494c-152a-4525-8a73-f9d48498bb38,Huiskes Kokkeler,Stagiair(e) (Digital) Marketing,recruitee,non_us,unstated,2026-09-22T14:30:40.000Z,2026-09-23T07:38:00.098Z,2026-09-29,2026-09-29
c74a7ea5-631b-465f-9ee8-273622ceb092,Vanboxtel,HBO- & Universitaire stage,recruitee,non_us,unstated,2026-06-09T06:45:52.000Z,2026-08-31T13:35:54.291Z,2026-09-29,2026-09-29
c7604136-406c-4d18-b016-cecce4af11ae,Esri,Product Engineering Internship - Survey123,greenhouse,non_us,unstated,2026-09-11T16:10:06.000Z,2026-09-19T07:27:23.932Z,2026-09-29,2026-09-29
c778c119-5243-4ea7-b68e-f39a839d6396,Debitos GmbH,Werkstudent zur Unterstützung der Geschäftsführung (m/w/d),recruitee,non_us,unstated,2022-10-19T12:40:47.000Z,2026-08-31T04:10:53.906Z,2026-09-29,2026-09-29
c78320f7-f0d9-41f9-a458-c4f38b2256f6,M/I Homes,Sales and Marketing Intern,workable,us,unstated,2026-09-21T00:00:00.000Z,2026-09-24T01:44:52.542Z,2026-09-29,2026-09-29
c78e39ab-0584-4e75-a259-7f2af2fabfa4,Geneva Trading,PMO Data Engineering Intern,greenhouse,us,unstated,2026-09-24T17:25:39.000Z,2026-09-21T23:55:53.299Z,2026-09-29,2026-09-29
c79d6f7d-783c-43bb-972c-d67df12a135c,Zipline,Launch & Scale Intern (Spring 2027),greenhouse,us,refuses,2026-09-17T17:05:10.000Z,2026-09-19T08:08:31.082Z,2026-09-29,2026-09-29
c7b2e28c-54d5-488e-b62e-700b4fee1a6d,Consigli Construction,Field Operations Co-op (Spring 2027),workable,us,unstated,2026-07-06T00:00:00.000Z,2026-08-31T04:24:01.655Z,2026-09-29,2026-09-29
c7d97fdd-a570-4a58-a080-11771c8665be,Heritage Holdings,Regulatory Internship,greenhouse,non_us,unstated,2026-09-18T16:26:08.000Z,2026-09-20T11:52:51.057Z,2026-09-29,2026-09-29
c7ec5fd2-8883-407f-8ef5-dbc526ca2348,VIGO groep,Masterstage Psychologie | Poli Heldr Nijmegen,recruitee,non_us,unstated,2026-09-28T12:28:14.000Z,2026-09-28T13:49:59.399Z,2026-09-29,2026-09-29
c7f4be23-517c-45fe-9f43-eb31795562e7,Ballast Nedam,Stage Landmeten en Maatvoering,recruitee,non_us,unstated,2026-03-26T12:18:14.000Z,2026-08-31T04:07:03.836Z,2026-09-29,2026-09-29
c80038c6-178b-43a9-9c60-66e121cfcd61,"Peak Retirement Planning, Inc.",Finance Intern,recruitee,us,unstated,2026-09-04T18:47:01.000Z,2026-09-04T20:26:20.884Z,2026-09-29,2026-09-29
c80e4e68-6e0f-41c9-96b0-fe6e7f171ad8,Point72,2027 Point72 Academy Investment Analyst Summer Internship Program - Hong Kong,greenhouse,non_us,unstated,2026-09-15T21:33:58.000Z,2026-09-01T19:49:27.998Z,2026-09-29,2026-09-29
c835de21-f351-4784-a4d5-026b719dc231,Scrum Ventures,Studio Business Intern (Tokyo),recruitee,non_us,unstated,2025-06-11T00:36:05.000Z,2026-08-31T04:36:40.148Z,2026-09-29,2026-09-29
c836708e-3551-418e-955c-671c3b2f88bc,F.H. Paschen,Construction Intern - Pompano Beach Summer 2027,workable,us,unstated,2026-08-21T00:00:00.000Z,2026-08-31T04:34:43.688Z,2026-09-29,2026-09-29
c8424b97-ae0f-4d03-b3f0-03f4bab4fe3f,Nord-Ostsee Automobile,Praktikum im Center Reinfeld (m/w/d),recruitee,non_us,unstated,2026-07-15T06:34:50.000Z,2026-09-02T17:29:57.069Z,2026-09-29,2026-09-29
c853f750-4c7a-4f5f-9e31-48eb90574746,EquipmentShare,Intern: Fleet Sales Support,greenhouse,us,unstated,2026-09-21T23:28:30.000Z,2026-09-19T06:57:49.090Z,2026-09-29,2026-09-29
c88712e6-e590-431e-bfcd-cf97c7bab5b1,Appier,"Software Engineer Intern, Backend Development",greenhouse,non_us,unstated,2026-08-11T03:32:23.000Z,2026-09-15T17:31:55.321Z,2026-09-29,2026-09-29
c8983835-cb8b-4216-bb77-285ea09b325d,"Love, Bonito","Communications Intern (Singapore, 3 months contract)",workable,non_us,unstated,2025-01-14T00:00:00.000Z,2026-08-31T20:22:38.281Z,2026-09-29,2026-09-29
c8bdd766-c4ef-4196-ba15-d918419a0929,Zipline,Real Estate Intern (Spring 2027),greenhouse,us,unstated,2026-09-17T17:05:10.000Z,2026-09-19T08:08:31.082Z,2026-09-29,2026-09-29
c8ca51e1-6311-456e-b480-a72be47a4469,Texas AirSystems,HVAC Sales/Project Engineer Internship - Summer 2027 - Houston,greenhouse,us,unstated,2026-09-21T22:36:00.000Z,2026-09-08T13:25:54.241Z,2026-09-29,2026-09-29
c8cfcd1b-3dde-4d7e-958f-e80756ac2780,Matera,Sales Praktikum | Scaling Phase,recruitee,non_us,unstated,2025-09-24T11:36:10.000Z,2026-08-31T04:28:37.993Z,2026-09-29,2026-09-29
c8e43e0e-4f24-4fce-9a40-3b0817f3e2f9,Force Factor,Summer 2027 Social Media Intern,greenhouse,us,unstated,2026-09-09T16:58:20.000Z,2026-09-19T08:06:15.741Z,2026-09-29,2026-09-29
c8e8e67c-36af-4802-a1f5-42f25c2087d9,Porsche Asia Pacific,Intern Corporate Development and Strategy,workable,non_us,unstated,2026-06-22T00:00:00.000Z,2026-08-31T16:32:22.172Z,2026-09-29,2026-09-29
c8e9483a-4ac1-40fd-97b6-c6ad5cc50e6e,Benesch,Civil Construction Intern,greenhouse,us,unstated,2026-09-21T03:47:04.000Z,2026-09-22T04:59:16.221Z,2026-09-29,2026-09-29
c90ab4cc-0710-42d2-a0ec-e23e199b5587,Point72,Quantitative Research Intern,greenhouse,us,unstated,2026-09-15T21:33:58.000Z,2026-09-01T19:49:27.998Z,2026-09-29,2026-09-29
c9105d63-114b-4d1d-8072-90a669187b1c,IG&H,Stage Zorgtransformatie en Beslisondersteuning (Health & Alii),recruitee,non_us,unstated,2026-09-11T06:52:37.000Z,2026-09-11T11:11:15.945Z,2026-09-29,2026-09-29
c9144992-4ea0-47d0-8781-24d455d0b988,Schonfeld,2027 Equity Middle Office Intern,greenhouse,us,unstated,2026-09-22T13:15:59.000Z,2026-09-04T18:36:16.265Z,2026-09-29,2026-09-29
c968a70b-e11d-4e0c-b120-a65d96452ecd,Rentokil Initial,1 x PCO Intern: Gqceberha: EC,workable,non_us,unstated,2026-08-17T00:00:00.000Z,2026-08-31T20:46:02.511Z,2026-09-29,2026-09-29
c97b194d-6fc3-4674-802a-b1926f2e9305,Direct Result DE,Werkstudent in Sales (m/w/d),recruitee,non_us,unstated,2025-02-07T13:57:25.000Z,2026-09-02T17:28:35.162Z,2026-09-29,2026-09-29
c97c164a-6926-4c76-8c09-520331c65269,Brunswick Group,"Intern, Brunswick Arts",greenhouse,non_us,unstated,2026-09-21T15:19:21.000Z,2026-09-19T06:21:53.716Z,2026-09-29,2026-09-29
c986f0f4-0bc6-4512-930b-98c3ac276cfb,Hotel TwentySeven,HR Stagiair(e),recruitee,non_us,unstated,2026-09-11T13:25:40.000Z,2026-09-11T21:26:05.571Z,2026-09-29,2026-09-29
c9b429ac-1abe-41fa-813b-b788d171b2c1,M/I Homes,Rotational Homebuilding Intern - Charlotte Summer 2027,workable,us,unstated,2026-09-24T00:00:00.000Z,2026-09-26T06:41:45.113Z,2026-09-29,2026-09-29
c9bf3049-6de7-4245-84c9-de30cbf88b60,YouTrip,Data Analytics Intern,workable,non_us,unstated,2026-09-02T00:00:00.000Z,2026-09-02T08:23:40.693Z,2026-09-29,2026-09-29
c9c5f7f2-a6af-4f98-8819-e79742688b11,EBC Group,Finance Intern,workable,non_us,unstated,2024-05-23T00:00:00.000Z,2026-09-19T08:06:20.359Z,2026-09-29,2026-09-29
c9cf032b-b2c2-423c-bdc6-2dc3582fb012,TIFIN,"AI Engineering Intern, TIFIN.ai",greenhouse,us,unstated,2026-08-07T17:45:04.000Z,2026-09-08T13:39:40.651Z,2026-09-29,2026-09-29
c9f216ee-62be-44a0-8654-e5584fc0d5a5,Miebach Consulting GmbH,Praktikant*in - Supply Chain Strategy und Logistikplanung ab November 2026,recruitee,non_us,unstated,2025-01-10T08:43:52.000Z,2026-08-31T04:28:32.094Z,2026-09-29,2026-09-29
ca08d452-ae8b-48f6-8661-32540741cb39,Direct Result DE,Werkstudent in Sales (m/w/d),recruitee,non_us,unstated,2025-02-07T13:41:25.000Z,2026-09-02T17:28:35.162Z,2026-09-29,2026-09-29
ca0e2526-1057-468f-a1be-e8aefe634aa8,Artifact,AI Engineer / Consultant - Internship,recruitee,non_us,unstated,2024-04-23T12:21:26.000Z,2026-08-31T04:07:01.464Z,2026-09-29,2026-09-29
ca1b8578-2928-41b9-b048-e0f119f20aab,DOF,Banco de Talentos - Estágio,workable,non_us,unstated,2026-08-25T00:00:00.000Z,2026-08-31T04:28:21.012Z,2026-09-29,2026-09-29
ca218d77-5cec-42e2-a60f-f37739005d6e,Audax Private Equity,"CO-OP, Portfolio Valuation & Analytics",greenhouse,us,unstated,2026-09-24T13:52:58.000Z,2026-09-09T16:58:16.253Z,2026-09-29,2026-09-29
ca2c7ca6-20ce-495f-af82-b9c04fc7b9c9,OTIV,Internship Sales & Business Development,workable,non_us,unstated,2025-08-18T00:00:00.000Z,2026-08-31T21:33:42.695Z,2026-09-29,2026-09-29
ca67c5fa-664c-44a6-be1e-e76ee5b72853,Jump Trading,Campus AI Research Engineer - Deep Learning (Intern),greenhouse,us,unstated,2026-08-18T21:50:32.000Z,2026-09-01T19:49:42.704Z,2026-09-29,2026-09-29
ca70a978-c60e-486c-bbe8-32a1d830c818,Bauer Entertainment Marketing,Spring 2027 Graphic Design Internship,breezy,us,unstated,2026-06-10T23:25:48.821Z,2026-09-02T16:45:08.383Z,2026-09-29,2026-09-29
ca70f466-b8c1-477f-bf92-28e966c02ac4,Huiskes Kokkeler,Stagiair(e) Design / Content / Social Media Marketing,recruitee,non_us,unstated,2026-09-22T14:56:34.000Z,2026-09-23T07:38:00.098Z,2026-09-29,2026-09-29
ca718229-31b5-4cca-b5b2-752b8427e48e,Schonfeld,2027 Fundamental Equity COO Intern,greenhouse,us,unstated,2026-09-25T13:44:00.000Z,2026-09-15T06:00:02.234Z,2026-09-29,2026-09-29
ca9bfbdf-f873-4260-be77-d0e7480cb4a9,Huiskes Kokkeler,Stagiair(e) Eventmanagement,recruitee,non_us,unstated,2026-09-17T14:18:46.000Z,2026-09-19T06:23:57.191Z,2026-09-29,2026-09-29
cab16a42-3f3a-4c37-803f-cf8e6993f80d,Astranis,Power Electronics Intern (Winter 2027),greenhouse,us,refuses,2026-09-25T21:56:48.000Z,2026-09-25T07:27:18.212Z,2026-09-29,2026-09-29
cab7fffd-9aa2-49a7-853a-98c621ce0b36,Perry Homes,2027 Summer Internship - Marketing,workable,us,unstated,2026-09-04T00:00:00.000Z,2026-09-04T17:21:23.474Z,2026-09-29,2026-09-29
cb0e15c3-3058-4e01-bca1-96f4afd598aa,Rail Innovators Group,Werkstudent Marketing & Communicatie,recruitee,non_us,unstated,2026-09-25T07:47:24.000Z,2026-09-27T03:17:22.924Z,2026-09-29,2026-09-29
cb384dec-bc71-4af1-82d8-90adaf730982,BlueQuo,Operations intern,recruitee,non_us,unstated,2026-06-22T09:33:38.000Z,2026-09-02T16:49:31.378Z,2026-09-29,2026-09-29
cb3f9c65-aa88-4da9-9ca3-33f2cf60d1cc,VIGO groep,Septemberstage jeugdzorgwerker mbo 4 | 16 uur | Schoutenweg & Ceintuurbaan | Deventer,recruitee,non_us,unstated,2026-09-04T06:48:08.000Z,2026-09-04T08:07:46.449Z,2026-09-29,2026-09-29
cb470714-c11b-432a-b416-f542aa258b7b,TMGM,Financial Product Sales Intern | Mandarin Speaking,workable,non_us,unstated,2023-11-14T00:00:00.000Z,2026-08-31T21:07:56.736Z,2026-09-29,2026-09-29
cb81728a-0860-49ad-8eb7-8c8076b20551,Exoticca,Trade Marketing Intern,workable,non_us,unstated,2026-08-11T00:00:00.000Z,2026-08-31T04:35:05.707Z,2026-09-29,2026-09-29
cb86bc02-ef56-4909-a1ae-d6ec54d6fba5,Astranis,Flight Software Intern (Winter 2027),greenhouse,us,refuses,2026-09-25T21:56:40.000Z,2026-09-25T07:27:18.212Z,2026-09-29,2026-09-29
cb86cb9a-9531-41d9-88d2-38d1b94673a4,RF-SMART,Accounting Internship - Summer 2027,greenhouse,us,refuses,2026-09-24T17:36:33.000Z,2026-09-24T15:16:47.527Z,2026-09-29,2026-09-29
cb8f3769-cbbb-4849-a905-b3693acc60ea,D2L,Public Relations & Communications Coordinator - Winter 2027 Co-op,greenhouse,non_us,unstated,2026-09-15T20:53:43.000Z,2026-09-18T01:53:34.963Z,2026-09-29,2026-09-29
cbc032d3-ca8e-42fb-9af3-628da3988acb,Antea Group,Werkstudent HR Backoffice,recruitee,non_us,unstated,2026-09-04T13:44:08.000Z,2026-09-04T15:37:38.857Z,2026-09-29,2026-09-29
cbc9e22d-b09d-482f-86b2-6f0637dcd47c,Friday Recruitment,Afstudeerstage Marketing,recruitee,non_us,unstated,2026-09-03T09:53:44.000Z,2026-09-03T10:02:34.716Z,2026-09-29,2026-09-29
cbeb61bd-6903-4f2a-9bdb-57acc996085b,Televic Rail,INTERNSHIP - Host web application via VNC server on a PIS computer,recruitee,non_us,unstated,2026-03-11T16:10:14.000Z,2026-09-02T19:48:40.321Z,2026-09-29,2026-09-29
cbfe5720-fca6-4a97-9edb-339c86d99670,WorldQuant,Quant Developer Intern,greenhouse,non_us,unstated,2026-08-13T01:33:11.000Z,2026-08-03T19:50:08.664Z,2026-09-29,2026-09-29
cc0152e5-dcf1-4c28-9313-06e35ea3af2a,DRW,Software Engineer Intern (Data Engineering),greenhouse,non_us,unstated,2026-08-28T11:49:36.000Z,2026-08-13T06:01:34.229Z,2026-09-29,2026-09-29
cc186644-225c-4467-898b-17595df62b0f,Funding Societies | Modalku Group,People Analytics & Reporting Intern,workable,non_us,unstated,2026-04-06T00:00:00.000Z,2026-08-31T04:38:02.474Z,2026-09-29,2026-09-29
cc330c1b-e181-4425-ab66-33e855240de3,ALKU,Sales Internship Program,greenhouse,us,refuses,2026-09-25T15:25:55.000Z,2026-09-01T19:02:52.178Z,2026-09-29,2026-09-29
cc389558-3031-457e-b028-d2b65eacc636,PSfm B.V.,Stagiair(e) Marketing Hospitality & Events,recruitee,non_us,unstated,2026-08-24T08:58:36.000Z,2026-08-31T04:34:07.577Z,2026-09-29,2026-09-29
cc44fb61-81e7-4578-b322-4465d40a30da,Die Grenze BV,Stage/BBL Doetinchem,recruitee,non_us,unstated,2024-10-21T09:53:10.000Z,2026-08-31T04:12:20.250Z,2026-09-29,2026-09-29
cc4ad5bf-df1d-41af-95f8-382c867d3884,Die Grenze BV,Stage/BBL Raalte,recruitee,non_us,unstated,2026-08-27T12:21:16.000Z,2026-08-31T04:12:20.250Z,2026-09-29,2026-09-29
cc681d6c-338d-4636-b077-a391d0e62a6b,PRET A MANGER FR,Contrôleur de gestion Junior,recruitee,non_us,unstated,2026-07-27T12:05:38.000Z,2026-09-02T17:30:23.578Z,2026-09-29,2026-09-29
cc8900e3-3328-4e46-a992-c8bf58c2e218,Direct Result DE,Werkstudent in Sales (m/w/d),recruitee,non_us,unstated,2025-08-20T16:50:01.000Z,2026-09-02T17:28:35.162Z,2026-09-29,2026-09-29
cc8e31c9-010e-4598-98e6-095ea02d678b,VIGO groep,Masterstage Psychologie | Centrum voor Neuropsychiatrie,recruitee,non_us,unstated,2026-09-28T12:29:31.000Z,2026-09-28T13:49:59.399Z,2026-09-29,2026-09-29
cc90dfc1-bb48-4f67-b846-6e9935959a2a,Pixlr Group,Sales & Marketing Intern,workable,non_us,unstated,2026-02-12T00:00:00.000Z,2026-08-31T21:34:01.539Z,2026-09-29,2026-09-29
cca2880f-bc45-49af-b3da-929c7a0386f5,Hotel TwentySeven,Stagiair(e) Boekhouding,recruitee,non_us,unstated,2026-09-11T13:33:20.000Z,2026-09-11T21:26:05.571Z,2026-09-29,2026-09-29
ccc68311-5323-43c0-9578-a9a06e191150,Crypto Finance AG,Intern - Risk Management,workable,non_us,unstated,2026-09-17T00:00:00.000Z,2026-09-18T11:59:20.040Z,2026-09-29,2026-09-29
ccd7c359-cf58-4c9a-b560-c2dc3e86ec43,EquipmentShare,Intern: Financial Systems Analyst,greenhouse,us,refuses,2026-09-21T23:28:30.000Z,2026-09-19T06:57:49.090Z,2026-09-29,2026-09-29
cce15dac-e738-4407-92f4-028a6d2c352f,Just Russel,Stagiair Content Creator,recruitee,non_us,unstated,2026-06-20T05:50:19.000Z,2026-08-31T04:25:31.117Z,2026-09-29,2026-09-29
ccf66e93-5ee6-4243-b8a5-73f8e6549c2e,Smart Technology Solutions,Accounting Intern,workable,non_us,unstated,2026-05-16T00:00:00.000Z,2026-08-31T20:49:34.535Z,2026-09-29,2026-09-29
ccfc0a7c-5713-4334-ad0e-a06c0d3784ed,Lokal App,Content Strategy Associate/Intern,workable,non_us,unstated,2026-08-05T00:00:00.000Z,2026-08-31T20:22:29.495Z,2026-09-29,2026-09-29
cd00619d-9517-4e05-afed-038cf7b1d4f3,Overstory Health,Clinical Director,greenhouse,us,unstated,2026-09-01T15:49:56.000Z,2026-09-01T21:37:31.350Z,2026-09-29,2026-09-29
cd0e05f3-c0be-49a5-84b6-c2b71394e468,Gallup,Data Engineering Intern — Summer 2027,greenhouse,unknown,refuses,2026-09-16T19:16:05.000Z,2026-09-19T10:26:35.376Z,2026-09-29,2026-09-29
cd0efabb-bc32-4ab2-8dff-51ac8d4d8880,Consigli Construction,Project Management Intern (Summer 2027),workable,us,unstated,2026-09-09T00:00:00.000Z,2026-09-09T16:12:04.571Z,2026-09-29,2026-09-29
cd163cea-d6d5-424b-919e-ed469d641ef2,AT Osborne B.V.,Afstudeeropdracht Kaderrichtlijn Water,recruitee,non_us,unstated,2026-04-30T10:20:44.000Z,2026-08-31T04:05:46.247Z,2026-09-29,2026-09-29
cd2b6948-4464-4f8f-bc1d-b15dfdc1b2da,Sendbird,"AI Agent Engineer, Intern",greenhouse,non_us,unstated,2026-09-23T21:27:54.000Z,2026-09-08T12:33:58.069Z,2026-09-29,2026-09-29
cd49030d-f938-4fc9-b920-26adf8f656b2,Zipline,Global Supply Management Intern (Spring 2027),greenhouse,us,unstated,2026-09-17T17:05:10.000Z,2026-09-19T08:08:31.082Z,2026-09-29,2026-09-29
cd49087a-7acd-432a-8951-2b1cebc2b134,Dev Technology,AI/Agentic Solution Engineer Intern (Summer 2027),greenhouse,us,refuses,2026-09-02T12:52:03.000Z,2026-09-01T19:20:41.896Z,2026-09-29,2026-09-29
cd65fc7c-b66a-4b63-ab1a-5537656132ed,Dev Technology,Microsoft Power Platform & AI Intern (Summer 2027),greenhouse,us,refuses,2026-09-02T12:56:51.000Z,2026-09-01T19:20:41.896Z,2026-09-29,2026-09-29
cdb32d97-95fc-4820-9ebe-570482ccc6f7,Die Grenze BV,Stage/BBL Drachten,recruitee,non_us,unstated,2024-10-21T10:12:46.000Z,2026-08-31T04:12:20.250Z,2026-09-29,2026-09-29
cdbc4bad-f238-4f95-9d69-bdcf177f6a26,Stevens Capital Management LP,Developer Internship,greenhouse,us,unstated,2026-05-24T05:00:16.000Z,2026-08-31T16:29:22.359Z,2026-09-29,2026-09-29
ce0ca9e7-a1b9-4c57-b18d-6a5f89d24d95,EQT Corporation,Talent Acquisition & Recruitment Marketing Intern,greenhouse,unknown,unstated,2026-09-17T18:39:28.000Z,2026-09-10T19:25:37.438Z,2026-09-29,2026-09-29
ce24bb29-59cf-4fda-a483-777d97853268,1GLOBAL,Telecommunications Network Operations Intern,workable,non_us,unstated,2026-07-10T00:00:00.000Z,2026-08-31T04:04:46.748Z,2026-09-29,2026-09-29
ce2d1d6c-1973-4e3d-b68d-ae6f1d3f6f15,Thoughtworks,Software Procurement Intern,greenhouse,non_us,unstated,2026-09-28T11:48:08.000Z,2026-09-28T14:14:47.528Z,2026-09-29,2026-09-29
ce37cf8e-8f93-4444-a3a5-863e06450ba2,Interstates,"Apprentice Electrician Tech College Intern - Des Moines, IA",greenhouse,us,unstated,2026-09-24T16:13:22.000Z,2026-09-26T06:44:49.317Z,2026-09-29,2026-09-29
ce6ca1e5-cf8b-4431-8490-cce9a8253e29,Cabify,Customer Experience and Operations Intern,greenhouse,non_us,unstated,2026-09-25T11:52:53.000Z,2026-09-27T03:32:38.181Z,2026-09-29,2026-09-29
ce8166bf-00a9-4b46-a148-0d265982a6c0,Groupe Mondial Tissus,Stage Assistant.e de Communication,recruitee,non_us,unstated,2026-09-18T09:48:10.000Z,2026-09-01T19:44:12.808Z,2026-09-29,2026-09-29
ceacd4f5-fe19-4aee-b224-b50cbbc596da,Astranis,Avionics Intern (Winter 2027),greenhouse,us,refuses,2026-09-25T21:56:47.000Z,2026-09-25T07:27:18.212Z,2026-09-29,2026-09-29
cead8603-e366-43b7-983b-5e119c09fda7,Funding Societies | Modalku Group,Credit Intern,workable,non_us,unstated,2026-09-21T00:00:00.000Z,2026-09-22T11:30:02.482Z,2026-09-29,2026-09-29
ceb095f3-482a-4a5b-80c6-e7f9b31d723d,ALTEN MÉXICO,Becario de Seguridad y Salud,workable,non_us,unstated,2026-09-11T00:00:00.000Z,2026-09-11T19:34:58.849Z,2026-09-29,2026-09-29
ceb9a099-04ab-42f5-9081-1eb4a02f59fe,Peripass,HR Internship,recruitee,non_us,unstated,2025-10-07T09:50:16.000Z,2026-08-31T04:31:21.267Z,2026-09-29,2026-09-29
ced971b1-b9ad-4872-a3bf-a34c7c742d49,BRL Risk Consulting GmbH & Co. KG,Praktikant im Bereich IT Assurance und Advisory (m/w/d),recruitee,non_us,unstated,2023-07-07T09:24:20.000Z,2026-08-31T04:09:35.753Z,2026-09-29,2026-09-29
ced9b9e6-8e51-4910-85cf-92567cf8b59f,"Peak Retirement Planning, Inc.",Operations Intern,recruitee,us,unstated,2026-09-03T17:50:51.000Z,2026-09-03T19:35:10.085Z,2026-09-29,2026-09-29
cee1999e-0f8f-4ae5-84a0-30e6b94f3a64,Audax Group,Investor Relations CO-OP,greenhouse,us,unstated,2026-09-24T13:52:58.000Z,2026-09-16T02:48:00.083Z,2026-09-29,2026-09-29
cee7f308-3630-4aac-9f9e-eeb05c6e2713,Die Grenze BV,Stage/BBL Leeuwarden,recruitee,non_us,unstated,2026-01-23T09:46:25.000Z,2026-08-31T04:12:20.250Z,2026-09-29,2026-09-29
cee98fed-d10a-45d7-9156-4e5081986d3d,Astranis,Mechanical Engineer Intern (Winter 2027),greenhouse,us,refuses,2026-09-25T21:56:40.000Z,2026-08-15T06:01:19.580Z,2026-09-29,2026-09-29
cf2254fb-53db-48c3-8616-28695feded9d,HelloFresh,Category Management Intern (f/m/x),greenhouse,non_us,unstated,2026-09-25T20:14:02.000Z,2026-09-27T00:34:37.815Z,2026-09-29,2026-09-29
cf5fa7f5-8cfe-4ea2-8dbe-ed4fbd3690e9,Hone Health,Data Engineering Intern (Fall 2026),greenhouse,us,unstated,2026-07-23T05:01:18.000Z,2026-09-20T11:43:40.476Z,2026-09-29,2026-09-29
cf70082e-1d8a-4155-ab32-817e4cd21589,"Huawei Technologies Canada Co., Ltd.",Intern Researcher - AI Computing System,recruitee,non_us,unstated,2025-11-03T22:59:12.000Z,2026-08-31T04:21:36.768Z,2026-09-29,2026-09-29
cfa912d5-9824-4d12-ad75-032ff7d569ee,MKH Greenergy Cert GmbH,🔋 Werkstudent*in (w/m/d) Anlagenzertifizierung & Netzanschluss – Energiewende,recruitee,non_us,unstated,2023-01-27T13:08:23.000Z,2026-08-31T04:27:14.003Z,2026-09-29,2026-09-29
cfbd52f1-41de-4b07-95f1-4a9599dd4ad8,Fireclay Partners,Internship - Investment Banking Analyst (Summer 2027),breezy,us,unstated,2026-09-26T13:40:15.281Z,2026-09-11T09:41:21.612Z,2026-09-29,2026-09-29
cfcddd4f-3c7a-4429-9900-b7782a63344a,Mellon Group of Companies,Internship Opportunity - Junior Software Engineer,workable,non_us,unstated,2026-09-24T00:00:00.000Z,2026-09-26T06:41:27.709Z,2026-09-29,2026-09-29
cfd97150-e789-4b34-9544-6635d1e30ac6,Bybit,[Intern] Test Development Engineer Intern,greenhouse,non_us,unstated,2026-09-09T12:05:03.000Z,2026-09-17T04:25:43.717Z,2026-09-29,2026-09-29
cfeab557-aa5e-482e-b70a-b49d7788ea00,Skin Clique,Marketing & Content Intern,greenhouse,us,unstated,2026-09-18T15:47:05.000Z,2026-09-18T21:57:53.416Z,2026-09-29,2026-09-29
cfed9433-6b60-4339-b96c-e778388752fd,OneHope,2027 OneHope Cultivate Intern,breezy,us,unstated,2026-09-03T19:38:24.776Z,2026-09-19T12:11:59.365Z,2026-09-29,2026-09-29
cffa2c46-c7c3-4e97-a3ea-a46a924e57b3,APIVITA S.A,BEE The Future-Internship Program,workable,non_us,unstated,2021-09-07T00:00:00.000Z,2026-08-31T04:09:50.919Z,2026-09-29,2026-09-29
d005c090-de84-492e-bb71-b2c053ebed14,Audax Group,Data Engineer CO-OP - PE,greenhouse,us,unstated,2026-09-25T20:19:19.000Z,2026-09-16T02:48:00.083Z,2026-09-29,2026-09-29
d0a22d27-2cd3-4cf9-9a94-ff526cf17b25,EIGHT ADVISORY SAS,Project Finance & Infrastructure - Intern Summer 2027,recruitee,non_us,unstated,2026-06-09T15:40:36.000Z,2026-09-01T05:52:14.247Z,2026-09-29,2026-09-29
d0bf936b-13a2-4d34-9b77-2c926877a898,Consigli Construction,Project Management Intern (Summer 2027),workable,us,unstated,2026-08-26T00:00:00.000Z,2026-08-31T04:24:01.655Z,2026-09-29,2026-09-29
d0c04b9e-c8cb-4c1e-9b36-8f3160bdd4a8,Benesch,Intern,greenhouse,us,unstated,2026-09-23T15:41:15.000Z,2026-09-25T07:00:44.517Z,2026-09-29,2026-09-29
d0c6af26-9db3-4e90-ab59-6855a145ac77,Pels Rijcken,Werkstudent recruitment,recruitee,non_us,unstated,2026-09-07T08:55:09.000Z,2026-09-07T09:14:37.784Z,2026-09-29,2026-09-29
d0eaebac-ce6e-4081-a3b4-30b762078a00,"Huawei Technologies Canada Co., Ltd.",Co-op Researcher,recruitee,non_us,unstated,2025-06-20T22:50:20.000Z,2026-08-31T04:21:36.768Z,2026-09-29,2026-09-29
d0f173dd-5766-4b0e-bbe2-2699ac0b40f1,Genesis Orthopedics & Sports Medicine,Unpaid Pre-Health Clinical Internship,workable,us,unstated,2026-06-09T00:00:00.000Z,2026-08-31T04:36:50.950Z,2026-09-29,2026-09-29
d0f964ef-580c-4168-9871-5921007048cc,Applied Value,Consulting Internship (Stockholm) - Spring 2027,recruitee,non_us,unstated,2026-08-31T17:17:51.000Z,2026-08-31T21:51:41.489Z,2026-09-29,2026-09-29
d10702f5-4b2f-4eae-94c4-aea0792d8e19,Consigli Construction,Project Management Intern (Summer 2027),workable,us,unstated,2026-08-26T00:00:00.000Z,2026-08-31T04:24:01.655Z,2026-09-29,2026-09-29
d13a3faf-2810-4797-899a-717adebb6a82,"Amyris, Inc.",Estágio em Engenharia e Projetos,greenhouse,non_us,unstated,2026-07-14T17:32:13.000Z,2026-09-15T15:41:25.025Z,2026-09-29,2026-09-29
d13dda20-c377-4b85-8c99-7be123465c4c,Mediengruppe Pressedruck,Praktikanten Redaktion (m/w/d),recruitee,non_us,unstated,2025-09-03T08:01:38.000Z,2026-08-31T04:32:43.521Z,2026-09-29,2026-09-29
d14018de-1dfa-4b56-b0ee-0699aff0887a,Momentum,2027 MBA Summer Associate - Capital & Ventures,greenhouse,us,unstated,2026-08-24T20:42:57.000Z,2026-09-08T00:24:08.918Z,2026-09-29,2026-09-29
d158e8e4-05da-42a2-a621-f0d9f484bd82,Consigli Construction,Estimating Intern (Summer 2027),workable,us,unstated,2026-08-26T00:00:00.000Z,2026-08-31T04:24:01.655Z,2026-09-29,2026-09-29
d1862513-51d5-45d0-abd1-4be71e4ed847,Die Grenze BV,Stage/BBL Winschoten,recruitee,non_us,unstated,2026-08-31T09:30:03.000Z,2026-08-31T22:05:07.181Z,2026-09-29,2026-09-29
d1ab216e-164b-492e-a7d3-a7d24a3096d9,MyRunway,Digital Marketing Intern,recruitee,non_us,unstated,2026-09-04T08:27:03.000Z,2026-09-04T08:52:02.200Z,2026-09-29,2026-09-29
d1ef90eb-93ee-4d41-be2a-3ff49b684385,ASM,Software Engineering Intern (Spring 2027),greenhouse,us,unstated,2026-07-06T06:57:10.000Z,2026-09-16T00:00:02.271Z,2026-09-29,2026-09-29
d20e2db2-81bc-4655-8b71-af3dddccbcd5,NFI Group Inc.,Accounting Intern,workable,non_us,unstated,2026-09-14T00:00:00.000Z,2026-09-15T00:46:45.788Z,2026-09-29,2026-09-29
d2275318-9f87-4094-ae82-1cc6a43f7230,Oostendorp Groep,HBO Onderzoeksstage Elektrische Mobiliteit & Accudegradatie,recruitee,non_us,unstated,2026-06-12T21:13:41.000Z,2026-09-02T17:30:02.340Z,2026-09-29,2026-09-29
d2380c9c-465c-4068-9a6e-b26fb05dd2b9,Benesch,Transportation Engineering - Roadway Design Internship,greenhouse,us,unstated,2026-09-21T03:44:00.000Z,2026-09-22T04:59:16.221Z,2026-09-29,2026-09-29
d24a9d28-3460-426e-82dc-b932b220ecf0,InMobi,"Intern - Creative & Communications, People Team",greenhouse,non_us,unstated,2026-09-24T08:31:32.000Z,2026-09-19T07:28:57.660Z,2026-09-29,2026-09-29
d24f2a9a-9328-4047-b5ff-74b4af8648c4,Retail Insights,Marketing internship (Danish Speaker),greenhouse,non_us,unstated,2026-08-28T05:15:03.000Z,2026-09-08T02:41:43.604Z,2026-09-29,2026-09-29
d25a9b43-98bc-4ef5-bd60-27ffb3418d40,Starkstrom-Gerätebau GmbH,Werkstudent Hochspannungsprüffeld - Prozessdokumentation (m/w/d),recruitee,non_us,unstated,2026-06-23T06:43:46.000Z,2026-09-02T17:30:37.919Z,2026-09-29,2026-09-29
d2682c62-4ad0-43db-831a-701a60fe3e57,ASM,"Intern, Category Management (Mechanical)",greenhouse,non_us,unstated,2026-08-21T11:25:25.000Z,2026-09-16T00:00:02.271Z,2026-09-29,2026-09-29
d2a05e2e-ad6c-46f0-97a7-1ac02d1ecc0f,everdrop GmbH,Werkstudent*in Influencer Marketing DACH (m/w/d),recruitee,non_us,unstated,2026-09-24T08:29:33.000Z,2026-09-25T03:54:07.233Z,2026-09-29,2026-09-29
d2a74bbc-d5e8-49c0-bee8-7ceba48e2ef0,Keune Haircosmetics Manufacturing B.V.,Digital Marketing Content Stage (vanaf jan/feb 2027),recruitee,non_us,unstated,2026-04-28T09:51:05.000Z,2026-08-31T22:26:53.189Z,2026-09-29,2026-09-29
d2c3084b-6fbc-425d-99f4-9889d13f2ca2,Huiskes Kokkeler,Stagiair(e) Data & AI,recruitee,non_us,unstated,2026-04-22T07:47:09.000Z,2026-08-31T13:37:20.852Z,2026-09-29,2026-09-29
d31ce75b-c8f6-42df-a214-5003595d0052,Houthoff,Student-stagiaire Brussel,recruitee,non_us,unstated,2025-04-24T07:45:23.000Z,2026-08-31T04:21:36.778Z,2026-09-29,2026-09-29
d33251dc-a75e-498b-a353-7fd9bae96e8b,Zipline,Electrical Project Engineer Intern (Summer 2027),greenhouse,us,unstated,2026-09-17T17:05:10.000Z,2026-09-19T08:08:31.082Z,2026-09-29,2026-09-29
d344ea95-4b9b-45f6-867f-91b777a489cb,Consigli Construction,Project Management Co-op (Spring 2027),workable,us,unstated,2026-07-06T00:00:00.000Z,2026-08-31T04:24:01.655Z,2026-09-29,2026-09-29
d3563487-ba3b-4ec3-8d33-f4d16a6f1387,Point72,Quantitative Software Developer Intern,greenhouse,us,unstated,2026-09-15T21:33:58.000Z,2026-09-01T19:49:27.998Z,2026-09-29,2026-09-29
d35f7534-751b-4421-9af9-5763d75b17aa,Autoriteit Financiele Markten,Werkstudent Strategie & Risicoanalyse,recruitee,non_us,unstated,2026-09-24T13:18:57.000Z,2026-09-25T14:05:52.548Z,2026-09-29,2026-09-29
d378511b-d9bf-425e-bf80-d07352826186,LABEYRIE FINE FOODS,Stage - JURISTE Propriété Intellectuelle / Commerce et Pratiques commerciales (H/F) - Janvier 2027,recruitee,non_us,unstated,2026-09-14T07:53:37.000Z,2026-09-15T08:46:01.713Z,2026-09-29,2026-09-29
d38448df-6337-4286-b05b-28bb5787745b,Astranis,CAD Engineer Intern (Spring 2027),greenhouse,us,refuses,2026-09-25T21:56:41.000Z,2026-08-15T06:01:19.580Z,2026-09-29,2026-09-29
d3e708c4-6b87-42c2-b7e9-0cdc6cea5282,Movares,Meewerkstage bouwkunde in team Seismisch,recruitee,non_us,unstated,2026-03-13T14:30:40.000Z,2026-08-31T04:28:33.818Z,2026-09-29,2026-09-29
d3e9393b-6df8-4d74-898f-af2f9c266227,Neuralink,"Software Engineer Intern, BCI Applications",greenhouse,us,unstated,2026-09-25T01:18:21.000Z,2026-09-08T00:24:09.614Z,2026-09-29,2026-09-29
d3f85584-3708-4bcf-92e6-7abe3eaa43ae,F.H. Paschen,Construction Intern - Dallas Summer 2027,workable,us,unstated,2026-08-21T00:00:00.000Z,2026-08-31T04:34:43.688Z,2026-09-29,2026-09-29
d406d004-0f0f-4af5-8775-472ec0808412,CFO Insights,Entrepreneur in Residence Intern (Spanish speaker) CFO Insights,greenhouse,non_us,unstated,2026-08-28T05:15:24.000Z,2026-09-17T14:33:08.074Z,2026-09-29,2026-09-29
d41831e0-535e-4e6b-84b4-dc1fa4e6c5ee,Consigli Construction,Field Operations Intern (Summer 2027),workable,us,unstated,2026-09-09T00:00:00.000Z,2026-09-09T16:12:04.571Z,2026-09-29,2026-09-29
d4283d5d-6e15-46ea-a3b5-45b8a5093aef,Interstates,Assistant Project Manager Intern (Summer 2027) - National Travel,greenhouse,us,unstated,2026-09-16T19:58:35.000Z,2026-09-09T21:23:46.590Z,2026-09-29,2026-09-29
d42a45a6-7ddc-4a9d-aa7f-e6fa25e1995c,DRW,Platform Engineer Intern,greenhouse,us,unstated,2026-08-19T21:04:51.000Z,2026-07-31T20:27:09.195Z,2026-09-29,2026-09-29
d4305dd8-090c-4789-8239-5c5c372bedf7,Zipline,Hardware Test Intern (Spring 2027),greenhouse,us,unstated,2026-09-17T17:05:10.000Z,2026-09-19T08:08:31.082Z,2026-09-29,2026-09-29
d431daae-4c76-44ac-8cf2-b1267d09983c,Astranis,Flight Software Intern (Summer 2027),greenhouse,us,refuses,2026-09-25T21:56:40.000Z,2026-09-25T07:27:18.212Z,2026-09-29,2026-09-29
d4765d3e-7b25-4fcb-8173-8eff6df2c691,Retail Insights,Entrepreneur in Residence Intern (Danish speaker) Retail Insights,greenhouse,non_us,unstated,2026-08-28T05:15:23.000Z,2026-09-08T02:41:43.604Z,2026-09-29,2026-09-29
d476928f-f218-40b0-b736-d2b5dd0e779b,KIHOMAC,Copy Editor Intern,workable,us,refuses,2026-08-12T00:00:00.000Z,2026-08-31T21:32:36.635Z,2026-09-29,2026-09-29
d4780491-80d8-4652-b9da-b87b0ad44e81,Die Grenze BV,Stage/BBL Maastricht,recruitee,non_us,unstated,2026-09-28T08:29:33.000Z,2026-09-28T18:02:49.184Z,2026-09-29,2026-09-29
d4bbe95f-e0c7-47b4-a799-b982d299199d,Fixico,Operations Internship - German Speaking,recruitee,non_us,unstated,2025-12-17T09:11:10.000Z,2026-08-31T04:17:15.320Z,2026-09-29,2026-09-29
d4c562ef-7a9f-4d60-bc5b-aefd5c036808,CFO Insights,Global Internship Program (Italian speaker) CFO Insights,greenhouse,non_us,unstated,2026-08-28T05:15:21.000Z,2026-09-17T14:33:08.074Z,2026-09-29,2026-09-29
d4fdf2c3-8ba3-4fad-b2f1-777eb627b937,Zipline,Commercial Strategy & Operations Intern (Spring 2027),greenhouse,us,refuses,2026-09-17T17:05:10.000Z,2026-09-19T08:08:31.082Z,2026-09-29,2026-09-29
d5065093-e49b-47a6-96b4-2faffef48242,Hotel De L'Europe B.V.,Food & Beverage Operations Intern,recruitee,non_us,unstated,2026-01-14T09:51:19.000Z,2026-08-31T04:13:39.743Z,2026-09-29,2026-09-29
d50cb693-4233-4606-b0fc-2e139efafdef,TRIP Advocaten Notarissen,Kennismakingsstage Overheidspraktijk (masterniveau),recruitee,non_us,unstated,2026-06-16T11:41:57.000Z,2026-08-31T21:32:21.383Z,2026-09-29,2026-09-29
d5399dab-5acd-4220-9fff-1faeecc676b4,BRANDCROPS,Prácticas - Ejecutiva de Cuentas,breezy,non_us,unstated,2026-08-04T09:50:08.204Z,2026-09-15T11:38:21.618Z,2026-09-29,2026-09-29
d543c80d-60f9-4eb1-a0d8-34198bb1480e,Wight & Company,Site Civil Engineering Intern - Summer 2027,greenhouse,us,unstated,2026-09-01T13:34:23.000Z,2026-09-01T20:25:38.787Z,2026-09-29,2026-09-29
d561565b-ad17-4a83-bcda-400629c6bfbc,Ros Roca,Prácticas en Ros Roca – Envíanos tu CV,greenhouse,non_us,unstated,2026-09-21T07:19:26.000Z,2026-09-10T01:45:03.843Z,2026-09-29,2026-09-29
d595f6f8-3922-4666-9224-dfa295caf678,Funding Societies | Modalku Group,People Analytics & Reporting Intern,workable,non_us,unstated,2026-08-27T00:00:00.000Z,2026-08-31T04:38:02.474Z,2026-09-29,2026-09-29
d59a097d-c242-42cf-96c2-ed032babd63f,HP IQ,"Software Engineering Intern, Connectivity (Summer 2027)",greenhouse,us,unstated,2026-09-01T18:25:44.000Z,2026-09-01T21:37:31.293Z,2026-09-29,2026-09-29
d5bce6b2-2e3b-4561-a30e-b022a26c76ab,EQT Corporation,Midstream Operations Technician Intern,greenhouse,us,unstated,2026-09-17T18:39:28.000Z,2026-09-18T02:02:09.719Z,2026-09-29,2026-09-29
d5db571f-b90c-434a-ac64-5afb7dd9dacb,Destinus,Engineering Intern / Traineeship,workable,non_us,unstated,2026-09-18T00:00:00.000Z,2026-09-18T12:48:13.427Z,2026-09-29,2026-09-29
d6091c6d-30fe-48e4-bb5b-0e31c5c5ef6f,Het Notarieel,Mbo stagiaire Frontoffice,recruitee,non_us,unstated,2026-05-07T13:50:12.000Z,2026-09-02T17:29:04.969Z,2026-09-29,2026-09-29
d61b34c2-333b-4fb6-8ec3-72a5bccb7a5f,Pixlr Group,Internship - Graphic Designer / Digital Design,workable,unknown,unstated,2024-10-09T00:00:00.000Z,2026-08-31T21:34:01.539Z,2026-09-29,2026-09-29
d63c6112-8976-4782-865d-d6cf91d35310,Ginmon GmbH,Werkstudent Finance & Controlling (m/w/d),recruitee,non_us,unstated,2026-07-09T13:55:55.000Z,2026-08-31T04:17:16.323Z,2026-09-29,2026-09-29
d640d578-ae79-4be2-84a7-7843d51371b3,INTERGARDE B.V.,Afstudeerstagiair Duurzaamheid & Managementsystemen,recruitee,non_us,unstated,2026-05-18T06:36:32.000Z,2026-08-31T04:20:03.715Z,2026-09-29,2026-09-29
d6577a31-4129-4f62-9324-e483f570094e,Craftzing,Internship,recruitee,non_us,unstated,2025-04-03T19:00:49.000Z,2026-08-31T04:10:48.219Z,2026-09-29,2026-09-29
d689d757-fbcb-42e2-b2b9-8cf4cfb6f74f,Rosebel Gold Mines N.V.,RGM Internship Program 2026 - Bachelor Students in Mine Technology or Information Technology,recruitee,non_us,unstated,2026-06-22T16:11:12.000Z,2026-08-31T04:35:20.630Z,2026-09-29,2026-09-29
d6922066-301c-43ee-b9a1-bba25d80436c,"Love, Bonito",Strategic Finance Intern,workable,non_us,unstated,2023-12-19T00:00:00.000Z,2026-08-31T20:22:38.281Z,2026-09-29,2026-09-29
d69af85a-d057-4014-87b3-98a0ef8e6c7b,LABEYRIE FINE FOODS,Stage - Assistant.e chef.fe de produit Blini H/F - Paris,recruitee,non_us,unstated,2026-09-14T12:26:02.000Z,2026-09-15T08:46:01.713Z,2026-09-29,2026-09-29
d6b98f03-cf75-48bd-821d-bae1e25340a9,Nord-Ostsee Automobile,Praktikum im Center Brandenburg (m/w/d),recruitee,non_us,unstated,2026-07-15T06:20:40.000Z,2026-09-02T17:29:57.069Z,2026-09-29,2026-09-29
d6bd0461-959d-4f83-9579-03387e50b4fc,Die Grenze BV,Stage/BBL Arnhem,recruitee,non_us,unstated,2025-06-26T07:07:51.000Z,2026-08-31T04:12:20.250Z,2026-09-29,2026-09-29
d6bf2a96-7b0e-454a-9a9c-7ad0c2cea002,Domino Data Lab,"Software Engineer, Intern - Campus Recruiting 2027",greenhouse,us,unstated,2026-09-23T19:22:45.000Z,2026-09-09T23:46:35.053Z,2026-09-29,2026-09-29
d6c65740-0f8d-4575-ae68-5f2976159315,Focus Global Inc.,Accounting Intern,breezy,unknown,unstated,2026-09-02T00:36:06.554Z,2026-09-02T17:28:25.495Z,2026-09-29,2026-09-29
d6c6a4a3-b007-4c89-a2bf-cbca15781405,Cara Care,Medizin / Digital Health Werkstudent:in (m/w/d),workable,non_us,unstated,2026-09-01T00:00:00.000Z,2026-09-01T19:11:02.534Z,2026-09-29,2026-09-29
d6e14898-b760-4338-a2bb-262df222918f,Gérard Bertrand,STAGE - Vendanges / Vinifications 2026 (H/F),recruitee,non_us,unstated,2026-03-03T16:39:51.000Z,2026-08-31T04:17:19.032Z,2026-09-29,2026-09-29
d6e9a523-a330-4c0a-b73a-831491d12edd,moomoo,Unpaid - Fall Semester Internship: Influencer Marketing,workable,us,unstated,2026-08-26T00:00:00.000Z,2026-08-31T20:25:01.743Z,2026-09-29,2026-09-29
d7020f10-212d-4c21-a32c-dfb538e77baa,Dev Technology,React/Node Developer Intern (Summer 2027),greenhouse,us,refuses,2026-09-02T12:58:30.000Z,2026-09-01T19:20:41.896Z,2026-09-29,2026-09-29
d708036c-cbfe-4b24-956c-a0a9f1a306a2,SW Logistics,Shipping Documentation Intern,recruitee,non_us,unstated,2026-08-12T06:54:27.000Z,2026-08-31T05:18:20.283Z,2026-09-29,2026-09-29
d7381fd3-8d69-4050-8b19-86526197c502,Televic Rail,Marketing Intern (Go-to-Market & Campaign Support),recruitee,non_us,unstated,2026-03-18T07:33:28.000Z,2026-09-02T19:48:40.321Z,2026-09-29,2026-09-29
d75213fb-cbfc-4fc1-81bc-be981a2e7f21,TYTAN Technologies GmbH,HR Systems & Analytics Intern (m/f/d),recruitee,non_us,unstated,2026-08-27T10:27:09.000Z,2026-08-31T13:37:25.107Z,2026-09-29,2026-09-29
d757a77a-73e2-4c76-826d-7830a1c086bf,Na Prática,"Estágio - Tecnologia, Dados & BI no Na Prática",greenhouse,non_us,unstated,2026-09-23T15:25:04.000Z,2026-08-31T21:21:51.639Z,2026-09-29,2026-09-29
d7607894-3d58-477e-8460-d37b701d1e32,F.H. Paschen,Construction Intern - Chicago Summer 2027,workable,us,unstated,2026-08-21T00:00:00.000Z,2026-08-31T04:34:43.688Z,2026-09-29,2026-09-29
d76a88aa-61eb-48fa-8881-0099f3f5d76a,Interstates,Engineering intern,greenhouse,us,unstated,2026-09-16T19:58:35.000Z,2026-09-09T21:23:46.590Z,2026-09-29,2026-09-29
d796be47-3d4b-4361-ac81-6f9985fe4c44,"Huawei Technologies Canada Co., Ltd.",Co-op Researcher-AI for Autonomous Driving & Multimodal Learning,recruitee,non_us,unstated,2025-10-29T20:00:08.000Z,2026-08-31T04:21:36.768Z,2026-09-29,2026-09-29
d79e5d2e-f68b-4ea9-b922-8ff796680cfc,SFORS,Trader - Intern,recruitee,non_us,unstated,2025-12-02T14:39:41.000Z,2026-09-01T10:47:31.058Z,2026-09-29,2026-09-29
d7db6670-9602-4ad8-bfc4-14d5a9b7fc9f,Northmarq,"Portfolio and Asset Management Intern, Summer 2027",greenhouse,us,refuses,2026-09-15T19:58:12.000Z,2026-09-03T20:01:28.118Z,2026-09-29,2026-09-29
d7f164cd-1b81-4f47-9c4e-8c04ef78a6cd,Hotel TwentySeven,Stagiair(e) Butler,recruitee,non_us,unstated,2026-09-11T13:24:30.000Z,2026-09-11T21:26:05.571Z,2026-09-29,2026-09-29
d82bce70-09d5-47a0-a377-4dacde5aadca,LV Collective,Video Production Intern Spring 2027,workable,us,unstated,2023-11-16T00:00:00.000Z,2026-08-31T20:22:51.493Z,2026-09-29,2026-09-29
d8361144-07cb-4a7d-beaa-0b80490cd397,Rosebel Gold Mines N.V.,RGM Internship Program 2026 - Bachelor Students in Electrical Engineering,recruitee,non_us,unstated,2026-07-03T19:50:52.000Z,2026-08-31T04:35:20.630Z,2026-09-29,2026-09-29
d83cdcb3-eebd-497c-9b61-d6a593c243f3,Nord-Ostsee Automobile,Praktikum im Center Hamburg-Elbe (m/w/d),recruitee,non_us,unstated,2026-07-15T06:01:18.000Z,2026-09-02T17:29:57.069Z,2026-09-29,2026-09-29
d83dafe8-1f08-4a2b-aca8-4736fd82c2a9,Consigli Construction,Field Operations Co-op (Spring 2027),workable,us,unstated,2026-07-06T00:00:00.000Z,2026-08-31T04:24:01.655Z,2026-09-29,2026-09-29
d873521c-2539-437f-8faa-e55b460fc0de,M Booth,"Fall/Winter Intern, Corporate Affairs",greenhouse,us,unstated,2026-09-03T15:57:42.000Z,2026-09-03T16:29:54.954Z,2026-09-29,2026-09-29
d87593d9-8dc3-4028-815b-a9477b35f6ba,Dentons,Curricular Internship - Financial Services (Banking & Finance Department) - Rome,workable,non_us,unstated,2026-09-22T00:00:00.000Z,2026-09-25T05:45:25.259Z,2026-09-29,2026-09-29
d8768820-7998-4c1a-87ff-81566b950f7e,Porsche Asia Pacific,Intern Digital Business Development (Porsche Services Singapore),workable,non_us,unstated,2026-09-22T00:00:00.000Z,2026-09-22T14:34:36.528Z,2026-09-29,2026-09-29
d87bc8b4-1479-4998-a0ae-68767b48fd01,HexArmor,Sales Internship - Summer 2027,greenhouse,us,unstated,2026-09-11T00:16:29.000Z,2026-09-20T05:17:06.815Z,2026-09-29,2026-09-29
d8866836-f0cd-4b5a-9f8d-e645f7d428e3,TYTAN Technologies GmbH,Venture Development Intern (f/m/d),recruitee,non_us,unstated,2026-07-08T14:28:21.000Z,2026-08-31T13:37:25.107Z,2026-09-29,2026-09-29
d899aefa-b6ca-471f-8340-1c829b5a2b11,Affidea Greece,Internship Program @Affidea Greece,recruitee,non_us,unstated,2025-03-28T12:39:38.000Z,2026-08-31T04:04:19.816Z,2026-09-29,2026-09-29
d8aa4894-8ca8-4725-b92f-e55b93f4864d,Houthoff,Kandidaat-notaris-stagiaire Amsterdam,recruitee,non_us,unstated,2025-04-24T08:15:51.000Z,2026-08-31T04:21:36.778Z,2026-09-29,2026-09-29
d8b3e9b5-8868-4885-a744-50d2db252542,Interstates,Assistant Project Manager Intern (Summer 2027) - National Travel,greenhouse,us,unstated,2026-09-16T19:58:35.000Z,2026-09-09T21:23:46.590Z,2026-09-29,2026-09-29
d8cee9c3-32b8-49b4-9539-fdd7e1dc9d41,StepStone Group,2026 Data & Risk Operations Junior Analyst/Intern,greenhouse,non_us,unstated,2026-09-09T13:26:37.000Z,2026-09-09T15:24:42.276Z,2026-09-29,2026-09-29
d8cf1757-3180-49de-9b81-f924a153147f,Brady Martz,Spring 2027 Accounting Internship,workable,us,unstated,2026-09-15T00:00:00.000Z,2026-09-18T08:13:58.411Z,2026-09-29,2026-09-29
d90cb41a-01cb-418c-a2c3-88067a9a3bc6,Dopay,Frontend Intern,workable,non_us,unstated,2026-07-22T00:00:00.000Z,2026-08-31T04:28:14.199Z,2026-09-29,2026-09-29
d91fdcee-ceef-4154-a504-34f3bc6a9412,Centre Hospitalier EpiCURA,Demande de stage  Autres fonctions,recruitee,non_us,unstated,2025-05-15T09:45:55.000Z,2026-08-31T22:11:45.210Z,2026-09-29,2026-09-29
d9731f50-89e8-49c4-b70d-513c66c6fd3f,HelloFresh,Physical Product Planning Intern (all genders),greenhouse,non_us,unstated,2026-09-25T13:14:15.000Z,2026-09-27T00:34:37.815Z,2026-09-29,2026-09-29
d97881f9-57ac-478e-a645-fee6bcee183e,Lincoln International,UK Summer Internship Programme 2027,greenhouse,non_us,refuses,2026-09-09T20:35:11.000Z,2026-09-09T17:47:22.874Z,2026-09-29,2026-09-29
d97aebe8-acca-4ad4-bc89-08b618b6a53e,StepStone Group,2026 – 2027 StepStone Portfolio Analytics and Reporting – Client Services Intern,greenhouse,non_us,unstated,2026-09-24T16:45:51.000Z,2026-09-25T03:47:02.630Z,2026-09-29,2026-09-29
d97cff21-912a-4820-ac22-ddbb1992f98e,CMS Cinema Management Services GmbH & Co.KG,Praktikant (m/w/d) Controlling,recruitee,non_us,unstated,2026-09-21T10:13:37.000Z,2026-09-22T11:53:38.652Z,2026-09-29,2026-09-29
d9825a7f-dc38-4f63-9b26-7c3489f00d10,HealthCorps,Teens Make Health Happen Internship School Year 2026-2027,workable,us,unstated,2026-08-24T00:00:00.000Z,2026-08-31T13:39:42.527Z,2026-09-29,2026-09-29
d9bbec71-8813-4e03-a445-f2de200e4297,Artis Energy Solutions,Energy Efficiency Sales Intern,breezy,us,refuses,2026-05-02T04:12:55.201Z,2026-09-15T05:44:17.426Z,2026-09-29,2026-09-29
d9e604fc-9ad5-4575-a65d-21fdda7f0165,Oak Hill Advisors,Fall Interest Form - Internship Program Summer 2028,greenhouse,us,unstated,2026-09-02T17:28:51.000Z,2026-09-08T00:24:09.621Z,2026-09-29,2026-09-29
da0eeffd-85c0-4f76-ac5b-1a5083ca3231,Die Grenze BV,Stage/BBL Delden,recruitee,non_us,unstated,2024-10-21T09:54:11.000Z,2026-08-31T04:12:20.250Z,2026-09-29,2026-09-29
da21980f-9d6e-4119-ad4e-c1723d76bcce,Hotel TwentySeven,Stagiair(e) Reserveringen,recruitee,non_us,unstated,2026-09-11T13:33:47.000Z,2026-09-11T21:26:05.571Z,2026-09-29,2026-09-29
da330eff-8325-4e3b-85f3-e151d9a18062,Schonfeld,2027 Platform Engineering Intern,greenhouse,us,unstated,2026-09-22T13:15:59.000Z,2026-09-10T23:35:28.488Z,2026-09-29,2026-09-29
da337925-d1e9-4506-94f6-e11c0202a4c4,Movares,Afstudeerstage constructief ontwerpen,recruitee,non_us,unstated,2026-03-13T13:29:11.000Z,2026-08-31T04:28:33.818Z,2026-09-29,2026-09-29
da4494a6-4921-405c-8a5b-1cb8387a91b3,Pathway,Brand Marketing & PR Internship,workable,us,unstated,2026-03-23T00:00:00.000Z,2026-08-31T20:28:48.231Z,2026-09-29,2026-09-29
da4cc5c4-5709-4989-856d-d4bd71a6d6a6,Biggelaar Groep,MBO/HBO stagiair Infra,recruitee,non_us,unstated,2025-08-04T12:07:27.000Z,2026-08-31T04:06:57.572Z,2026-09-29,2026-09-29
da621c56-33de-4494-bf9c-23d9381ea978,EQT Corporation,Landman Intern,greenhouse,unknown,unstated,2026-09-17T18:39:28.000Z,2026-09-15T01:04:57.437Z,2026-09-29,2026-09-29
da6e8087-0b7f-4340-ad9e-b1677755fdb4,Javelin Global Commodities,Summer Intern: Commodities Trading,workable,non_us,unstated,2026-09-16T00:00:00.000Z,2026-09-17T10:15:14.872Z,2026-09-29,2026-09-29
da99e478-2236-4a73-bf5b-5b59f8fe9451,SpaceX,Summer 2027 Software Engineering Internship/Co-op,greenhouse,us,unstated,2026-09-01T23:48:33.000Z,2026-08-03T19:52:15.354Z,2026-09-29,2026-09-29
daaa7c29-edd0-4594-9a7d-061013b8306f,CoverGo,Recruitment Intern (Immediate Hire) - Hybrid,workable,non_us,unstated,2026-09-17T00:00:00.000Z,2026-09-18T11:06:25.503Z,2026-09-29,2026-09-29
dab34847-a49b-44e3-abd7-c42986754bda,Hudson River Trading,Data Scientist Intern - 2027,greenhouse,non_us,unstated,2026-09-23T17:41:20.000Z,2026-09-25T03:11:18.127Z,2026-09-29,2026-09-29
dac607a7-46d9-47d7-ac55-d0c0388e8def,Attain Sports,The Frederick Keys Grounds Intern,greenhouse,us,unstated,2026-07-31T14:24:12.000Z,2026-08-31T04:14:53.472Z,2026-09-29,2026-09-29
daca6afb-af28-44a2-8ce6-9ac13e464328,Funding Societies | Modalku Group,People Development Intern,workable,non_us,unstated,2026-09-17T00:00:00.000Z,2026-09-18T20:01:25.856Z,2026-09-29,2026-09-29
dae012d1-c461-4c2c-b8f6-08b0ffe1bae7,Commerzbank AG – Poland,Operations Engineer  Intern - Document Lifecycle  - TalentBank 2026,breezy,unknown,unstated,2026-09-02T07:28:43.906Z,2026-08-31T04:14:59.992Z,2026-09-29,2026-09-29
daefd788-7eb9-4094-9431-b6d08af69c7d,Holzland Becker,Werkstudent (w/m/d) Einkauf / Procurement,recruitee,non_us,unstated,2026-07-10T15:48:53.000Z,2026-08-31T04:20:07.861Z,2026-09-29,2026-09-29
dafafb46-daa9-4b0f-b467-d8463cd118c0,OHM Advisors,Civil Engineering Intern (Hiring for May 2027) - Southern Michigan,workable,us,unstated,2026-08-25T00:00:00.000Z,2026-08-31T21:33:34.111Z,2026-09-29,2026-09-29
dafb7a7b-5dc6-4fee-9c1a-dcf5e5798016,Astranis,"Assembly, Integration, and Test Intern (Winter 2027)",greenhouse,us,refuses,2026-09-25T21:56:41.000Z,2026-09-22T05:25:34.032Z,2026-09-29,2026-09-29
db035426-0afa-4461-b46e-1f40a00bc121,Zipline,Maintenance Tool Engineering Intern (Summer 2027),greenhouse,us,refuses,2026-09-17T17:05:10.000Z,2026-09-19T08:08:31.082Z,2026-09-29,2026-09-29
db314287-08a2-4395-897d-af16de2fdb2b,Nord-Ostsee Automobile,Praktikum im Center Hildesheim (m/w/d),recruitee,non_us,unstated,2026-07-15T06:38:33.000Z,2026-09-02T17:29:57.069Z,2026-09-29,2026-09-29
db31e64a-5ee3-41c2-b066-10b339d03456,Attain Sports,Grounds Intern,greenhouse,us,unstated,2026-04-28T17:22:23.000Z,2026-08-31T04:14:53.472Z,2026-09-29,2026-09-29
db37aa5a-6230-4322-8260-3993b6095063,NV Advices for Technical Systems,ATS NV -  Internships - Bachelor Studenten,recruitee,non_us,unstated,2025-09-16T09:30:54.000Z,2026-08-31T04:05:44.465Z,2026-09-29,2026-09-29
db408fad-8ea9-4323-a2a6-885b3a09b64f,Steer,Financial Analyst - Internship,workable,non_us,unstated,2026-09-22T00:00:00.000Z,2026-09-24T12:02:50.133Z,2026-09-29,2026-09-29
db4cd08d-827b-48dd-9108-7ab715228206,Odyssey Hotel Group,F&B Supervisor Intern Aug./Sept. 2026,recruitee,non_us,unstated,2026-03-31T10:02:02.000Z,2026-08-31T04:30:09.965Z,2026-09-29,2026-09-29
db53bcfc-c298-42ef-a978-57c13c04ff60,BarentsKrans,Advocaat-stagiaire EU & Competition,recruitee,non_us,unstated,2026-03-03T16:16:43.000Z,2026-08-31T04:06:59.287Z,2026-09-29,2026-09-29
db5718c4-37be-4424-9366-e49b41a7c49a,Zipline,Mechanical Engineer Intern (Summer 2027),greenhouse,us,unstated,2026-09-17T17:05:10.000Z,2026-09-19T08:08:31.082Z,2026-09-29,2026-09-29
db62dc61-100c-4f63-ba5a-f773962e4ed6,Black Diamond Networks,Sales Internship (FL),recruitee,us,unstated,2025-12-23T15:40:53.000Z,2026-08-31T04:08:24.083Z,2026-09-29,2026-09-29
db809eef-f08a-419e-9bc0-c7fa77984735,Interstates,"Apprentice Electrician Tech College Intern - Manhattan, KS",greenhouse,us,unstated,2026-09-16T19:58:35.000Z,2026-09-09T21:23:46.590Z,2026-09-29,2026-09-29
db92cab0-5b2f-4792-a28d-b3bd45d25ebc,Zipline,Electrical Engineer Intern (Spring 2027),greenhouse,us,unstated,2026-09-17T17:05:10.000Z,2026-09-19T08:08:31.082Z,2026-09-29,2026-09-29
dba3d091-f9be-4760-9020-d1b39cb0b269,Angkas,Product Operations Internship (Academic Internship),workable,non_us,unstated,2026-04-21T00:00:00.000Z,2026-08-31T04:10:01.002Z,2026-09-29,2026-09-29
dba6c031-2e70-46b8-abef-9a0349e4292f,Werken bij Altrecht,Werkstudent Psychologie (24 uur),recruitee,non_us,unstated,2026-09-08T09:53:51.000Z,2026-09-08T10:56:02.197Z,2026-09-29,2026-09-29
dc159b88-4eb0-4236-84ce-a1526d1fbfca,StraitsX,Commercial Intern,greenhouse,non_us,unstated,2026-09-23T09:37:34.000Z,2026-09-25T14:35:51.883Z,2026-09-29,2026-09-29
dc1e18e2-6d12-4a75-9756-c7b100bf538c,Zipline,Software Systems Validation Intern (Spring 2027),greenhouse,us,unstated,2026-09-17T17:05:10.000Z,2026-09-19T08:08:31.082Z,2026-09-29,2026-09-29
dc1ebcd5-b2d8-486e-ac92-c4bcdba92fec,AtriCure,Engineering Intern,greenhouse,us,unstated,2026-09-27T00:11:47.000Z,2026-09-16T02:11:47.387Z,2026-09-29,2026-09-29
dc2220a5-ade0-4447-9be6-f2f8ab71a2e3,Domino Data Lab,"Forward Deployed Engineer, Intern - Campus Recruiting 2027",greenhouse,us,unstated,2026-09-23T19:16:41.000Z,2026-09-09T23:46:35.053Z,2026-09-29,2026-09-29
dc2a6b03-3057-4658-968b-2d82170e50b2,Interbrand,BECA CURRICULAR_ CLIENT SERVICES INTERN,greenhouse,non_us,unstated,2026-08-07T12:28:27.000Z,2026-08-31T13:35:57.070Z,2026-09-29,2026-09-29
dc30e68a-255f-41b8-8135-9387e4087ec4,Hotel De L'Europe B.V.,Finance Management Stagiaire,recruitee,non_us,unstated,2026-09-11T07:32:40.000Z,2026-09-11T10:51:05.333Z,2026-09-29,2026-09-29
dc38fad3-3c39-4fb8-9c12-e227cb9d20f0,Retail Insights,Entrepreneur in Residence Intern (German speaker) Retail Insights,greenhouse,non_us,unstated,2026-08-28T05:15:23.000Z,2026-09-08T02:41:43.604Z,2026-09-29,2026-09-29
dc747369-50de-4d73-8961-05fe80298052,Cyclomedia Technology,Sales Development Intern,recruitee,non_us,unstated,2026-06-26T08:37:05.000Z,2026-08-31T22:05:22.223Z,2026-09-29,2026-09-29
dc76e6f4-2795-407b-bc37-c6677326713b,F.H. Paschen,Construction Intern - Merrillville Summer 2027,workable,us,unstated,2026-08-21T00:00:00.000Z,2026-08-31T04:34:43.688Z,2026-09-29,2026-09-29
dc7cc635-05aa-4da7-9645-80ac4b4c9e3e,Benesch,Civil Transportation Internship,greenhouse,us,unstated,2026-09-15T17:21:57.000Z,2026-09-15T12:10:06.929Z,2026-09-29,2026-09-29
dca0366d-ed30-4ec8-b576-6fb2893c2dde,Cazas Wonen,Open sollicitatie stage,recruitee,non_us,unstated,2026-02-27T15:13:13.000Z,2026-08-31T04:09:41.229Z,2026-09-29,2026-09-29
dca06218-4cf8-4f7f-913b-837ae91715ce,VIRO Group,VIRO Echt Afstudeerstage aanmelding,recruitee,non_us,unstated,2025-03-12T10:38:41.000Z,2026-09-02T23:02:56.839Z,2026-09-29,2026-09-29
dcdfca01-fd5d-4549-8de3-e7993f1b9f47,Consigli Construction,Yard Intern (Summer 2027),workable,us,unstated,2026-08-31T00:00:00.000Z,2026-08-31T22:26:30.110Z,2026-09-29,2026-09-29
dcea7a1c-132b-4877-91eb-ef7728498774,Force Factor,Summer 2027 Supply Chain Intern,greenhouse,us,unstated,2026-09-09T16:01:34.000Z,2026-09-19T08:06:15.741Z,2026-09-29,2026-09-29
dd28a3f1-8d19-4399-8bf1-876c644771f8,Black Diamond Networks,Sales Internship (AZ),recruitee,us,unstated,2025-12-23T15:33:43.000Z,2026-08-31T04:08:24.083Z,2026-09-29,2026-09-29
dd3612f7-8916-4329-b9b2-8b319b4bff80,Elite Talent,HR Intern,workable,unknown,unstated,2025-06-25T00:00:00.000Z,2026-08-31T04:30:25.435Z,2026-09-29,2026-09-29
dd4033e1-f3df-4029-8447-8b0f7201661d,WPP Production,Video Production Intern,greenhouse,non_us,unstated,2026-09-02T09:51:24.000Z,2026-09-10T06:22:16.023Z,2026-09-29,2026-09-29
dd5226c2-11c0-4e17-87c5-41c717abe7c5,Holzland Becker,Werkstudent (w/m/d) Data Science,recruitee,non_us,unstated,2026-09-03T15:15:46.000Z,2026-09-03T16:13:56.713Z,2026-09-29,2026-09-29
dd9e1562-a38a-477a-81ee-fe946666f142,Funding Societies | Modalku Group,Sales Support Intern,workable,non_us,unstated,2025-06-19T00:00:00.000Z,2026-08-31T04:38:02.474Z,2026-09-29,2026-09-29
dda062c0-955e-4030-9393-83e282c1c677,Retail Insights,Entrepreneur in Residence Intern (Spanish speaker) Retail Insights,greenhouse,non_us,unstated,2026-08-28T05:15:24.000Z,2026-09-08T02:41:43.604Z,2026-09-29,2026-09-29
ddb35bc8-cdb6-4142-b6ab-57c2ce790b77,PDT Partners,Summer 2027 Systems Engineering Intern,greenhouse,us,unstated,2026-07-24T23:20:01.000Z,2026-08-31T16:29:28.362Z,2026-09-29,2026-09-29
ddc9aaff-43ee-409e-b403-c83a3f11e227,PEZY.,Internships/Graduate application,recruitee,non_us,unstated,2026-06-03T14:30:20.000Z,2026-08-31T04:32:42.235Z,2026-09-29,2026-09-29
ddd8ac08-f20c-458c-aea3-2e7ed45f96eb,VIRO Group,Student Masterthesis Mechanical,recruitee,non_us,unstated,2026-09-14T11:18:40.000Z,2026-09-15T07:03:27.489Z,2026-09-29,2026-09-29
dddf2f12-c1df-4e45-8522-d1f891616afd,Seven Research,Core Developer - Intern,greenhouse,us,unstated,2026-09-11T05:00:29.000Z,2026-09-01T09:13:50.571Z,2026-09-29,2026-09-29
ddfbb86c-839e-45a6-9830-ac4590c60061,PARTOF_,Commerciële Stage,recruitee,non_us,unstated,2021-07-16T10:16:17.000Z,2026-09-02T17:30:05.959Z,2026-09-29,2026-09-29
de646580-6ab8-4005-8ce1-f087b581c6c0,Televic Rail,INTERNSHIP/ THESIS - Fleet-Level Robust  Modeling for Embedded Accelerometer  Self-Diagnostics in Railway Systems,recruitee,non_us,unstated,2026-09-10T09:05:28.000Z,2026-09-10T23:55:11.659Z,2026-09-29,2026-09-29
de6de085-ecdd-4468-9995-b6c8e4600871,StepStone Group,2027 AI Initiatives PhD Internship,greenhouse,unknown,unstated,2026-08-25T19:58:53.000Z,2026-09-01T19:59:22.656Z,2026-09-29,2026-09-29
de830357-193b-4c4f-b24c-73dabaffaeb0,settels savenije group of companies,Meewerk stage HRM,recruitee,non_us,unstated,2025-12-17T20:53:59.000Z,2026-08-31T04:38:11.247Z,2026-09-29,2026-09-29
de8627d6-90a4-4cd1-b439-9ddab63208a0,Exoticca,HR Assistant internship (Relaciones laborales),workable,non_us,unstated,2026-09-01T00:00:00.000Z,2026-09-01T19:46:56.901Z,2026-09-29,2026-09-29
de8bd97e-1381-47c0-a472-7574e5a83591,Ascendis Pharma,Marketing Intern,workable,non_us,unstated,2026-09-16T00:00:00.000Z,2026-09-18T07:07:37.115Z,2026-09-29,2026-09-29
deb37890-cd90-4e6a-abb3-2e83ee0c3dbe,Model Corp,Summer Internship Opportunities,greenhouse,us,unstated,2026-08-25T17:52:26.000Z,2026-08-31T21:21:51.612Z,2026-09-29,2026-09-29
deba670d-340a-4f20-8ea5-736071d6610f,Force Factor,Summer 2027 Digital Graphic Design Intern,greenhouse,us,unstated,2026-09-09T15:43:43.000Z,2026-09-19T08:06:15.741Z,2026-09-29,2026-09-29
debe93f6-0330-410a-bc63-4b20cd3d67ce,Gastronomous Technologies Inc.,Co-Op Embedded Software Engineer,breezy,unknown,unstated,2026-09-25T19:23:18.170Z,2026-08-31T04:22:55.197Z,2026-09-29,2026-09-29
dee3c6ca-4a45-4dfa-81a8-1dcc303a7fc4,"Love, Bonito",Legal Intern,workable,non_us,unstated,2026-08-28T00:00:00.000Z,2026-08-31T20:22:38.281Z,2026-09-29,2026-09-29
deeef247-8ab7-469a-874f-d617c618691a,Whello B.V.,Stage Content Creator,recruitee,non_us,unstated,2026-06-03T07:06:43.000Z,2026-08-31T21:32:21.555Z,2026-09-29,2026-09-29
df018e5a-cada-4373-914f-e267f98084a8,Mountain View Tennis,Summer Intern & Assistant,workable,us,unstated,2026-04-09T00:00:00.000Z,2026-08-31T20:25:41.131Z,2026-09-29,2026-09-29
df0412d7-11fb-4d9e-a8ee-afb411b0dbab,Kruger NearShore LLC - Rekluti,Pasante de Aseguramiento de Calidad de Software (QA Intern),recruitee,non_us,unstated,2026-06-18T15:12:26.000Z,2026-08-31T22:11:41.517Z,2026-09-29,2026-09-29
df06686a-2b1b-40f2-9fc9-1c15c898f463,Ons Tweede Thuis,Stage Ons Tweede Thuis,recruitee,non_us,unstated,2023-02-15T08:25:25.000Z,2026-08-31T04:34:10.662Z,2026-09-29,2026-09-29
df09b370-ed89-44c8-a4ec-a8d3f1a3ada7,Sentec,Internship in IPV Development,workable,non_us,unstated,2026-09-16T00:00:00.000Z,2026-09-17T03:04:57.668Z,2026-09-29,2026-09-29
df0af52a-fd39-4d13-aceb-ce56419a9d02,EquipmentShare,Intern: Finance & Treasury,greenhouse,us,unstated,2026-09-21T23:28:30.000Z,2026-09-19T06:57:49.090Z,2026-09-29,2026-09-29
df185c5a-13a1-4f9c-9fc8-ee56f28b354b,Claus Group,Stagiair Sales/Account Management (HBO),recruitee,non_us,unstated,2024-07-09T07:11:15.000Z,2026-08-31T04:08:19.293Z,2026-09-29,2026-09-29
df242749-cbc1-4d1b-951e-a89601284b22,Intrinsic Development,Preconstruction Intern,greenhouse,us,unstated,2026-04-24T21:07:55.000Z,2026-09-20T16:05:18.339Z,2026-09-29,2026-09-29
df42474b-34ea-4fae-b7fa-af425c5fa24d,REBS,Stage Coördinator Planning & Organisatie Opleidingen & Events,recruitee,non_us,unstated,2024-04-09T14:58:42.000Z,2026-08-31T04:34:13.318Z,2026-09-29,2026-09-29
df51c3b5-d8d2-4fcd-a7f5-21adb6dc0e1d,Matera,Praktikant (m/w/d) Set-Up Coordination | Scaling Phase,recruitee,non_us,unstated,2026-08-25T15:00:22.000Z,2026-08-31T04:28:37.993Z,2026-09-29,2026-09-29
df66e546-7f2b-4240-865e-e049049192f4,Benesch,Transportation Engineering Internship,greenhouse,us,unstated,2026-09-23T15:40:45.000Z,2026-09-25T07:00:44.517Z,2026-09-29,2026-09-29
df7e609b-a891-4a51-acfa-fd53e6f54b40,Xcellink Pte Ltd,HR Temp/ HR Intern (Recruitment) IL-240916001/01,workable,non_us,unstated,2024-09-16T00:00:00.000Z,2026-08-31T21:24:55.947Z,2026-09-29,2026-09-29
dfbc78e3-7a8b-4b34-9c52-a492023a01f1,CMS Derks Star Busmann N.V.,Kandidaat-notaris-stagiaire Real Estate,recruitee,non_us,unstated,2025-11-01T09:53:30.000Z,2026-09-02T17:28:27.381Z,2026-09-29,2026-09-29
e0371e22-ec46-4a7c-b003-b17f87f7b0f6,elockers,Stage in de evenementen- en entertainment branche!,recruitee,non_us,unstated,2026-05-26T12:11:50.000Z,2026-08-31T04:13:34.291Z,2026-09-29,2026-09-29
e03e139a-3fb9-434c-a8f9-55f83e874a72,settels savenije group of companies,HBO Stage / Afstudeeropdracht – Doorontwikkeling en implementatie ISO 14001,recruitee,non_us,unstated,2026-08-07T10:47:05.000Z,2026-08-31T04:38:11.247Z,2026-09-29,2026-09-29
e056b02d-14dd-40a0-86e8-cacd1da4d8d9,Intrepid Asia,KAM Intern,workable,non_us,unstated,2026-09-21T00:00:00.000Z,2026-09-23T21:51:13.326Z,2026-09-29,2026-09-29
e096e027-3355-4a22-b202-6b4b7112fe6a,Garner Health,Software Engineering Intern,greenhouse,us,refuses,2026-09-26T05:01:07.000Z,2026-09-19T10:53:41.863Z,2026-09-29,2026-09-29
e0aa6bf9-21f4-4d6f-974f-70ce6d1b20b3,ARCenergie GmbH,Werkstudent (m/w/d) Marketing – Video Cutter,recruitee,non_us,unstated,2026-01-23T12:26:10.000Z,2026-08-31T04:05:49.679Z,2026-09-29,2026-09-29
e0b210f7-c9ee-488a-9a05-150b194ccee2,Geneva Trading,Trade Support Engineer Intern,greenhouse,us,unstated,2026-09-24T17:25:39.000Z,2026-09-25T01:09:35.983Z,2026-09-29,2026-09-29
e0d84f69-d1e1-4d04-8386-f1b7c021e56f,MATTE PROJECTS,"Experiential Production Internship: Fall 2026 (On-site, NYC)",greenhouse,us,unstated,2026-09-22T17:37:19.000Z,2026-09-25T03:46:17.991Z,2026-09-29,2026-09-29
e0f7d9cc-ca66-4f65-b1fd-7427b0e18a2e,Berenschot Groep B.V.,Stagiair(e) Energie en Leefomgeving,recruitee,non_us,unstated,2026-08-18T08:07:48.000Z,2026-08-31T04:07:08.509Z,2026-09-29,2026-09-29
e11b949f-c740-45fb-b707-5f396c3c3719,Geneva Trading,Quantitative Trading Internship – Summer 2027,greenhouse,us,unstated,2026-09-24T17:30:06.000Z,2026-09-10T21:03:44.668Z,2026-09-29,2026-09-29
e11ed55e-1e6c-4578-a6e9-a923c856f77f,"Love, Bonito",Merchandising Intern,workable,non_us,unstated,2026-09-16T00:00:00.000Z,2026-09-17T11:35:18.101Z,2026-09-29,2026-09-29
e13d9daa-116a-4981-a6bd-ada189c5b691,Eintracht Frankfurt Fußball AG,Pflichtpraktikant Partner Management (m/w/d),recruitee,non_us,unstated,2026-09-25T10:44:48.000Z,2026-09-25T13:27:20.151Z,2026-09-29,2026-09-29
e13e4eb8-da80-4fc5-a9e1-236dcf34bc76,Zipline,Supply Chain Business Operations Intern (Spring 2027),greenhouse,us,unstated,2026-09-17T17:05:10.000Z,2026-09-19T08:08:31.082Z,2026-09-29,2026-09-29
e1628ce3-a847-4b87-a6b9-bd257b8aa935,CFO Insights,Marketing campaign intern (Danish Speaker),greenhouse,non_us,unstated,2026-08-28T05:15:03.000Z,2026-09-17T14:33:08.074Z,2026-09-29,2026-09-29
e1d214cc-05f6-4499-8763-dffaae7dc443,Samsara,Software Engineering Internship - San Francisco,greenhouse,us,unstated,2026-09-25T20:07:56.000Z,2026-09-01T19:49:48.970Z,2026-09-29,2026-09-29
e1e1e192-b0df-4c32-b8c0-934337e73d9f,RedHelm,Managed Services Intern,greenhouse,us,unstated,2026-09-11T23:33:05.000Z,2026-09-12T06:12:48.438Z,2026-09-29,2026-09-29
e1e97975-b1d8-4a8e-8a14-95220ae319d3,Amvest,Stagiair(e) Strategy & Research,recruitee,non_us,unstated,2026-07-28T11:19:12.000Z,2026-09-02T16:12:45.742Z,2026-09-29,2026-09-29
e2020c87-6f2f-423c-bd0c-4f018fa0800b,TYTAN Technologies GmbH,Security Operations & Compliance Intern (m/f/d),recruitee,non_us,unstated,2026-08-03T15:53:44.000Z,2026-08-31T13:37:25.107Z,2026-09-29,2026-09-29
e2089b9c-9c0b-41dc-bcc2-6bcc7eecaf17,ALUMIL,Alumil NextGen Internship Program: Launch Your Career with Alumil,workable,non_us,unstated,2025-10-10T00:00:00.000Z,2026-09-01T09:14:06.937Z,2026-09-29,2026-09-29
e20928c6-9715-4d03-90b8-d549531f593f,Arco Educação,Estágio em Dados e Automação (Legal Operations),greenhouse,non_us,unstated,2026-09-22T14:59:44.000Z,2026-09-18T14:42:13.518Z,2026-09-29,2026-09-29
e21fd4d2-5372-43ff-927f-6ca5e98850b1,"Huawei Technologies Canada Co., Ltd.",Co-op Software Engineer - AI System & Infrastructure,recruitee,non_us,unstated,2026-05-12T16:41:46.000Z,2026-08-31T04:21:36.768Z,2026-09-29,2026-09-29
e2264db4-911b-48e8-8e74-ae41addd179e,Biggelaar Groep,HBO / WO Stagiair Civiele Techniek,recruitee,non_us,unstated,2025-08-04T08:07:33.000Z,2026-08-31T04:06:57.572Z,2026-09-29,2026-09-29
e2276404-188d-441d-b10f-dc3838bf4f9a,Control Risks,Project Administrator Intern,workable,non_us,unstated,2026-09-18T00:00:00.000Z,2026-09-19T07:40:24.366Z,2026-09-29,2026-09-29
e22e7287-0d16-4b92-b26d-8f785d4e0d67,AtriCure,Engineering Co-op Spring 2027,greenhouse,us,unstated,2026-09-27T00:10:04.000Z,2026-09-16T02:11:47.387Z,2026-09-29,2026-09-29
e23444e3-9c05-4a69-9e16-b43be07f1d86,Minerva Marine Inc.,Minerva Internship Program 2026,workable,non_us,unstated,2026-03-05T00:00:00.000Z,2026-08-31T20:24:29.339Z,2026-09-29,2026-09-29
e241486f-ef5e-415c-bce9-b59da0652030,moomoo,Marketing Intern (Penang Outlet),workable,unknown,unstated,2026-06-15T00:00:00.000Z,2026-08-31T20:25:01.743Z,2026-09-29,2026-09-29
e25cef47-8daa-4699-b1d1-c0f6e8ac4755,Solarvest,Talent Acquisition Intern,workable,unknown,unstated,2026-08-06T00:00:00.000Z,2026-08-31T20:49:56.751Z,2026-09-29,2026-09-29
e2606811-b3d0-43cd-9f3a-2a3032cfd9d1,Two95 International Inc.,Talent Acquisition Internship,workable,unknown,unstated,2024-04-18T00:00:00.000Z,2026-08-31T21:09:07.765Z,2026-09-29,2026-09-29
e29e53a9-b837-4566-bb8d-764ec824319e,Destinus,Propulsion Test Traineeship/ Internship,workable,non_us,unstated,2026-08-12T00:00:00.000Z,2026-08-31T04:29:29.187Z,2026-09-29,2026-09-29
e2a31010-f0fd-4a7b-b4c7-665d7474b449,Het Notarieel,Werkstudent Vastgoed,recruitee,non_us,unstated,2026-07-21T08:07:12.000Z,2026-09-02T17:29:04.969Z,2026-09-29,2026-09-29
e2abe575-721a-4424-a74a-87e770933b06,Samsara,Account Development Representative Intern - Atlanta,greenhouse,us,unstated,2026-09-25T20:07:56.000Z,2026-09-01T19:49:48.970Z,2026-09-29,2026-09-29
e2bd94a5-2a7f-4251-b621-f1de638bcd6a,CFO Insights,Global Internship Program at CFO Insights,greenhouse,non_us,unstated,2026-08-28T05:17:20.000Z,2026-09-17T14:33:08.074Z,2026-09-29,2026-09-29
e34021a4-b890-41f3-a60c-69c0a9fd2d94,Bybit,[Intern] Test Development Engineer Intern,greenhouse,non_us,unstated,2026-09-09T10:33:37.000Z,2026-09-17T04:25:43.717Z,2026-09-29,2026-09-29
e342c256-2113-4bf3-ab76-97910de5895e,neo Kanzlei,Praktikant in der Wirtschaftsprüfung (m/w/d),recruitee,non_us,unstated,2026-07-30T12:21:20.000Z,2026-08-31T04:30:09.633Z,2026-09-29,2026-09-29
e376f78d-22db-4d70-b462-271eda21cd90,Retail Insights,Project Management Internship at Retail Insights,greenhouse,non_us,unstated,2026-08-28T05:17:05.000Z,2026-09-08T02:41:43.604Z,2026-09-29,2026-09-29
e3a8cf41-f6a6-45c5-87c4-2a2c4d0a1e82,Interactive Strategies,Web Content Strategy Intern,workable,us,unstated,2026-09-10T00:00:00.000Z,2026-09-11T00:30:11.561Z,2026-09-29,2026-09-29
e3c49b76-a0e2-4740-954d-9b250f881161,GRVTY,2027 Intern & New Graduate Pipeline Opportunity,greenhouse,us,refuses,2026-09-21T13:39:20.000Z,2026-09-19T22:49:18.658Z,2026-09-29,2026-09-29
e3d235a9-bcbf-46bf-93cc-8f606a109f7c,Ballast Nedam,Stage Civiele Techniek Werkvoorbereiding Bouwkuipen,recruitee,non_us,unstated,2026-05-07T20:22:29.000Z,2026-08-31T04:07:03.836Z,2026-09-29,2026-09-29
e419e8f2-69f5-4413-baa6-dfc5d87d2709,Zipline,Technical Writer Intern,greenhouse,us,unstated,2026-09-17T17:05:10.000Z,2026-09-19T08:08:31.082Z,2026-09-29,2026-09-29
e424c034-91a5-43e4-a2ed-ebbf93942eae,Funding Societies | Modalku Group,Process Automation Intern (October-December 2026),workable,non_us,unstated,2026-08-05T00:00:00.000Z,2026-08-31T04:38:02.474Z,2026-09-29,2026-09-29
e45a5b3a-0e10-4d38-b78a-2156b06b50b4,DLE.energy,Commercieel Stagiair (kennis van A.I. is een pré),recruitee,non_us,unstated,2026-05-11T08:25:10.000Z,2026-08-31T04:13:39.803Z,2026-09-29,2026-09-29
e45f8e92-219b-4fd6-aa9d-9dd6f41b3efe,Schonfeld,2027 DMFI Quant Research Intern,greenhouse,non_us,unstated,2026-09-22T13:15:59.000Z,2026-09-09T02:53:48.889Z,2026-09-29,2026-09-29
e4a9a70c-0aa6-4ea6-9ee0-d01093824f21,CloudCommerce,Graphic Design Intern [Cloudmall - Tuff],breezy,non_us,unstated,2026-09-02T03:50:44.274Z,2026-08-31T04:13:39.029Z,2026-09-29,2026-09-29
e4b237dd-929e-4b63-bae7-82a224b1fdd5,Gallup,Fintech Intern — Summer 2027,greenhouse,unknown,refuses,2026-09-16T19:06:11.000Z,2026-09-19T10:26:35.376Z,2026-09-29,2026-09-29
e4b8f6e5-27a0-4fc2-9b34-cd8c854793a4,Retail Insights,Entrepreneur in Residence Intern (French speaker) Retail Insights,greenhouse,non_us,unstated,2026-08-28T05:15:23.000Z,2026-09-08T02:41:43.604Z,2026-09-29,2026-09-29
e4c43293-0e03-4600-8d01-3f9db7fa3bf4,Interstates,Apprentice Electrician Tech College Intern - National Travel,greenhouse,unknown,unstated,2026-09-16T19:58:35.000Z,2026-09-11T15:38:57.058Z,2026-09-29,2026-09-29
e4d7290e-8737-4805-90bf-4e18d1ddcc12,everdrop GmbH,Werkstudent:in Customer Support & Community Management | Sprachen: DE & EN + FR/ IT oder PL (m/w/d),recruitee,non_us,unstated,2026-03-27T13:54:09.000Z,2026-08-31T22:11:46.435Z,2026-09-29,2026-09-29
e4fac897-8c9a-4914-a91f-1dac83a3dd10,Consigli Construction,Estimating Intern (Summer 2027),workable,us,unstated,2026-08-26T00:00:00.000Z,2026-08-31T04:24:01.655Z,2026-09-29,2026-09-29
e4fc2f19-71f4-4cd1-baab-bb8bfff6043c,Jump Trading,Campus Systems Engineer (Intern),greenhouse,us,unstated,2026-08-18T22:28:47.000Z,2026-09-01T19:49:42.704Z,2026-09-29,2026-09-29
e50a91bd-95cd-4b0e-9cf1-242ff223b1a1,Benesch,Structural Engineering Internship,greenhouse,us,unstated,2026-09-15T17:21:57.000Z,2026-09-15T12:10:06.929Z,2026-09-29,2026-09-29
e511a9f0-3566-469c-ba0f-a254bcbd8fe9,BACKHAUS SCHRÖER GmbH,Praktikum Fachverkäufer/in im Lebensmittelhandwerk,recruitee,non_us,unstated,2025-08-29T09:05:56.000Z,2026-09-02T16:18:37.351Z,2026-09-29,2026-09-29
e531f77b-ef6b-48fc-9498-76854747aa0b,moomoo,Administrative & Operations Intern,workable,non_us,unstated,2026-08-05T00:00:00.000Z,2026-08-31T20:25:01.743Z,2026-09-29,2026-09-29
e5436088-9370-4040-871b-bdcce1346299,AlixPartners,Praktikum im Consulting - Turnaround & Restructuring (m/w/d),greenhouse,non_us,unstated,2026-09-03T08:13:49.000Z,2026-09-15T11:09:16.408Z,2026-09-29,2026-09-29
e56348df-dd07-4590-b5ad-942f82170d78,SÜDKURIER Medienhaus,Praktikant (m/w/d) im Bereich touristische Medien & Projekte,recruitee,non_us,unstated,2026-03-11T07:41:06.000Z,2026-08-31T04:36:42.505Z,2026-09-29,2026-09-29
e56a86f3-250e-4b5a-8fd9-2a4212a107e3,Hotel TwentySeven,Stagiair(e) Reserveringen,recruitee,non_us,unstated,2026-09-28T13:12:17.000Z,2026-09-29T15:28:04.177Z,2026-09-29,2026-09-29
e5915776-b3ef-4ae2-a7eb-bd5702975f67,Bybit,Animator Intern,greenhouse,non_us,unstated,2026-09-11T15:36:20.000Z,2026-09-17T04:25:43.717Z,2026-09-29,2026-09-29
e5979d8b-635c-475e-8944-03db05410bf4,LABEYRIE FINE FOODS,"Stage - Assistant.e HSE (Hygiène, Sécurité et Environnement) H/F",recruitee,non_us,unstated,2026-09-18T12:44:02.000Z,2026-09-19T07:42:42.262Z,2026-09-29,2026-09-29
e5a3b2a8-99c1-47a2-8c75-fee65a6efd01,Cello,Stagiair gehandicaptenzorg (hbo),recruitee,non_us,unstated,2026-03-18T15:25:17.000Z,2026-08-31T04:09:41.112Z,2026-09-29,2026-09-29
e5ce00fe-bb2d-4db8-983c-8cb97985ad60,Lunet,Stage bij Lunet,recruitee,non_us,unstated,2025-09-30T14:15:26.000Z,2026-08-31T22:30:07.886Z,2026-09-29,2026-09-29
e5cfd7ef-8eea-435b-a8ad-e378ceb02f08,Cornelissen Aannemingsbedrijf B.V.,Stage HR,recruitee,non_us,unstated,2026-06-17T13:56:43.000Z,2026-08-31T04:10:55.805Z,2026-09-29,2026-09-29
e5e9bf9e-6642-4aae-8ce6-02a698fe66ff,Benesch,Bridge Design Co-op,greenhouse,us,unstated,2026-09-15T17:21:57.000Z,2026-09-15T12:10:06.929Z,2026-09-29,2026-09-29
e6277e44-a3a5-4fa8-be32-1a3631eb5041,Theras,Tirocinio in Theras,recruitee,non_us,unstated,2026-01-12T08:44:52.000Z,2026-08-31T05:18:22.843Z,2026-09-29,2026-09-29
e655fd46-b053-49b1-ab5a-11665242f32c,Jump Trading,Campus FPGA Engineer (Intern),greenhouse,non_us,unstated,2026-08-18T22:16:59.000Z,2026-09-01T19:49:42.704Z,2026-09-29,2026-09-29
e66f3d0a-837d-4010-a999-72d5f57bb1c0,Consigli Construction,Project Management Co-op (Spring 2027),workable,us,unstated,2026-07-06T00:00:00.000Z,2026-08-31T04:24:01.655Z,2026-09-29,2026-09-29
e672f815-f3d2-479d-8dfc-80c85eb95f8a,Devsinc,BD Coordination Intern,workable,unknown,unstated,2026-03-30T00:00:00.000Z,2026-09-01T09:14:28.957Z,2026-09-29,2026-09-29
e6838f3d-5e5d-499f-be31-ba0d136f8a19,"Mercari, inc.","Class of 2028, 28卒対象 / UI/UX Designer(Internship)- Mercari Group",workable,non_us,unstated,2026-05-13T00:00:00.000Z,2026-08-31T16:30:19.700Z,2026-09-29,2026-09-29
e6b3d75a-e2b3-4b02-bfc4-9359cbf4286f,Consigli Construction,Project Management Intern (Summer 2027),workable,us,unstated,2026-09-09T00:00:00.000Z,2026-09-09T16:12:04.571Z,2026-09-29,2026-09-29
e6b5a2b3-d008-40f5-9657-45b71e9a75d1,Nord-Ostsee Automobile,Praktikum im Center Neuruppin (m/w/d),recruitee,non_us,unstated,2026-07-15T06:28:04.000Z,2026-09-02T17:29:57.069Z,2026-09-29,2026-09-29
e6d74638-da96-44b2-a2a4-f1e32a1ddc61,Amber-Green Facilities SL,Internship Brand Partnership Success - German Market,recruitee,non_us,unstated,2026-09-17T08:03:10.000Z,2026-09-18T02:37:23.299Z,2026-09-29,2026-09-29
e6dffc05-8f71-4034-8873-64b8b58b0460,Consigli Construction,Arch Direct Intern (Summer 2027),workable,us,unstated,2026-08-26T00:00:00.000Z,2026-08-31T04:24:01.655Z,2026-09-29,2026-09-29
e6ebdf81-bf28-4cf2-94fd-481ea7803181,City Wide Facility Solutions,Business Operations Intern,workable,us,unstated,2026-09-22T00:00:00.000Z,2026-09-25T04:56:32.456Z,2026-09-29,2026-09-29
e6f04adf-1d24-4d2c-847e-7ad182a0fb10,Astranis,Software Defined Radio Hardware Intern (Winter 2027),greenhouse,us,refuses,2026-09-25T21:56:51.000Z,2026-09-25T07:27:18.212Z,2026-09-29,2026-09-29
e6f63aff-c1e3-409f-a209-76e6efc74c09,EQT Corporation,Water Infrastructure Engineering Intern,greenhouse,us,unstated,2026-09-24T18:11:43.000Z,2026-09-26T13:13:46.560Z,2026-09-29,2026-09-29
e7533455-bd21-4278-80cc-7572ffd2944f,"Huawei Technologies Canada Co., Ltd.",Intern Researcher - Embodied AI,recruitee,non_us,unstated,2025-01-17T18:25:30.000Z,2026-08-31T04:21:36.768Z,2026-09-29,2026-09-29
e757d2bb-37b1-4bd2-9c2b-d9b7023fbc93,HEMERIA,"Stage Ingénieur mécanique vol, simulation HAPS (F/H)",recruitee,non_us,unstated,2025-11-17T17:09:50.000Z,2026-08-31T04:18:28.254Z,2026-09-29,2026-09-29
e7b05038-9c66-4f19-ab2b-e0ab082bd19e,EQT Corporation,Commodities Trading Intern,greenhouse,unknown,refuses,2026-09-17T18:39:28.000Z,2026-09-18T02:02:09.719Z,2026-09-29,2026-09-29
e7df9bfb-460f-4086-8930-02ad14d7c147,Keywords Studios,Accounts Payable Intern,workable,non_us,unstated,2026-04-22T00:00:00.000Z,2026-08-31T20:20:23.487Z,2026-09-29,2026-09-29
e7e15882-3405-4d2c-895d-9c3c1e7dd2d2,Cara Care,Customer Care Expert Werkstudent:in (m/w/d),workable,non_us,unstated,2026-08-27T00:00:00.000Z,2026-08-31T04:17:27.956Z,2026-09-29,2026-09-29
e7e92ddf-a07a-4fdf-bf4e-826a3445dee4,Arabic.AI,HR Intern - Emirati National,workable,non_us,unstated,2026-09-15T00:00:00.000Z,2026-09-18T04:04:34.709Z,2026-09-29,2026-09-29
e816a2a4-43c1-43b1-89e5-71dabbc98f0a,EQT Corporation,Midstream Facilities Engineer Intern,greenhouse,us,unstated,2026-09-17T18:39:28.000Z,2026-09-18T02:02:09.719Z,2026-09-29,2026-09-29
e83ed9a7-1d88-4964-a6d8-73d280cb293d,moomoo,Marketing Intern,workable,non_us,unstated,2025-10-21T00:00:00.000Z,2026-08-31T20:25:01.743Z,2026-09-29,2026-09-29
e84d22d9-92ac-480e-a635-950436785b2d,Die Grenze BV,Stage/BBL Hoogeveen,recruitee,non_us,unstated,2025-05-30T13:06:00.000Z,2026-08-31T04:12:20.250Z,2026-09-29,2026-09-29
e873d03b-52e1-4536-a958-ee57a29bfd4f,vly,Werkstudent:in - Social Media / Content Creation,recruitee,non_us,unstated,2026-09-16T16:56:39.000Z,2026-09-18T02:24:32.957Z,2026-09-29,2026-09-29
e87b01cc-e393-46c5-bfc0-d7f163098e0d,Enterprise Properties,Architectural Engineering Internship,workable,us,unstated,2025-10-09T00:00:00.000Z,2026-08-31T04:31:20.020Z,2026-09-29,2026-09-29
e883d4b1-cd39-4264-97cb-868312e8236b,Zipline,Accounting Intern (Spring 2027),greenhouse,us,refuses,2026-09-17T17:05:10.000Z,2026-09-19T08:08:31.082Z,2026-09-29,2026-09-29
e8929ef8-f449-40d1-9c55-82f2e29b5ba3,SpaceX,Summer 2027 Business Operations Internship/Co-op,greenhouse,us,unstated,2026-09-01T23:48:33.000Z,2026-08-03T19:52:15.354Z,2026-09-29,2026-09-29
e8c19299-4986-482c-95c8-6630020db6ad,i-profile GmbH,Praktikant/Werkstudent Finanzplanung (m/w/d) im Health Care Consulting,recruitee,non_us,unstated,2026-04-23T09:30:05.000Z,2026-08-31T04:25:31.178Z,2026-09-29,2026-09-29
e90734bf-62f1-464c-840a-95543619d3d9,SpaceX,Spring 2027 Software Engineering Internship/Co-op,greenhouse,us,unstated,2026-09-01T23:48:33.000Z,2026-08-03T19:52:15.354Z,2026-09-29,2026-09-29
e9170012-bcd3-4221-8c87-f98435f131ca,AMI PARIS,Stage - Assistant.e Contrôle de gestion (Marketing Communication et Frais centraux) H/F,recruitee,non_us,unstated,2026-09-17T13:12:16.000Z,2026-09-18T02:42:45.815Z,2026-09-29,2026-09-29
e93c9d1c-5472-4512-8f74-990979e527e2,Crossroads Health,Clinical Intern-Master's Level,greenhouse,us,unstated,2026-09-21T16:22:42.000Z,2026-09-18T10:29:42.646Z,2026-09-29,2026-09-29
e9476015-8669-41b7-8fd9-ff6feba44191,Zipline,Commercial Implementation Intern (Summer 2027),greenhouse,us,refuses,2026-09-22T01:56:03.000Z,2026-09-22T12:45:52.152Z,2026-09-29,2026-09-29
e9b9fb9c-728b-431a-b7f7-fe9b13402a44,ALKU,Sales Internship Program,greenhouse,us,refuses,2026-09-25T15:25:55.000Z,2026-09-01T19:02:52.178Z,2026-09-29,2026-09-29
e9bb9e4b-7593-449d-9ee5-8bb89219752c,"Peak Retirement Planning, Inc.",Sales Intern,recruitee,us,unstated,2026-09-04T18:41:23.000Z,2026-09-04T20:26:20.884Z,2026-09-29,2026-09-29
ea0cff53-7420-4f2f-a28c-54ce74e8b573,Baringa,UK Summer Internship 2027 - Public Sector Consulting,greenhouse,non_us,refuses,2026-09-11T13:20:51.000Z,2026-09-16T03:45:02.336Z,2026-09-29,2026-09-29
ea1a55bf-fedf-4403-9188-b0bda171f4ec,Retail Insights,Management Graduate Program Intake (Scandinavian speaker) Retail Insights,greenhouse,non_us,unstated,2026-08-28T05:15:20.000Z,2026-09-08T02:41:43.604Z,2026-09-29,2026-09-29
ea1b12b0-9559-421f-bc35-68d29138f0e4,Intergas,Stageplaats bij Intergas 2027,recruitee,non_us,unstated,2026-08-31T10:47:35.000Z,2026-08-31T22:24:49.982Z,2026-09-29,2026-09-29
ea42f0fe-23c1-4a46-86ec-fb743b7b505a,We Are Social,Client Service Internship,workable,non_us,unstated,2026-09-07T00:00:00.000Z,2026-09-07T07:41:27.427Z,2026-09-29,2026-09-29
ea71c1cf-b22f-489f-b220-d521251b325d,SpaceX,Summer 2027 Engineering Internship/Co-op,greenhouse,us,unstated,2026-09-01T23:48:33.000Z,2026-08-03T19:52:15.354Z,2026-09-29,2026-09-29
ea744387-7a26-4519-97fc-5211cfce7987,Thorlabs,Werkstudent/in (m/w/d) - Logistik,workable,non_us,unstated,2026-08-21T00:00:00.000Z,2026-08-31T21:07:35.942Z,2026-09-29,2026-09-29
ea7b61e4-c21b-451f-af13-5632262cec24,epilot GmbH,Werkstudent:in Product Management (m/w/d),recruitee,non_us,unstated,2026-08-05T12:17:29.000Z,2026-08-31T04:16:12.301Z,2026-09-29,2026-09-29
ea85b3e5-a120-4181-a501-c51aa9677e22,Vreugdenhil Dairy Foods,Stage Food Safety & Microbiologie,recruitee,non_us,unstated,2026-07-02T08:46:03.000Z,2026-09-02T22:37:29.632Z,2026-09-29,2026-09-29
ea95f4ca-ca70-4361-92fc-4f04236d25f9,moomoo,Retail Operations Intern (Penang Outlet),workable,unknown,unstated,2026-06-15T00:00:00.000Z,2026-08-31T20:25:01.743Z,2026-09-29,2026-09-29
eaf920c2-6394-473d-86a1-6504421e62bd,SOLVIN information management GmbH,"Werkstudent im IT Consulting - Projektmanagement, Digitalisierung & Data Analytics (all genders)",recruitee,non_us,unstated,2026-07-02T09:16:40.000Z,2026-09-02T17:56:48.133Z,2026-09-29,2026-09-29
eb0e638f-97c6-4f04-9e21-aeebcecf6423,DiGeronimo Companies,Co-op/Internship (Independence Excavating),breezy,us,unstated,2026-09-02T18:28:09.917Z,2026-09-18T14:17:46.990Z,2026-09-29,2026-09-29
eb1b475c-cd07-45e1-8e0d-ef4f23001163,Prijsvrij Vakanties,Stage Software Developer,recruitee,non_us,unstated,2026-04-20T14:31:44.000Z,2026-08-31T04:32:38.894Z,2026-09-29,2026-09-29
eb292a26-de15-40af-b51d-a8f6bf64db59,Zipline,Quality & Manufacturing Intern (Spring 2027),greenhouse,us,unstated,2026-09-17T17:05:10.000Z,2026-09-19T08:08:31.082Z,2026-09-29,2026-09-29
eb3544db-0fe8-4157-a4fa-8d47ff3e3b19,Interstates,Estimating Intern,greenhouse,us,unstated,2026-09-16T19:58:35.000Z,2026-09-17T15:37:18.194Z,2026-09-29,2026-09-29
eb3ea62a-c202-408d-894a-da59952d077f,Wight & Company,Transportation & Infrastructure Intern (Design Focused) - Summer 2027,greenhouse,us,unstated,2026-09-01T13:37:54.000Z,2026-09-01T20:25:38.787Z,2026-09-29,2026-09-29
eb514320-a5fa-4e91-8f52-9fdeefb65fc1,CFO Insights,B2B marketing internship (Danish Speaker),greenhouse,non_us,unstated,2026-08-28T05:15:04.000Z,2026-09-17T14:33:08.074Z,2026-09-29,2026-09-29
eb68a67f-1ea3-427b-b0e4-20a5ba10e0fd,Nūmi,Intern in Downstream Processes,workable,non_us,unstated,2026-08-25T00:00:00.000Z,2026-08-31T20:27:03.683Z,2026-09-29,2026-09-29
ebcf170e-6f99-4783-adde-5eaa5b0ff77a,Zipline,Software Engineer Intern (Spring 2027),greenhouse,us,unstated,2026-09-17T17:05:10.000Z,2026-09-19T08:08:31.082Z,2026-09-29,2026-09-29
ebd0e57d-1537-4847-84d4-48657c27570b,"Huawei Technologies Canada Co., Ltd.",Co-op Engineer - Compiler,recruitee,non_us,unstated,2026-06-15T15:59:08.000Z,2026-08-31T04:21:36.768Z,2026-09-29,2026-09-29
ebf5da29-2ccb-44d2-a476-844615223c11,Appier,"Account Operations Intern, Seoul",greenhouse,non_us,unstated,2026-09-11T12:27:13.000Z,2026-09-15T17:31:55.321Z,2026-09-29,2026-09-29
ec2ea4c3-a82c-4905-87c4-9f584a81a739,Iza Noodle Production GmbH,Küchenhilfe (m/w/d)  - Vollzeit / Teilzeit / Minijob / Werkstudent,recruitee,non_us,unstated,2026-09-23T09:24:32.000Z,2026-09-25T13:42:03.572Z,2026-09-29,2026-09-29
ec42080a-3cb7-4add-a05e-521bb678726c,Stadtwerke Esslingen am Neckar GmbH & Co. KG,Praktikum - Bewerbung,recruitee,non_us,unstated,2018-11-21T08:16:52.000Z,2026-08-31T04:38:10.902Z,2026-09-29,2026-09-29
ec4a0bce-ab84-4082-a55b-cd59eb88cdd0,DoorDash USA,Machine Learning Intern (PhD) - Summer 2027,greenhouse,us,unstated,2026-09-28T14:02:49.000Z,2026-09-26T21:09:25.675Z,2026-09-29,2026-09-29
ec4c4a22-3a30-4ace-b906-d26eed892ecb,Guess Europe Sagl,Marketing Intern,workable,non_us,unstated,2026-09-21T00:00:00.000Z,2026-09-22T12:15:56.716Z,2026-09-29,2026-09-29
ec9359d2-55fe-423a-91f8-5bb8c8c55096,Univers,Sales Development Intern (Munich) - German Speaker,breezy,non_us,unstated,2026-07-27T15:01:32.268Z,2026-09-02T17:28:31.937Z,2026-09-29,2026-09-29
ec948cd4-f8c9-4d45-8a91-c2e9079ff691,EQT Corporation,Operations Accounting Intern,greenhouse,unknown,unstated,2026-09-17T18:39:28.000Z,2026-09-11T18:22:54.717Z,2026-09-29,2026-09-29
ec94f697-ffa9-450f-b8d3-718be93ba82b,CMTelematics,Internships at CMT,greenhouse,us,unstated,2026-08-04T15:42:49.000Z,2026-08-31T04:24:11.832Z,2026-09-29,2026-09-29
eca39456-f6bd-4a0d-9de4-54e11b85b3dc,SKYTREE,Stagiair(e) Business Development,recruitee,non_us,unstated,2026-09-25T13:47:54.000Z,2026-09-27T03:22:39.107Z,2026-09-29,2026-09-29
ecd92106-fb4d-4381-af23-e4ae40743321,SageSure,Actuarial Intern,greenhouse,us,unstated,2026-09-18T15:09:02.000Z,2026-09-11T18:59:15.897Z,2026-09-29,2026-09-29
ecf74729-50ab-4721-bbd3-648146af82c6,Mediengruppe Pressedruck,Praktikanten (w/m/d) Radiojournalismus,recruitee,non_us,unstated,2025-07-08T12:18:57.000Z,2026-08-31T04:32:43.521Z,2026-09-29,2026-09-29
ecfefa12-5a32-40bf-a844-b47fd1d8cdbf,forward earth,"Founder's Associate Intern - Growth, Sales & AI",recruitee,non_us,unstated,2026-07-21T12:36:02.000Z,2026-08-31T04:18:31.966Z,2026-09-29,2026-09-29
ed067958-15ad-4cb5-9662-dd0e9c570e6b,Mental Care Group,Stage Orthopedagogiek / Psychologie - Zoetermeer,recruitee,non_us,unstated,2026-09-29T08:33:23.000Z,2026-09-29T17:06:46.251Z,2026-09-29,2026-09-29
ed12ad97-810e-49de-8ede-80b1a12b5e21,"Huawei Technologies Canada Co., Ltd.",Intern Researcher - AI/ML Technology Insight and Planning,recruitee,non_us,unstated,2026-06-15T18:14:03.000Z,2026-08-31T04:21:36.768Z,2026-09-29,2026-09-29
ed1ddc48-00b2-4d5c-b2f2-3e1ceea60d8b,Jump Trading,Campus Quantitative Researcher (M1/M2 Intern),greenhouse,non_us,unstated,2026-08-28T10:41:48.000Z,2026-09-01T19:49:42.704Z,2026-09-29,2026-09-29
ed681a40-fc9d-448b-9bf6-872865da9089,Gallup,IT Help Desk/Technology Support Specialist Intern — Summer 2027,greenhouse,unknown,refuses,2026-09-16T19:07:57.000Z,2026-09-19T10:26:35.376Z,2026-09-29,2026-09-29
ed77ea82-b8b1-4307-a41f-92d928dffb2d,Vivium,VA Zorgprofessional+ Verpleegkundige,recruitee,non_us,unstated,2024-03-05T16:00:52.000Z,2026-08-31T13:36:00.478Z,2026-09-29,2026-09-29
edbfdf51-1411-4ebf-a784-1ecb55522385,Perry Homes,"2027 Summer Construction Management Internship - Austin, TX",workable,us,unstated,2026-09-16T00:00:00.000Z,2026-09-17T20:34:23.088Z,2026-09-29,2026-09-29
eddd33ee-d332-4817-8034-ac1255b9dbb1,Ballast Nedam,Stage Onderzoek Funderingen Wegenbouw,recruitee,non_us,unstated,2026-03-26T12:25:39.000Z,2026-08-31T04:07:03.836Z,2026-09-29,2026-09-29
edf23e24-2201-4469-a94a-79f29187534d,Monzo,Associate Data Scientist - Intern,greenhouse,non_us,refuses,2026-09-28T09:41:09.000Z,2026-09-29T14:28:03.484Z,2026-09-29,2026-09-29
edfa666a-3dc6-4a60-80af-1dc8025871bc,Quandela,Internship: Experimental Scientist junior - optics & electronics (H2/2026),workable,non_us,unstated,2026-05-11T00:00:00.000Z,2026-08-31T20:45:08.144Z,2026-09-29,2026-09-29
ee2173f0-82f6-452f-bc26-8406d7609029,mylo,Employer Branding Intern,workable,non_us,unstated,2026-09-22T00:00:00.000Z,2026-09-24T05:04:49.315Z,2026-09-29,2026-09-29
ee452cf7-254a-402f-9142-cf508cef3f24,SpaceX,Summer 2027 Silicon Engineering Internship/Co-op,greenhouse,us,unstated,2026-09-01T23:48:33.000Z,2026-08-03T19:52:15.354Z,2026-09-29,2026-09-29
ee4ad072-dc3e-43ca-9d7c-676f0556bd65,Hotel De L'Europe B.V.,Butler Intern,recruitee,non_us,unstated,2026-03-17T08:08:50.000Z,2026-08-31T04:13:39.743Z,2026-09-29,2026-09-29
ee5230ec-2571-4e27-9922-5ec369991bea,Vermetten | accountants en adviseurs,Werkstudent Accountancy,recruitee,non_us,unstated,2024-11-19T11:47:24.000Z,2026-08-31T13:36:03.396Z,2026-09-29,2026-09-29
eea62cd3-3f00-4cf9-8359-c8320cd6dcff,EquipmentShare,Intern: Accounting,greenhouse,us,unstated,2026-09-28T12:52:25.000Z,2026-09-28T14:02:54.919Z,2026-09-29,2026-09-29
eea638b8-eba8-4ad3-ab56-069d14034e8a,Astranis,Antenna Intern (Summer 2027),greenhouse,us,refuses,2026-09-25T21:56:38.000Z,2026-09-25T07:27:18.212Z,2026-09-29,2026-09-29
eeacb8a6-370d-4735-9ac0-0c43dbad90b9,Consultport,Finance & Operations Intern (m/f/d),recruitee,non_us,unstated,2025-04-09T13:12:32.000Z,2026-08-31T04:10:52.694Z,2026-09-29,2026-09-29
eec616f9-0b44-4d03-aa11-ed43b54321b7,Direct Result DE,Werkstudent in Sales (m/w/d),recruitee,non_us,unstated,2025-02-07T13:46:59.000Z,2026-09-02T17:28:35.162Z,2026-09-29,2026-09-29
ef031124-983a-42c4-bfdd-d8b7d837ae58,Oostendorp Groep,Finance & Control Mbo-stage,recruitee,non_us,unstated,2026-06-30T12:37:08.000Z,2026-09-02T17:30:02.340Z,2026-09-29,2026-09-29
ef186a94-e582-4e22-9e32-b44e282e249d,Shift Technology,Data Science internship - Spanish speaker (6months),greenhouse,non_us,unstated,2026-08-21T11:26:05.000Z,2026-08-31T20:11:59.678Z,2026-09-29,2026-09-29
ef1d93cf-0a84-49eb-8267-464f4b2f183e,Temus,Corporate Affairs Intern (Sep - Dec 2026),greenhouse,non_us,unstated,2026-09-01T03:32:03.000Z,2026-09-28T06:16:13.214Z,2026-09-29,2026-09-29
ef350dea-82b5-4e23-88d5-f7bbb19ac733,talentpluto,Forward Deployed Engineering Intern,workable,us,unstated,2026-09-11T00:00:00.000Z,2026-09-12T04:07:01.239Z,2026-09-29,2026-09-29
ef5abfe4-2022-406a-abd3-64065627895b,DRW,AI/ML Research Intern,greenhouse,non_us,unstated,2026-08-19T21:04:51.000Z,2026-08-03T20:13:54.595Z,2026-09-29,2026-09-29
ef62c871-c15a-4467-aead-001e8b8cbd8f,HelloFresh,Delivery Operations Business Analyst Intern France et Benelux(M/F/X),greenhouse,non_us,unstated,2026-05-26T19:12:05.000Z,2026-09-01T19:49:50.072Z,2026-09-29,2026-09-29
ef648186-b319-44e6-a12c-471f83bed068,Iris van Herpen BV,Atelier internship,recruitee,non_us,unstated,2020-02-29T23:47:42.000Z,2026-08-31T22:26:53.189Z,2026-09-29,2026-09-29
ef6f7e88-fbfb-4e28-be55-8b202e3db5ea,Interstates,Instrumentation & Electrical Intern - National Travel,greenhouse,unknown,unstated,2026-09-16T19:58:35.000Z,2026-09-09T21:23:46.590Z,2026-09-29,2026-09-29
ef77e9c9-a89f-4d61-a288-61ae606bbf0b,AlphaSights,"Summer Internship Program, Client Service (2027 Start)",greenhouse,non_us,unstated,2026-09-22T02:58:18.000Z,2026-09-15T09:26:29.832Z,2026-09-29,2026-09-29
efa082cf-cd5a-4872-9130-db469622780a,LV Collective,"Intern, Paid Media Marketing",workable,us,unstated,2026-08-17T00:00:00.000Z,2026-08-31T20:22:51.493Z,2026-09-29,2026-09-29
efc40893-ef55-4e7c-a6bb-b7eb2ac4a785,Direct Result DE,Werkstudent in Sales (m/w/d),recruitee,non_us,unstated,2025-08-20T17:37:47.000Z,2026-09-02T17:28:35.162Z,2026-09-29,2026-09-29
efee65ad-78d4-4cb9-bc2d-f24472813d21,OGARAJETS,Intern,workable,us,unstated,2026-09-24T00:00:00.000Z,2026-09-25T04:04:45.517Z,2026-09-29,2026-09-29
f027660c-dee7-4fe0-9e22-217efc707ec6,LeydenJar Technologies,Looking for internship possibilities?,recruitee,non_us,unstated,2025-01-13T13:48:24.000Z,2026-08-31T04:25:27.539Z,2026-09-29,2026-09-29
f0277b1e-35a1-4705-8dc5-b03181bf9e41,SumUp,Motion Design Intern - Brand & Marketing,greenhouse,non_us,unstated,2026-09-22T12:18:21.000Z,2026-09-27T17:23:36.915Z,2026-09-29,2026-09-29
f03b9beb-4633-4830-998a-6d82dc869125,Eintracht Frankfurt Fußball AG,Praktikant Digitalzentrum Arena of IoT (m/w/d),recruitee,non_us,unstated,2026-09-04T10:05:00.000Z,2026-09-04T11:16:55.227Z,2026-09-29,2026-09-29
f083e981-045b-4874-92e6-bdfe5f4b5f64,SKYTREE,HR & People Operations Intern,recruitee,non_us,refuses,2026-09-21T09:33:16.000Z,2026-09-22T05:50:21.753Z,2026-09-29,2026-09-29
f09ab2d0-6a41-4ada-a483-eaa90e56438e,Mediengruppe Pressedruck,Werkstudent (m/w/d) Personalentwicklung,recruitee,non_us,unstated,2026-09-14T09:24:29.000Z,2026-09-15T14:40:26.303Z,2026-09-29,2026-09-29
f0b5bddb-35f4-4372-922b-441ade4326d0,Steer,Transport modeler - Internship,workable,non_us,unstated,2026-09-22T00:00:00.000Z,2026-09-24T12:02:50.133Z,2026-09-29,2026-09-29
f0c5add2-1ba1-423c-a387-2583ca2258ab,CFO Insights,Global Internship Program (Spanish speaker) CFO Insights,greenhouse,non_us,unstated,2026-08-28T05:15:23.000Z,2026-09-17T14:33:08.074Z,2026-09-29,2026-09-29
f0d4c221-5e8b-4047-a150-63f9fbd9d50e,Interbrand,Praktikum Brand Design // Intern Brand Design (all genders),greenhouse,unknown,unstated,2026-09-25T15:54:06.000Z,2026-09-26T23:00:40.122Z,2026-09-29,2026-09-29
f0de15a7-bf6a-4114-a393-100788970e06,BenQ Europe B.V.,Service Administration Intern,recruitee,non_us,unstated,2026-09-23T11:19:56.000Z,2026-09-24T18:31:43.337Z,2026-09-29,2026-09-29
f0e7be38-bdb0-44e3-b209-d8950f9f0e51,Griffis Residential,Property Management Summer Internship,greenhouse,us,unstated,2026-09-21T15:25:24.000Z,2026-09-15T05:03:27.488Z,2026-09-29,2026-09-29
f0eecdac-a80d-49b0-9f79-3e03fc0f02a9,Perry Homes,2027 Summer Internship - New Home Starts,workable,us,unstated,2026-08-31T00:00:00.000Z,2026-08-31T20:29:12.667Z,2026-09-29,2026-09-29
f0f8a8d8-7c93-42d8-96bc-46887b34f91e,CloudCommerce,Operation Customer Service Intern (ประจำคลัง),breezy,unknown,unstated,2026-09-02T03:56:43.914Z,2026-08-31T04:13:39.029Z,2026-09-29,2026-09-29
f0f968de-5430-4870-8658-d0337df5563d,SageSure,Actuarial Intern,greenhouse,us,unstated,2026-09-11T19:38:23.000Z,2026-09-09T12:24:06.170Z,2026-09-29,2026-09-29
f1185dfb-d5ba-4bf7-a884-29aed9100aa9,i-profile GmbH,Praktikant (m/w/d) IT-Beratung & Systemintegration,recruitee,non_us,unstated,2025-05-19T08:16:55.000Z,2026-08-31T04:25:31.178Z,2026-09-29,2026-09-29
f12316d4-5a3c-4711-97f5-7816ec2f76b5,Hydrive Engineering GmbH,Praktikum Steuerungs- und Regelungstechnik/ Automatisierung (m/w/d),recruitee,non_us,unstated,2023-06-27T09:26:44.000Z,2026-08-31T04:22:49.016Z,2026-09-29,2026-09-29
f16303b6-79e8-4197-a9a6-29ffc75055e6,Van Lanschot Kempen,Structured Investments Sales Stage,recruitee,non_us,unstated,2026-09-17T07:08:42.000Z,2026-09-18T00:44:17.720Z,2026-09-29,2026-09-29
f1a3bc8a-fe8f-42c6-91ac-4ed57e08d5f7,Asksuite,Estágio em Marketing,recruitee,non_us,unstated,2026-05-28T17:58:14.000Z,2026-08-31T21:54:46.289Z,2026-09-29,2026-09-29
f1ae43d1-2aef-4681-9687-223b96d54e27,Lucidya,Activations and amp Campaigns Intern,workable,non_us,unstated,2026-08-31T00:00:00.000Z,2026-08-31T16:31:05.062Z,2026-09-29,2026-09-29
f1cbafea-1cf7-420f-8206-63f98749379d,CENSUS SA,Internship: IT Systems & AI Ops,breezy,non_us,unstated,2026-09-11T09:48:43.182Z,2026-09-03T18:12:41.646Z,2026-09-29,2026-09-29
f218fc7b-4492-41bd-a3ac-816f36c8db6d,Geoprobe Systems®,Engineering Intern,workable,us,unstated,2026-09-01T00:00:00.000Z,2026-09-01T19:51:07.818Z,2026-09-29,2026-09-29
f2476d7a-a0ed-45ac-af5f-e040b08f9488,Third Bridge,"Client Services Intern, Japan Team (Shanghai Based)",greenhouse,non_us,unstated,2026-07-17T08:41:03.000Z,2026-09-28T15:39:44.022Z,2026-09-29,2026-09-29
f268dc7c-7f48-4ab1-84f7-93b1085b84b8,Solarvest,Business Development Intern,workable,unknown,unstated,2025-12-17T00:00:00.000Z,2026-08-31T20:49:56.751Z,2026-09-29,2026-09-29
f295c47d-4840-4ba1-86c6-0c8f2a8db52c,Bybit,[Intern] Big Data Development Engineer Intern,greenhouse,non_us,unstated,2026-09-10T02:50:15.000Z,2026-09-17T04:25:43.717Z,2026-09-29,2026-09-29
f2a85ffa-c2ee-420f-8e85-39d7430bc70b,AbCellera,Laboratory Operations Intern (12-month Co-op/Internship),greenhouse,non_us,unstated,2026-09-28T05:50:52.000Z,2026-09-28T10:37:10.937Z,2026-09-29,2026-09-29
f2b46cec-14fa-40d3-a836-11cdb6d3bd1e,Heritage Holdings,Fund Finance Internship,greenhouse,non_us,unstated,2026-09-22T13:07:56.000Z,2026-09-23T21:52:36.298Z,2026-09-29,2026-09-29
f2b9c9ee-52b8-4ac8-a673-851a074532c6,"Huawei Technologies Canada Co., Ltd.",Co-op Researcher - AI Computing System,recruitee,non_us,unstated,2026-04-01T22:52:15.000Z,2026-08-31T04:21:36.768Z,2026-09-29,2026-09-29
f31238c0-61e1-4229-bf3a-44ff4e9eaae0,Invest International,Intern AI - IT & Change,recruitee,non_us,unstated,2026-09-17T09:06:05.000Z,2026-09-18T10:50:12.570Z,2026-09-29,2026-09-29
f3280c40-2774-46df-9613-75cae7e43ecc,DoorDash Canada,"Software Engineer, Intern (Summer 2027) - TOR",greenhouse,non_us,unstated,2026-09-28T14:03:17.000Z,2026-09-15T01:12:35.806Z,2026-09-29,2026-09-29
f3527e14-44cd-45a8-8172-326bf655b07e,Freiheit Media GmbH,Werkstudent Content Creation & Social Media (m/w/d),recruitee,non_us,unstated,2026-09-24T09:15:59.000Z,2026-09-25T04:13:23.065Z,2026-09-29,2026-09-29
f36d12d2-155b-4f61-805d-ecdae1162fa6,Novo Nordisk Foundation,Internship Global & Public Health,workable,non_us,unstated,2026-09-14T00:00:00.000Z,2026-09-14T18:24:18.723Z,2026-09-29,2026-09-29
f3d880d5-5200-43f9-b8a9-d1f2a7c5a044,benuta GmbH,Aushilfe im Outlet als Midijobber oder Werkstudent (m/w/d),recruitee,non_us,unstated,2026-08-27T12:17:54.000Z,2026-08-31T04:08:21.237Z,2026-09-29,2026-09-29
f3f79917-2438-42eb-8822-542fac067a34,Costello Medical,Graphic Design Intern,workable,non_us,refuses,2026-09-25T00:00:00.000Z,2026-09-29T15:50:01.442Z,2026-09-29,2026-09-29
f3fddb84-69c7-43c7-9910-b4d8d99f9a1b,My Jewellery,Werkstudent Berlin (m/w/d),recruitee,non_us,unstated,2026-09-17T15:19:57.000Z,2026-09-18T13:24:59.803Z,2026-09-29,2026-09-29
f4210a97-effc-4ae3-bfb5-1e67ef3866f8,Matt Sleeps,Stagiair Creative Content - september '26 - januari '27,recruitee,non_us,unstated,2026-07-06T10:18:09.000Z,2026-08-31T04:28:35.096Z,2026-09-29,2026-09-29
f43f6bae-2a94-46e2-888e-c2bc37124ecc,Solarvest,Project Intern,workable,unknown,unstated,2026-05-26T00:00:00.000Z,2026-08-31T20:49:56.751Z,2026-09-29,2026-09-29
f4492603-5206-4606-93b9-18560e8770d3,Knutson Construction,Project Engineer Intern - Summer 2027,breezy,us,unstated,2026-09-03T14:08:54.530Z,2026-09-19T06:55:28.080Z,2026-09-29,2026-09-29
f44cb9c9-d072-4b29-a997-d2ceea199ebe,Attain Sports,Aberdeen IronBirds Summer Internship,greenhouse,us,unstated,2026-04-28T17:22:23.000Z,2026-08-31T04:14:53.472Z,2026-09-29,2026-09-29
f4695b75-0941-4130-bc7f-4b0989781a32,HP IQ,"Software Engineering Intern, AML Platform (Summer 2027)",greenhouse,us,unstated,2026-09-01T02:47:03.000Z,2026-09-01T09:13:55.963Z,2026-09-29,2026-09-29
f48364da-3f47-4552-9dce-39e248ab7fae,Benesch,Bridge Design & Structural Engineering Internship,greenhouse,us,unstated,2026-09-15T17:21:57.000Z,2026-09-15T12:10:06.929Z,2026-09-29,2026-09-29
f4883652-8a66-4af2-a954-f6466ccb5e02,ZipRecruiter,Software Engineer - Intern,greenhouse,us,unstated,2026-09-23T19:03:20.000Z,2026-09-23T21:35:04.591Z,2026-09-29,2026-09-29
f4c7c9fa-3b33-457e-a231-9d1130c80c14,ODK Media,Advertising Business Intern (Unpaid),workable,us,unstated,2026-07-22T00:00:00.000Z,2026-08-31T20:27:20.255Z,2026-09-29,2026-09-29
f4e044ec-2a86-4040-98a2-7d34f74e2437,Point72,Summer 2027 Quantitative Research Internship,greenhouse,us,unstated,2026-09-15T21:33:58.000Z,2026-09-01T19:49:27.998Z,2026-09-29,2026-09-29
f4fdcd2b-e999-498e-9ff2-46dd9307b328,Diverse Computing,"Junior Systems & Network Administrator - Internship (Tallahassee, FL)",workable,us,refuses,2026-09-24T00:00:00.000Z,2026-09-25T06:14:14.260Z,2026-09-29,2026-09-29
f512044b-2161-49d3-bca7-64280c64a774,Zonnehuisgroep Amstelland,Stage (BOL) Amstelveen,recruitee,non_us,unstated,2023-11-27T15:23:17.000Z,2026-08-31T13:37:20.622Z,2026-09-29,2026-09-29
f5243663-2140-44ff-bc50-9103a1fd8786,Die Grenze BV,Stage/BBL 's-Heerenberg,recruitee,non_us,unstated,2024-10-21T10:02:07.000Z,2026-08-31T04:12:20.250Z,2026-09-29,2026-09-29
f527829e-abb6-4d69-9ea9-bbf0a49521fc,Walibi Holland,BOL- Leerling Medewerker Hovenier,recruitee,non_us,unstated,2026-05-12T09:56:03.000Z,2026-08-31T21:32:20.022Z,2026-09-29,2026-09-29
f5463ba3-252d-4f47-a22b-66b75ea6f948,Fonteynenburg,Stage GGZ (hbo social work 3e of 4e jaars),recruitee,non_us,unstated,2026-06-18T14:12:45.000Z,2026-08-31T04:18:31.171Z,2026-09-29,2026-09-29
f546cdfe-cddb-4e8a-9cd3-52e6f4d88a01,Centric,Open sollicitatie: Meeloop- of afstudeerstage (IT),recruitee,non_us,unstated,2026-09-01T08:25:52.000Z,2026-09-01T19:02:28.713Z,2026-09-29,2026-09-29
f54bf9f6-fed7-4ead-958c-09554b72d361,fairlife,Engineering Utilities Intern (Summer 2027),greenhouse,us,unstated,2026-09-04T19:10:42.000Z,2026-09-19T08:04:45.019Z,2026-09-29,2026-09-29
f5597f7f-f18f-4785-8904-8b591c1d6efa,INEOS Automotive,Stagiaires pour nos services (H/F),workable,non_us,unstated,2026-09-08T00:00:00.000Z,2026-09-08T08:26:47.819Z,2026-09-29,2026-09-29
f57d5fb4-1127-4334-9633-ef0218d5644b,F.H. Paschen,Construction Intern - Tampa Summer 2027,workable,us,unstated,2026-08-21T00:00:00.000Z,2026-08-31T04:34:43.688Z,2026-09-29,2026-09-29
f58c4f34-801a-4ff8-ab95-db139737fd62,BeamNG GmbH,Automotive Engineering Intern - Formula Student Simulation & Dynamics,workable,non_us,unstated,2026-07-28T00:00:00.000Z,2026-08-31T04:13:56.732Z,2026-09-29,2026-09-29
f591a1ac-5b79-4127-8cb3-112cd592526d,Die Grenze BV,Stage/BBL Ulft,recruitee,non_us,unstated,2024-10-21T10:04:21.000Z,2026-08-31T04:12:20.250Z,2026-09-29,2026-09-29
f5c2b10f-e5e5-4562-b109-088489f08cc5,Pacific Fusion,Summer 2027 Internship- Mechanical Engineering,greenhouse,us,unstated,2026-09-10T22:38:31.000Z,2026-09-10T00:51:50.242Z,2026-09-29,2026-09-29
f6242209-8a0a-4c6e-ae33-7cff4c134cdd,Parfumado,Brand Management Intern,recruitee,non_us,unstated,2026-07-16T12:23:27.000Z,2026-08-31T04:32:42.563Z,2026-09-29,2026-09-29
f62a4b8c-dfd7-466c-bdaa-1e8ecae2f619,Astranis,Production Quality Intern (Summer 2027),greenhouse,us,refuses,2026-09-25T21:56:47.000Z,2026-09-19T07:49:16.402Z,2026-09-29,2026-09-29
f630f84e-885b-4e29-97e0-c753664068fd,GermanZero e.V.,Praktikum im Bereich Kommunikation und lokaler Klimaschutz (3 Monate),recruitee,non_us,unstated,2026-09-01T15:22:49.000Z,2026-09-01T19:09:43.919Z,2026-09-29,2026-09-29
f64b4a28-54d7-4bd3-880f-05670559d2d3,OnLogic,Firmware Engineering Co-op,workable,us,refuses,2026-09-01T00:00:00.000Z,2026-09-01T19:57:08.972Z,2026-09-29,2026-09-29
f64d7b2d-4ff5-41ce-9dc9-7870c994cae9,Fireclay Partners,Internship - Investment Banking Summer Associate (Summer 2027),breezy,us,unstated,2026-09-26T13:44:21.531Z,2026-09-11T09:41:21.612Z,2026-09-29,2026-09-29
f64e0da0-7de4-4d98-89c4-a8521eba070d,Consigli Construction,Project Management Co-op (Spring 2027),workable,us,unstated,2026-07-06T00:00:00.000Z,2026-08-31T04:24:01.655Z,2026-09-29,2026-09-29
f65a63fa-3494-4511-81d0-65e7d66eee71,Solarvest,QSHE Intern (Central Region Based),workable,unknown,unstated,2026-02-11T00:00:00.000Z,2026-08-31T20:49:56.751Z,2026-09-29,2026-09-29
f6608ac7-f9b9-46a3-b39e-63258bde0dc9,Van der Valk Hotel Stein-Urmond,Stage mogelijkheden,recruitee,non_us,unstated,2026-08-13T11:03:18.000Z,2026-08-31T04:22:51.173Z,2026-09-29,2026-09-29
f664d524-f4f2-44b0-b8e9-70622b807f49,Temus,AI/Data Intern (May - Dec 2026),greenhouse,non_us,unstated,2026-07-15T01:45:26.000Z,2026-09-28T06:16:13.214Z,2026-09-29,2026-09-29
f6ad1ed7-3776-41c9-adf0-aa9e97f7ed03,Kaufman Rossin,Business Consulting Services Intern - Spring 2027,workable,us,unstated,2026-09-01T00:00:00.000Z,2026-09-01T20:11:41.280Z,2026-09-29,2026-09-29
f6c11b22-c0df-4a4c-a309-d766589451c2,Holzland Becker,Werkstudent (w/m/d) Software Development,recruitee,non_us,unstated,2026-03-27T20:34:29.000Z,2026-08-31T04:20:07.861Z,2026-09-29,2026-09-29
f6c3f2ef-50e5-4677-811f-c9a3ba45ed41,Direct Result DE,Werkstudent in Sales (m/w/d),recruitee,non_us,unstated,2025-08-20T17:31:26.000Z,2026-09-02T17:28:35.162Z,2026-09-29,2026-09-29
f6d1505c-e1e2-4c85-9027-2727e9daea47,AMI PARIS,Stage - Développement Retail & Excellence Opérationnelle,recruitee,non_us,unstated,2026-09-24T13:40:53.000Z,2026-09-24T16:11:41.439Z,2026-09-29,2026-09-29
f6d2e768-caef-4a94-8644-82a292511658,Hudson River Trading,PhD Winter Internship - 2027,greenhouse,us,unstated,2026-09-19T00:02:16.000Z,2026-09-19T07:26:19.102Z,2026-09-29,2026-09-29
f6d2f37a-971c-4d8d-9b5f-20b1043a46f1,VIRO Group,Stage Machinebouw VIRO Echt,recruitee,non_us,unstated,2026-09-07T09:12:38.000Z,2026-09-08T13:04:49.151Z,2026-09-29,2026-09-29
f6db2421-86ca-40da-ac03-e7151bbdecc3,Felsburg Holt & Ullevig,Transportation Design Internship - I0028,workable,us,unstated,2026-09-14T00:00:00.000Z,2026-09-15T23:50:07.350Z,2026-09-29,2026-09-29
f6e8ab5a-5516-44bd-8fa8-c1d1180cfd60,Black Diamond Networks,Sales Internship (MA),recruitee,us,unstated,2025-12-23T15:47:03.000Z,2026-08-31T04:08:24.083Z,2026-09-29,2026-09-29
f6eceaf4-3cf2-4288-a3d8-d9ecf9f44291,TYTAN Technologies GmbH,Trainee lawyer / research assistant (Referendar),recruitee,non_us,unstated,2026-08-11T13:45:08.000Z,2026-08-31T13:37:25.107Z,2026-09-29,2026-09-29
f72c8016-6a59-475b-a9c2-bb2df3431254,Enfinity Global,Corporate Finance Intern,workable,us,unstated,2026-04-21T00:00:00.000Z,2026-08-31T04:32:29.878Z,2026-09-29,2026-09-29
f72cc2c5-e34d-4867-b916-2cd2e06d598c,Dentons,Internship - Litigation and Dispute Resolution Team - Rome,workable,non_us,unstated,2026-05-19T00:00:00.000Z,2026-08-31T04:27:13.654Z,2026-09-29,2026-09-29
f7507665-efc1-485f-85b9-8218fbb0c508,Tippmann Group,2027 Spring Co-Op - Construction Project Manager  (Traveling Position),breezy,us,unstated,2026-09-17T15:54:30.762Z,2026-09-18T07:43:50.187Z,2026-09-29,2026-09-29
f757f00b-0ea1-4c73-8911-9854ed9180fd,Quandela,Strategy & CEO Office intern,workable,non_us,unstated,2026-09-24T00:00:00.000Z,2026-09-26T07:42:37.864Z,2026-09-29,2026-09-29
f770f467-59c4-4e4d-ac46-3bbf7077bc64,Die Grenze BV,Stage/BBL Uden,recruitee,non_us,unstated,2024-10-21T09:39:58.000Z,2026-08-31T04:12:20.250Z,2026-09-29,2026-09-29
f7824888-5380-4c81-b2a0-dc1c97e05bcb,The Quality Group GmbH,Werkstudent (gn) Qualitätsmanagement,greenhouse,non_us,unstated,2026-08-06T08:02:54.000Z,2026-09-28T14:05:37.906Z,2026-09-29,2026-09-29
f7af1bc0-458d-4af0-a8db-ac11b6b9663d,Mach Industries,"Summer 2027 Engineering Internship, Software/GNC",greenhouse,us,unstated,2026-09-25T18:13:37.000Z,2026-09-26T06:45:00.072Z,2026-09-29,2026-09-29
f7c742ee-1f2d-4dd9-ba05-5fe7f56867ea,INSIDE M2M GmbH,Werkstudent (M/W/D),recruitee,non_us,unstated,2026-09-21T09:19:47.000Z,2026-09-22T11:59:15.322Z,2026-09-29,2026-09-29
f7cd09fd-21b7-42b8-bed9-86987436501d,inovex GmbH,Werkstudent:in* im Bereich Data & AI,recruitee,non_us,unstated,2026-06-22T06:29:41.000Z,2026-08-31T04:22:52.444Z,2026-09-29,2026-09-29
f7e9ec10-d974-4663-ba56-5b2812d83f42,Wight & Company,Building Electrical Engineering Intern - Summer 2027,greenhouse,us,unstated,2026-09-01T13:30:06.000Z,2026-09-01T20:25:38.787Z,2026-09-29,2026-09-29
f7f2e49a-8d61-4797-a227-b37bdf9d8695,Univers,Procurement Intern,breezy,non_us,unstated,2026-08-04T09:55:40.469Z,2026-09-02T17:28:31.937Z,2026-09-29,2026-09-29
f7fa7e3b-5e2b-4f2a-8be7-ab3f9aee6ee2,Hotel De L'Europe B.V.,Spa Intern,recruitee,non_us,unstated,2026-06-05T07:55:53.000Z,2026-08-31T04:13:39.743Z,2026-09-29,2026-09-29
f83e4ad6-da06-4ad3-b1a4-9616009fb416,SKYTREE,Internship: R&D Engineer - Carbon Capture materials testing,recruitee,non_us,refuses,2026-06-24T17:00:21.000Z,2026-08-31T04:35:18.301Z,2026-09-29,2026-09-29
f846fbf6-9492-4524-af8c-b2a88a46916c,"Love, Bonito",Marketing Intern,workable,non_us,unstated,2026-05-26T00:00:00.000Z,2026-08-31T20:22:38.281Z,2026-09-29,2026-09-29
f865a26a-5c89-4761-9abc-891fe6ad316e,Neuralink,"Software Engineer Intern, Infrastructure",greenhouse,us,unstated,2026-09-25T01:18:21.000Z,2026-09-08T00:24:09.614Z,2026-09-29,2026-09-29
f8b61269-a8f7-432b-9793-ccf238a6b9d1,Angkas,Agile Delivery Coordinator Intern,workable,non_us,unstated,2026-09-24T00:00:00.000Z,2026-09-24T22:14:55.015Z,2026-09-29,2026-09-29
f8dbdcc7-f84b-4dfc-ba6f-51a77e2d4170,vb&t Groep,Werkstudent Administratief Medewerker Vastgoedinspecties,recruitee,non_us,unstated,2026-07-28T12:48:07.000Z,2026-08-31T13:36:00.351Z,2026-09-29,2026-09-29
f8e5f434-2cce-4844-b260-97f4abafbf82,EQT Corporation,Production Facility Engineering Intern,greenhouse,us,unstated,2026-09-22T13:17:07.000Z,2026-09-24T16:03:56.311Z,2026-09-29,2026-09-29
f957be49-c9e7-44a2-b488-3686ac6c8738,Jump Trading,Campus ML Research Engineer (Intern),greenhouse,non_us,unstated,2026-08-18T22:21:33.000Z,2026-09-01T19:49:42.704Z,2026-09-29,2026-09-29
f982210d-6ca9-4070-9b05-db1774d83537,Benesch,Civil Construction Engineering Internship,greenhouse,us,unstated,2026-09-15T17:21:57.000Z,2026-09-15T12:10:06.929Z,2026-09-29,2026-09-29
f9864dd3-428f-4586-995a-057241977d71,Felsburg Holt & Ullevig,Marketing & Communications Intern - I0029,workable,us,unstated,2026-09-14T00:00:00.000Z,2026-09-15T23:50:07.350Z,2026-09-29,2026-09-29
f9996ab7-1262-45c0-b312-11f93dacb771,Pacific Fusion,Summer 2027 Internship - Electrical Engineering,greenhouse,us,unstated,2026-09-11T17:07:10.000Z,2026-09-10T00:51:50.242Z,2026-09-29,2026-09-29
f9eead1b-429b-4eb2-bc93-30db617f8c7a,Symphony Communication Services,"Intern, Development Operations DevOps",greenhouse,non_us,unstated,2026-09-11T09:22:37.000Z,2026-09-27T20:03:28.448Z,2026-09-29,2026-09-29
fa07fe41-6c7b-42eb-b180-ceceea59ee0a,Veloretti BV,Photography Internship (Content Creator),recruitee,non_us,unstated,2026-09-11T07:27:19.000Z,2026-09-17T00:27:09.567Z,2026-09-29,2026-09-29
fa239fb2-af05-4a84-ba34-65d64c78b4fd,Perry Homes,"2027 Summer Construction Management Internship - Orlando, Florida",workable,us,unstated,2026-09-01T00:00:00.000Z,2026-09-01T20:20:43.614Z,2026-09-29,2026-09-29
fa343db9-3622-4392-8766-de41bfc235f7,ATLAS SP,Summer 2027 ASPire Enterprise Solutions Internship,greenhouse,us,unstated,2026-09-22T18:36:46.000Z,2026-09-24T05:00:31.024Z,2026-09-29,2026-09-29
fa4400a0-d855-40dd-a1c8-b929f4432167,CFO Insights,Danish Speaker intern,greenhouse,non_us,unstated,2026-08-28T05:15:04.000Z,2026-09-17T14:33:08.074Z,2026-09-29,2026-09-29
fa58a11d-5f96-4179-a807-e1cd91dfd699,Rentokil Initial,Service to Sales Intern- Pest Control and Hygiene Uganda,workable,unknown,unstated,2026-04-10T00:00:00.000Z,2026-08-31T20:46:02.511Z,2026-09-29,2026-09-29
fa8f53d3-a6d2-4155-8305-33c7198a0c7d,Zipline,Operations Experience Intern (Summer 2027),greenhouse,us,refuses,2026-09-17T17:05:10.000Z,2026-09-19T08:08:31.082Z,2026-09-29,2026-09-29
fad77499-3df7-4957-b819-abbcc9dec0b6,Growers United,Stagiair(e) Data Scientist,recruitee,non_us,unstated,2026-06-05T08:32:39.000Z,2026-09-02T17:28:53.876Z,2026-09-29,2026-09-29
fad7fa02-8d4c-47cb-8aea-0c8efeedd475,Eintracht Frankfurt Fußball AG,Pflichtpraktikant B2B/B2C Events (m/w/d),recruitee,non_us,unstated,2026-09-25T11:49:44.000Z,2026-09-25T13:27:20.151Z,2026-09-29,2026-09-29
fae0e420-8a2a-430a-9bfb-7d9833c6f248,Solarvest,Design and Development Intern,workable,unknown,unstated,2025-01-20T00:00:00.000Z,2026-08-31T20:49:56.751Z,2026-09-29,2026-09-29
faed54ec-fc3f-42b8-876f-c6eb26e37b50,Switcho Srl,Sales & Partnership Intern - Business Development Team,recruitee,non_us,unstated,2026-07-01T15:59:45.000Z,2026-08-31T04:36:41.488Z,2026-09-29,2026-09-29
fafd4ebc-5a14-4556-8030-74b8c88339cc,Zipline,Strategic Engagements & Events Intern (Spring 2027),greenhouse,us,refuses,2026-09-17T17:05:10.000Z,2026-09-19T08:08:31.082Z,2026-09-29,2026-09-29
fb144160-8810-44e2-94ef-ca873b774e4c,Jump Trading,Campus Software Engineer (Intern),greenhouse,non_us,unstated,2026-09-17T12:26:20.000Z,2026-09-01T19:49:42.704Z,2026-09-29,2026-09-29
fb643714-2acd-43c8-b0d2-6f8f89f0800c,"Love, Bonito",Collection Merchandising Intern,workable,non_us,unstated,2026-07-28T00:00:00.000Z,2026-08-31T20:22:38.281Z,2026-09-29,2026-09-29
fb7c7f45-0fe2-45b2-a367-670d3b8a1267,Jump Trading,"Campus AI Researcher, PhD/Postdoc (Intern)",greenhouse,non_us,unstated,2026-08-18T22:20:18.000Z,2026-09-01T19:49:42.704Z,2026-09-29,2026-09-29
fb8493df-ee9e-4548-a5cb-df4cbf0182c7,audibene / hear.com,Praktikant:in Business Development (m/w/d),greenhouse,non_us,unstated,2026-09-22T14:18:10.000Z,2026-09-10T16:34:26.407Z,2026-09-29,2026-09-29
fb8a7847-bb3b-4ea1-aab2-f257f0fdae4e,Consigli Construction,Field Operations Intern (Summer 2027),workable,us,unstated,2026-08-26T00:00:00.000Z,2026-08-31T04:24:01.655Z,2026-09-29,2026-09-29
fb8f8ad2-0ec5-4d59-8412-9afa793fdd61,EquipmentShare,Intern: Fleet Allocation Specialist,greenhouse,us,unstated,2026-09-21T23:28:30.000Z,2026-09-19T06:57:49.090Z,2026-09-29,2026-09-29
fb96c3b3-d083-454b-9d82-02046f7ae233,Tessera Labs,"Product Manager, Intern",ashby,us,unstated,2026-06-08T06:05:03.575Z,2026-09-26T07:05:11.330Z,2026-09-29,2026-09-29
fbacd0eb-81df-4ee2-ade8-95baf39dce01,moomoo,Unpaid - Integrated Marketing & Business Development Intern,workable,us,unstated,2026-09-08T00:00:00.000Z,2026-09-09T02:01:22.938Z,2026-09-29,2026-09-29
fbb6f2dc-57c3-4e9c-a191-c42947f59181,Retail Insights,Global Internship Program (French speaker) Retail Insights,greenhouse,non_us,unstated,2026-08-28T05:15:21.000Z,2026-09-08T02:41:43.604Z,2026-09-29,2026-09-29
fbcde46c-8307-40d6-9fd0-9d9a760d8b24,DoorDash USA,"Product Design, Intern (Summer 2027)",greenhouse,us,unstated,2026-09-28T14:02:49.000Z,2026-09-15T05:05:14.371Z,2026-09-29,2026-09-29
fbdec8d0-1ee9-411b-b532-cfef6301d10f,Friday Recruitment,Afstudeerstage Finance en Control,recruitee,non_us,unstated,2026-09-29T09:29:07.000Z,2026-09-29T14:03:14.139Z,2026-09-29,2026-09-29
fc167506-dd50-44c3-ba96-fc1cd5157c4c,Andgo Systems,People Ops Intern,greenhouse,non_us,unstated,2026-09-21T19:45:19.000Z,2026-09-22T02:32:15.830Z,2026-09-29,2026-09-29
fc19da8d-e00b-4144-8395-f4f86214a95f,Huiskes Kokkeler,Stagiair(e) KCC,recruitee,non_us,unstated,2026-04-22T09:23:05.000Z,2026-08-31T13:37:20.852Z,2026-09-29,2026-09-29
fc20318e-01cf-47ed-ac7b-b360d92a4f5b,Betsson Group,HR & Office Intern,greenhouse,non_us,unstated,2026-09-11T14:42:40.000Z,2026-09-09T22:41:11.160Z,2026-09-29,2026-09-29
fc4866d4-ae61-4a72-bb66-3ebaed01c11e,Tamatem,Intern - Video Editing & Motion Graphics,workable,non_us,unstated,2026-06-25T00:00:00.000Z,2026-08-31T21:05:32.438Z,2026-09-29,2026-09-29
fc575ddf-150e-4d27-9d22-b6aac464e7c3,RF-SMART,Product Engineering Software Developer Internship - Spring & Summer 2027,greenhouse,us,refuses,2026-09-22T19:42:42.000Z,2026-09-11T09:15:45.220Z,2026-09-29,2026-09-29
fc6273f6-cb12-4eab-8959-cd51db9c58b4,Solarvest,QSHE Intern (JB),workable,unknown,unstated,2025-08-07T00:00:00.000Z,2026-08-31T20:49:56.751Z,2026-09-29,2026-09-29
fc75f8a6-632a-480a-b892-d730413d5b6e,Zipline,Computational Physics Intern (Spring 2027),greenhouse,us,unstated,2026-09-17T17:05:10.000Z,2026-09-19T08:08:31.082Z,2026-09-29,2026-09-29
fc76f34c-f098-4109-9475-dd7f4efa1753,Point72,Quantitative Researcher Intern,greenhouse,us,unstated,2026-09-15T21:33:58.000Z,2026-09-01T19:49:27.998Z,2026-09-29,2026-09-29
fc8852cd-b28a-4ee7-be21-7093f9e9d552,Liquin,Meewerkstage IT,recruitee,non_us,unstated,2026-04-22T09:10:05.000Z,2026-09-02T17:29:40.089Z,2026-09-29,2026-09-29
fcc2e2ff-49c0-4b5d-baf5-f711b5c306ba,Control Risks,Vetting Coordinator Intern,workable,non_us,unstated,2026-09-18T00:00:00.000Z,2026-09-19T07:40:24.366Z,2026-09-29,2026-09-29
fcfecb0e-97a8-4f2f-845f-3634ae637741,General Matter,Summer 2027 Internship - Electrical Engineering,greenhouse,us,unstated,2026-09-21T23:44:18.000Z,2026-09-19T13:54:56.300Z,2026-09-29,2026-09-29
fd043400-7f00-4074-8ac4-f9a0da6bb333,Felsburg Holt & Ullevig,Transportation Planning Intern - I0025,workable,us,unstated,2026-09-14T00:00:00.000Z,2026-09-15T23:50:07.350Z,2026-09-29,2026-09-29
fd06cd34-3eb1-4900-817e-acff32185b99,Lincoln International,2027 M&A Summer Associate Intern,greenhouse,us,unstated,2026-09-09T20:35:11.000Z,2026-09-08T00:24:05.747Z,2026-09-29,2026-09-29
fd2ca257-9f04-4505-9033-7c838cea55dc,AlixPartners,Praktikum im Consulting - Industry & Performance Improvement (m/w/d),greenhouse,non_us,unstated,2026-09-03T08:11:59.000Z,2026-09-15T11:09:16.408Z,2026-09-29,2026-09-29
fd4a90b1-b8cf-4bfd-9a44-24e0232e4347,Friday Recruitment,Afstudeerstage Interne Automatisering,recruitee,non_us,unstated,2026-09-26T10:13:03.000Z,2026-09-26T23:14:24.997Z,2026-09-29,2026-09-29
fd5d28ca-8411-4e6f-b847-831d675a2e78,LV Collective,Marketing & Partnerships Intern | Rambler Blacksburg,workable,us,unstated,2026-09-02T00:00:00.000Z,2026-09-02T14:58:13.984Z,2026-09-29,2026-09-29
fd89850f-27ac-4870-b446-5115b00a1d3c,OHM Advisors,"Civil Engineering Intern (Hiring for May 2027) - Tennessee, Alabama & Florida",workable,us,unstated,2026-08-25T00:00:00.000Z,2026-08-31T21:33:34.111Z,2026-09-29,2026-09-29
fd9aa00d-da71-4777-9ff5-b8b8cff40596,Syntiant,Machine Learning Intern - KWS/AED,workable,us,unstated,2026-09-08T00:00:00.000Z,2026-09-09T02:17:07.094Z,2026-09-29,2026-09-29
fdffa7a7-5812-4a65-869f-419e47d36ec1,Suitsupply,Quality Intern,greenhouse,non_us,unstated,2026-09-15T05:03:16.000Z,2026-09-08T04:58:53.053Z,2026-09-29,2026-09-29
fe04fac2-5a37-44c9-bcce-a12e11590ea1,Rising Edge Group,Field Engineer Co-op,workable,us,unstated,2026-09-25T00:00:00.000Z,2026-09-26T08:14:27.276Z,2026-09-29,2026-09-29
fe601f33-b0fd-4053-8bb2-f92e192a38d3,Omnyacc Accountants & Adviseurs,Werkstudent Fiscaal,recruitee,non_us,unstated,2025-10-29T13:57:17.000Z,2026-08-31T04:31:26.037Z,2026-09-29,2026-09-29
fe6e4bae-cf1f-4ab8-a7d3-df25a7dee86c,ODK Media,Community / SEO Intern (Unpaid),workable,us,unstated,2026-07-15T00:00:00.000Z,2026-08-31T20:27:20.255Z,2026-09-29,2026-09-29
fe7a3844-0389-4d18-ab8f-34abb8ff9831,Evolver,Applied Data Science Intern,greenhouse,us,unstated,2026-09-09T11:40:52.000Z,2026-09-01T09:13:56.385Z,2026-09-29,2026-09-29
fe893aa3-4c79-4bed-92e8-c41d94075db4,GoodHabitz,HR Internship - (Talent Acquisition),workable,non_us,unstated,2026-07-09T00:00:00.000Z,2026-08-31T05:19:15.414Z,2026-09-29,2026-09-29
feb4201a-bec1-41f8-8ea8-3d5b967f0419,Dreamscape Learn,Client Success Management Intern (Unpaid for Course Credit Only),workable,us,unstated,2026-01-14T00:00:00.000Z,2026-08-31T04:28:10.899Z,2026-09-29,2026-09-29
febc4deb-f395-49eb-bbf2-bfc92da3a65a,Intrepid Asia,Livestream Engagement Intern,workable,non_us,unstated,2026-09-10T00:00:00.000Z,2026-09-10T16:12:54.347Z,2026-09-29,2026-09-29
feccf268-96f7-4233-8bdb-ac3b5cc03500,Hydrite,QC Lab Intern (Summer 2027),greenhouse,us,unstated,2026-09-09T20:29:42.000Z,2026-09-05T00:02:05.689Z,2026-09-29,2026-09-29
ff0827d1-c190-46ef-ba28-20cad932c00c,M Booth,"Fall Intern, Strategic Partnerships",greenhouse,us,unstated,2026-09-15T20:45:43.000Z,2026-09-18T08:14:42.707Z,2026-09-29,2026-09-29
ff50075b-39ef-49b7-af63-a0dd88e9833c,"Love, Bonito",HK Omni Channel Business Support Intern,workable,non_us,unstated,2023-08-10T00:00:00.000Z,2026-08-31T20:22:38.281Z,2026-09-29,2026-09-29
ff5a6196-e936-4f94-ae67-38330f95dde9,Centric,Open sollicitatie: Meeloop‑ of afstudeerstage (niet‑IT),recruitee,non_us,unstated,2026-09-01T08:25:22.000Z,2026-09-01T19:02:28.713Z,2026-09-29,2026-09-29
ff66e109-1634-4d5e-b0c2-f86d11c5c178,Zipline,Software Engineer Intern (Summer 2027),greenhouse,us,unstated,2026-09-17T17:05:10.000Z,2026-09-19T08:08:31.082Z,2026-09-29,2026-09-29
ff7b7bb6-2ca4-4441-9e81-5e0532e1c057,Interstates,Assistant Project Manager Intern (Summer 2027) - National Travel,greenhouse,us,unstated,2026-09-16T19:58:35.000Z,2026-09-09T21:23:46.590Z,2026-09-29,2026-09-29
ff7f0005-ec1a-4d12-8785-dd06c11514ce,SingleStore,MIT- Software Engineer Intern | Helios,greenhouse,us,offers,2026-09-22T22:41:45.000Z,2026-09-22T01:09:59.893Z,2026-09-29,2026-09-29
ffa58c49-375e-4397-baec-2cd79eab9c3b,Hotel De L'Europe B.V.,Food & Beverage Management Intern,recruitee,non_us,unstated,2026-01-16T13:47:49.000Z,2026-08-31T04:13:39.743Z,2026-09-29,2026-09-29
ffc91499-9666-4ebe-8325-6d9441490266,Peripass,Marketing Intern,recruitee,non_us,unstated,2026-01-26T20:37:33.000Z,2026-08-31T04:31:21.267Z,2026-09-29,2026-09-29
ffce1470-9d30-4a81-863c-2de17196f7b9,"Huawei Technologies Canada Co., Ltd.",Co-op Researcher - Physical AI,recruitee,non_us,unstated,2026-08-21T16:58:47.000Z,2026-08-31T04:21:36.768Z,2026-09-29,2026-09-29
fff721b9-4199-4a32-bb0d-a13b44b34a93,Terberg Special Vehicles,Werkstudent Parts Support,greenhouse,non_us,unstated,2026-09-21T07:19:25.000Z,2026-09-28T03:56:18.428Z,2026-09-29,2026-09-29
